Brand,Nama,Harga,Jumlah Review,Variasi,Foto Produk
Rare Beauty,Soft Pinch Luminous Powder Blush,Rp 559.000,(4314),6 shades,https://image-optimizer-id.production.sephora-asia.net/eyJlZGl0cyI6eyJyZXNpemUiOnt9fX0=/images/product_images/zoom_8_fe5dbbcea5ce7e2988b8c69bcfdfde8904aabc1f_1710315488.png
DIOR,Addict Lip Tint,Rp 720.000,(1343),13 shades,https://image-optimizer-id.production.sephora-asia.net/eyJlZGl0cyI6eyJyZXNpemUiOnt9fX0=/images/product_images/zoom_1_Product_3348901601429-Dior-Addict-No-Transfer-Lip-Tint-351-Natural-Nude_0796126c3e1ffa14bbc89dc730828a502ed08853_1666944857.png
Rare Beauty,Soft Pinch Liquid Blush,Rp 530.000,(29751),12 shades,https://image-optimizer-id.production.sephora-asia.net/eyJlZGl0cyI6eyJyZXNpemUiOnt9fX0=/images/product_images/zoom_1_Product_840122904929-Rare-Beauty-Soft-Pinch-Liquid-Blush-Hope_c514c77b227166606d8699dc88f0291bbc4be175_1680245801.png
Bobbi Brown,Vitamin Enriched Face Base - Moisturizer and Primer,Rp 1.200.000,(5645),3 sizes,https://image-optimizer-id.production.sephora-asia.net/eyJlZGl0cyI6eyJyZXNpemUiOnt9fX0=/images/product_images/zoom_1_ProductClean_716170027456-BOBBI-BROWN-Vitamin-Enriched-Face-Base---Moisturizer-and-Prime_dfa38d8f2564f2e7f016867555851255a5f60c90_1627052250.png
Rare Beauty,Soft Pinch Dewy Liquid Blush Mini (Limited Edition),Rp 330.000,(2346),2 shades,https://image-optimizer-id.production.sephora-asia.net/eyJlZGl0cyI6eyJyZXNpemUiOnt9fX0=/images/product_images/zoom_1_Product_840122906503-Rare-Beauty-Soft-Pinch-Dewy-Liquid-Bl_7425c28a7a61bff2319a6bea6eb14f8e267799ba_1749697644.png
Rare Beauty,Mini Soft Pinch Tinted Lip Oil,Rp 299.000,(72),5 shades,https://image-optimizer-id.production.sephora-asia.net/eyJlZGl0cyI6eyJyZXNpemUiOnt9fX0=/images/product_images/zoom_1_Product_840122908439-RARE-BEAUTY-Mini-Soft-Pinch-Tinted-Li_76b89fc798c100b01fb355725df5a5c04cdb34af_1756954375.png
Rare Beauty,Mini Soft Pinch Liquid Blush,Rp 330.000,(550),4 shades,https://image-optimizer-id.production.sephora-asia.net/eyJlZGl0cyI6eyJyZXNpemUiOnt9fX0=/images/product_images/zoom_1_Product_840122908682-RARE-BEAUTY-Mini-Soft-Pinch-Liquid-Bl_b70645dcf3ef149cb3f4183bfa70a1f094f16618_1756881545.png
DIOR,Rouge Dior Lipstick,Rp 800.000,(1103),36 shades,https://image-optimizer-id.production.sephora-asia.net/eyJlZGl0cyI6eyJyZXNpemUiOnt9fX0=/images/product_images/zoom_3348901738705_707_WITH_SHADOW_38a862236345dbee4161922f88d245750b1ad3e1_1722494918.png
NARS,Radiant Creamy Concealer,Rp 550.000,(12459),9 shades,https://image-optimizer-id.production.sephora-asia.net/eyJlZGl0cyI6eyJyZXNpemUiOnt9fX0=/images/product_images/zoom_1_Product_607845012320-Nars-Radiant-Creamy-Concealer-Vanilla---Tiny-cast-of-pink-for-the-f_8481283cfd4714e59a5fe9bd3f3aea330fd4808a_1603335796.png
DIOR,Backstage Rosy Glow Blush,Rp 800.000,(816),6 shades,https://image-optimizer-id.production.sephora-asia.net/eyJlZGl0cyI6eyJyZXNpemUiOnt9fX0=/images/product_images/zoom_1_Product_3348901770491-DIOR-Backstage-Rosy-Glow-Blush-001-P_63a06d5ce1d12bd567541c09f5184fd4715a8c81_1749780497.png
DIOR,Forever Skin Glow 24H Hydrating Radiant Foundation,Rp 1.200.000,(683),15 shades,https://image-optimizer-id.production.sephora-asia.net/eyJlZGl0cyI6eyJyZXNpemUiOnt9fX0=/images/product_images/zoom_2_Product_3348901578509-Dior-Forever-Skin-Glow-24H-Hydrating-Radiant-Foundation-00-Neutral_e80290a05948408e00305729bca057acb5ef7fd5_1644566089.png
Huda Beauty,Easy Bake Loose Powder,Rp 795.000,(17994),9 shades,https://image-optimizer-id.production.sephora-asia.net/eyJlZGl0cyI6eyJyZXNpemUiOnt9fX0=/images/product_images/zoom_1_Product_6294018406501-Huda-Beauty-Easy-Bake-Loose-Powder-U_8c412a4395d065bad29f12895da03df6a5099c72_1736740639.png
DIOR,Dior Backstage Eye Palette,Rp 1.000.000,(136),2 shades,https://image-optimizer-id.production.sephora-asia.net/eyJlZGl0cyI6eyJyZXNpemUiOnt9fX0=/images/product_images/zoom_1_Product_3348901674348-DIOR-Backstage-Eye-Palette-002-Smoky_91b843b5bc9ba674ed505878fd9d459ec40ecca0_1707968284.png
Yves Saint Laurent,Touche Éclat Glow-Pact Cushion,Rp 1.450.000,(104),6 shades,https://image-optimizer-id.production.sephora-asia.net/eyJlZGl0cyI6eyJyZXNpemUiOnt9fX0=/images/product_images/zoom_ysl_dmi_makf_fdt_te_glowpact_packshot_mini_front-opened_shad_767b209a836ee7a0b55f4827fb651c6921b2fd40_1724646117.png
DIOR,Addict Lip Glow Lip Balm (NEW),Rp 720.000,(1857),19 shades,https://image-optimizer-id.production.sephora-asia.net/eyJlZGl0cyI6eyJyZXNpemUiOnt9fX0=/images/product_images/zoom_1_Product_3348901737432-DIOR-Addict-Lip-Glow-Lip-Balm-000-Un_91fb7760387a3dcb0038debbed88df50d2570069_1735527197.png
MAC Cosmetics,M·A·Cximal Silky Matte Lipstick,Rp 455.000,(473),42 shades,https://image-optimizer-id.production.sephora-asia.net/eyJlZGl0cyI6eyJyZXNpemUiOnt9fX0=/images/product_images/zoom_1_Product_773602685165-MAC-Cosmetics-MACximal-Silky-Matte-Li_51e44494ef1fbbc34b7aac733d28e80cd1ec6f2b_1711970333.png
Yves Saint Laurent,LoveShine Candy Glaze,Rp 780.000,(2742),12 shades,https://image-optimizer-id.production.sephora-asia.net/eyJlZGl0cyI6eyJyZXNpemUiOnt9fX0=/images/product_images/zoom_1_Product_4936968876004-Yves-Saint-Laurent-Loveshine-Candy-G_42e2c90d4307977118e87bbe38d94edc713ab86a_1751870654.png
Rare Beauty,All Of The Above Weightless Eyeshadow Stick,Rp 470.000,(1266),6 shades,https://image-optimizer-id.production.sephora-asia.net/eyJlZGl0cyI6eyJyZXNpemUiOnt9fX0=/images/product_images/zoom_1_Product_840122906237-Rare-Beauty-All-Of-The-Above-Weightless-Eyeshadow-Stick-Compassion-_6a60e46e417b11588dba7d9c9191cea3c401d7e9_1692858566.png
Rare Beauty,Positive Light Silky Touch Highlighter,Rp 550.000,(7634),6 shades,https://image-optimizer-id.production.sephora-asia.net/eyJlZGl0cyI6eyJyZXNpemUiOnt9fX0=/images/product_images/zoom_1_Product_840122905421-Rare-Beauty-Positive-Light-Silky-Touch-Highlighter-Exhilarate_85eb70f54ae85cbda5f96272170dc146f85a390b_1680424995.png
DIOR,Forever Skin Correct High Perfection Concealer,Rp 880.000,(949),7 shades,https://image-optimizer-id.production.sephora-asia.net/eyJlZGl0cyI6eyJyZXNpemUiOnt9fX0=/images/product_images/zoom_1_Product_3348901637756-DIOR-Forever-Skin-Correct-High-Perfection-Concealer-0-Neutral_2b2e3c62899ea6e5b87bf76636b52c88aa6a58df_1678419817.png
MAC Cosmetics,M·A·Cximal Mini Silky Matte Lipstick,Rp 295.000,(115),6 shades,https://image-optimizer-id.production.sephora-asia.net/eyJlZGl0cyI6eyJyZXNpemUiOnt9fX0=/images/product_images/zoom_1_Product_773602697106-MAC-Cosmetics-M-A-Cximal-Silky-Matte-_5da7605c791a633db6c67592d8029f680b9ae69c_1727684807.png
Rare Beauty,Soft Pinch Tinted Lip Oil,Rp 435.000,(12344),8 shades,https://image-optimizer-id.production.sephora-asia.net/eyJlZGl0cyI6eyJyZXNpemUiOnt9fX0=/images/product_images/zoom_1_Product_840122905834-Rare-Beauty-Soft-Pinch-Tinted-Lip-Oil-Honesty_08e35c222627aef16e81c7f03c7d5b22cf352689_1681717367.png
DIOR,Addict Lip Maximizer Plumping Gloss,Rp 720.000,(3359),20 shades,https://image-optimizer-id.production.sephora-asia.net/eyJlZGl0cyI6eyJyZXNpemUiOnt9fX0=/images/product_images/zoom_1_Product_3348901635998-DIOR-Addict-Lip-Maximizer-Plumping-Gloss-001-Pink_9179c95dddefa65753b8542221d8ab9922195870_1672998308.png
Huda Beauty,Easy Bake Loose Powder Mini,Rp 470.000,(1637),6 shades,https://image-optimizer-id.production.sephora-asia.net/eyJlZGl0cyI6eyJyZXNpemUiOnt9fX0=/images/product_images/zoom_1_Product_6294018406532-Huda-Beauty-Easy-Bake-Loose-Powder-M_b1447ee9c6c7987f64a43ca56870799160951957_1755750730.png
MAC Cosmetics,Studio Fix Powder Plus Foundation Prefill,Rp 710.000,(39),9 shades,https://image-optimizer-id.production.sephora-asia.net/eyJlZGl0cyI6eyJyZXNpemUiOnt9fX0=/images/product_images/zoom_IMAGE01_773602736904_StudioFixPowderKaizen_Prefill_NC20_660fbcd02eeab2c338c45be5d60107132db56050_1747814435.png
Yves Saint Laurent,Touche Éclat Glow-Pact Cushion Refill,Rp 950.000,(23),6 shades,https://image-optimizer-id.production.sephora-asia.net/eyJlZGl0cyI6eyJyZXNpemUiOnt9fX0=/images/product_images/zoom_1_Product_4935421768542-Yves-Saint-Laurent-Touche-Eclat-Mesh_f951fab3844074346487ac7feb9f1075b322c92f_1711558200.png
Rare Beauty,Soft Pinch Liquid Contour,Rp 610.000,(2514),6 shades,https://image-optimizer-id.production.sephora-asia.net/eyJlZGl0cyI6eyJyZXNpemUiOnt9fX0=/images/product_images/zoom_1_Product_840122907234-Rare-Beauty-Soft-Pinch-Liquid-Contour_be2bc9c4e9ae08ade02467f6d01d4fdd61077c28_1736846909.png
NARS,Light Reflecting Foundation,Rp 880.000,(2676),24 shades,https://image-optimizer-id.production.sephora-asia.net/eyJlZGl0cyI6eyJyZXNpemUiOnt9fX0=/images/product_images/zoom_194251070384_1_c51dff334f0db087077c41662023e04c405e566a_1648542827.png
Anastasia Beverly Hills,Brow Wiz,Rp 485.000,(17273),12 shades,https://image-optimizer-id.production.sephora-asia.net/eyJlZGl0cyI6eyJyZXNpemUiOnt9fX0=/images/product_images/zoom_zoom_21586_AnastasiaBeverlyHills_BrowWiz_Blonde_WEB_2dec73f4faa15e2d460b0bd560e7f5216b514ed5_1603762800.png
Laura Mercier,Translucent Loose Setting Powder,Rp 930.000,(10150),2 shades,https://image-optimizer-id.production.sephora-asia.net/eyJlZGl0cyI6eyJyZXNpemUiOnt9fX0=/images/product_images/zoom_trans_2c17e4dbb357cb1ca3326a9a55ec68af53442481_1698037263.png
Estée Lauder,Double Wear Stay-in-Place Makeup SPF10 Foundation,Rp 880.000,(2505),14 shades,https://image-optimizer-id.production.sephora-asia.net/eyJlZGl0cyI6eyJyZXNpemUiOnt9fX0=/images/product_images/zoom_6291_EsteeLauder_Web_1c4f07537463ad48043127380bc851811f41d189_1686127834.png
Sephora Collection,Outrageous Plump Lip Gloss,"Rp 288.000
   Rp 230.400 
    20% OFF",(3834),8 shades,https://image-optimizer-id.production.sephora-asia.net/eyJlZGl0cyI6eyJyZXNpemUiOnt9fX0=/images/product_images/zoom_1_Product_3378872137023-Sephora-Collection-Outrageous-Plump-Lip-Gloss-07-Pink-Pout_275fa90bc18accb72ed950c63a7a53e0e91280b2_1661830839.png
Huda Beauty,#FauxFilter Color Corrector,Rp 625.000,(4491),7 shades,https://image-optimizer-id.production.sephora-asia.net/eyJlZGl0cyI6eyJyZXNpemUiOnt9fX0=/images/product_images/zoom_pink_pom_c5d49635b6456079cddc6b21f4ad731454a6ef6d_1689065147.png
Yves Saint Laurent,LoveShine Lipstick,Rp 780.000,(1416),23 shades,https://image-optimizer-id.production.sephora-asia.net/eyJlZGl0cyI6eyJyZXNpemUiOnt9fX0=/images/product_images/zoom_ysl_dmi_makl_ysl-loveshine-lipstick_packshot_front-opened_sh_de5579c352e364195907deacae0dc40128b11f29_1715957624.png
Yves Saint Laurent,Make Me Blush Bold Blurring Powder Blush,Rp 1.025.000,(730),8 shades,https://image-optimizer-id.production.sephora-asia.net/eyJlZGl0cyI6eyJyZXNpemUiOnt9fX0=/images/product_images/zoom_1_Product_3614274254372-Yves-Saint-Laurent-Make-Me-Blush-Bol_0b0ca6e9ce26cd5191e7a95c7f4cede4a1efc347_1739170972.png
Yves Saint Laurent,The Inks Vinyl Cream,Rp 800.000,(217),13 shades,https://image-optimizer-id.production.sephora-asia.net/eyJlZGl0cyI6eyJyZXNpemUiOnt9fX0=/images/product_images/zoom_444_9a3e61b6bcc8abec08f195526c3132d5a4a98cc0_1759218823.png
Yves Saint Laurent,Le Cushion Encre de Peau Refill,Rp 950.000,(34),6 shades,https://image-optimizer-id.production.sephora-asia.net/eyJlZGl0cyI6eyJyZXNpemUiOnt9fX0=/images/product_images/zoom_1_Product_4936968808470-Yves-Saint-Laurent-Cushion-Encre-De-_1d76fdc1b89dc08ae2b1475713c07c1eafe2a4ac_1711521674.png
Armani Beauty,Luminous Silk Foundation,Rp 1.250.000,(4486),18 shades,https://image-optimizer-id.production.sephora-asia.net/eyJlZGl0cyI6eyJyZXNpemUiOnt9fX0=/images/product_images/zoom_2_Product_3605521752505-Armani-Luminous-Silk-Foundation-6-25_8df32db70231fb4654a7da5ad5026ed32a6d88bc_1745562902.png
Rare Beauty,Positive Light Luminizing Lip Gloss,Rp 435.000,(1864),6 shades,https://image-optimizer-id.production.sephora-asia.net/eyJlZGl0cyI6eyJyZXNpemUiOnt9fX0=/images/product_images/zoom_1_Product_840122908644-Rare-Beauty-Positive-Light-Luminizing_f434d17f688e9929ca6b95dcb2db28b7bb1bba67_1753081812.png
DIOR,Rouge Dior Forever Liquid Lipstick,Rp 750.000,(1355),15 shades,https://image-optimizer-id.production.sephora-asia.net/eyJlZGl0cyI6eyJyZXNpemUiOnt9fX0=/images/product_images/zoom_3348901624404_6a5698381d48a9bcf19b884a6381b39c0c898a88_1664176793.png
Laura Mercier,Mini Translucent Loose Setting Powder,Rp 500.000,(1010),,https://image-optimizer-id.production.sephora-asia.net/eyJlZGl0cyI6eyJyZXNpemUiOnt9fX0=/images/product_images/zoom_foto_PDP_25__680c8a0fbb68f52bd30701fcdb8314a624318c54_1700810372.png
DIOR,Backstage Glow Maximizer Palette Multi-Use Highlighter and Blush Palette,Rp 990.000,(296),5 shades,https://image-optimizer-id.production.sephora-asia.net/eyJlZGl0cyI6eyJyZXNpemUiOnt9fX0=/images/product_images/zoom_1_Product_3348901770590-DIOR-Glow-Maximizer-Palette-005-Sunl_97a6337ea1a57914fdeedd6e2b25c0bcc2c60eae_1758868544.png
GIVENCHY,Prisme Libre Loose Powder Mini,Rp 605.000,(1023),5 shades,https://image-optimizer-id.production.sephora-asia.net/eyJlZGl0cyI6eyJyZXNpemUiOnt9fX0=/images/product_images/zoom_1_Product_3274872462823-GIVENCHY-Prisme-Libre-4-Color-Loose-_6689be0865fa065f36220dfcadf6e34eb641d240_1727922862.png
DIOR,Backstage Rosy Glow Stick Radiance,Rp 900.000,(875),6 shades,https://image-optimizer-id.production.sephora-asia.net/eyJlZGl0cyI6eyJyZXNpemUiOnt9fX0=/images/product_images/zoom_1_Product_3348901763004-DIOR-Backstage-Rosy-Glow-Stick-Radia_33026c8cfa5ba6349d36183d4f65a562127526c4_1749698628.png
ESQA,Slick Drip Serum Lip Tint,Rp 79.000,(39),8 shades,https://image-optimizer-id.production.sephora-asia.net/eyJlZGl0cyI6eyJyZXNpemUiOnt9fX0=/images/product_images/zoom_rose_souffle_ddbaa5b65c5a1ee861002d0a8fc88295fd0f00a2_1687246794.png
IT Cosmetics,CC+Cream Full-Coverage Foundation SPF 50,"Rp 835.000
   Rp 751.500 
    10% OFF",(2721),12 shades,https://image-optimizer-id.production.sephora-asia.net/eyJlZGl0cyI6eyJyZXNpemUiOnt9fX0=/images/product_images/zoom_1_Product_3605971979309-It-Cosmetics-CC_Cream-Full-Coverage-_76273fe71cb505e3b4c7f07f4cce43950c2ec525_1750048374.png
DIOR,Addict Shine 90% Natural Origin Refillable Lipstick,Rp 750.000,(321),24 shades,https://image-optimizer-id.production.sephora-asia.net/eyJlZGl0cyI6eyJyZXNpemUiOnt9fX0=/images/product_images/zoom_1_Product_3348901749435-DIOR-Addict-Shine-90-Natural-Origin-_1c51321ff7936231fe58754e3a06762f9f3a74c7_1747363799.png
Anastasia Beverly Hills,Mini Spice Palette,Rp 635.000,(189),,https://image-optimizer-id.production.sephora-asia.net/eyJlZGl0cyI6eyJyZXNpemUiOnt9fX0=/images/product_images/zoom_prd_Sea_request_52652_2024083008340937_689304199810_MiniSpic_9e886173f535d7c52080991095bbca5eafa0ecae_1726210728.png
Huda Beauty,Easy Bake Setting Spray,Rp 675.000,(1397),2 sizes,https://image-optimizer-id.production.sephora-asia.net/eyJlZGl0cyI6eyJyZXNpemUiOnt9fX0=/images/product_images/zoom_1_Product_6294018401964-Huda-Beauty-Easy-Bake-Setting-Spray-_b63a2df57fadd37acc27decbfe424a9d219b1a99_1743215991.png
Huda Beauty,Blush Filter,Rp 425.000,(4503),9 shades,https://image-optimizer-id.production.sephora-asia.net/eyJlZGl0cyI6eyJyZXNpemUiOnt9fX0=/images/product_images/zoom_1_Product_6294018407591-Huda-Beauty-Blush-Filter-Bubblegum_c909311c0cd8b77e8a8d1b9b7a4c18f5335ef139_1743216288.png
DIOR,Addict Lip Glow Butter High-Shine Lip Treatment,Rp 720.000,(1438),5 shades,https://image-optimizer-id.production.sephora-asia.net/eyJlZGl0cyI6eyJyZXNpemUiOnt9fX0=/images/product_images/zoom_1_Product_3348901770668-DIOR-Addict-Lip-Glow-Butter-High-Shi_f7839df21e9636e0237e4e104c0fd82a94658681_1749782674.png
Yves Saint Laurent,LoveShine Candy Glow,"Rp 750.000
   Rp 660.000 
    12% OFF",(1255),9 shades,https://image-optimizer-id.production.sephora-asia.net/eyJlZGl0cyI6eyJyZXNpemUiOnt9fX0=/images/product_images/zoom_1_Product_3614274306095-Yves-Saint-Laurent-Loveshine-Candy-G_3664c79202b92fcbd3eda07d40397436cbc7faf3_1751956722.png
NARS,Afterglow Liquid Blush,Rp 535.000,(711),9 shades,https://image-optimizer-id.production.sephora-asia.net/eyJlZGl0cyI6eyJyZXNpemUiOnt9fX0=/images/product_images/zoom_0194251146010_AfterglowLiquidBlush_Aragon_1_6847254341eae7133a733970f257a795462ffbf7_1719297142.png
DIOR,Addict Refillable Shine Lipstick,Rp 750.000,(1572),23 shades,https://image-optimizer-id.production.sephora-asia.net/eyJlZGl0cyI6eyJyZXNpemUiOnt9fX0=/images/product_images/zoom_3348901609760_1_48e33eaf7d618f6a0f1cfec1ffbf6e6b9e893edc_1649651864.png
LANEIGE,Glaze Craze Tinted Lip Serum,Rp 305.000,(1060),6 shades,https://image-optimizer-id.production.sephora-asia.net/eyJlZGl0cyI6eyJyZXNpemUiOnt9fX0=/images/product_images/zoom_1_Product_8809925177475-Laneige-Glaze-Craze-Tinted-Lip-Serum_034b57731adf2fd81409b65739bd0dcdc1e3c6c3_1750033460.png
Anastasia Beverly Hills,Dipbrow Pomade,Rp 445.000,(12770),10 shades,https://image-optimizer-id.production.sephora-asia.net/eyJlZGl0cyI6eyJyZXNpemUiOnt9fX0=/images/product_images/zoom_zoom_10427_AnastasiaBeverlyHills_WEB_c8160d5baef2b3005e8477304fa0b1a78153728f_1602589753.png
Rare Beauty,Positive Light Liquid Luminizer Mini (Limited Edition),Rp 385.000,(576),5 shades,https://image-optimizer-id.production.sephora-asia.net/eyJlZGl0cyI6eyJyZXNpemUiOnt9fX0=/images/product_images/zoom_1_Product_840122901874-Rare-Beauty-Positive-Light-Liquid-Lum_09c7988ae0263e473216b38f4f813cf71b8cdfbb_1726211723.png
Natasha Denona,HY-Glam Concealer,Rp 620.000,(2097),36 shades,https://image-optimizer-id.production.sephora-asia.net/eyJlZGl0cyI6eyJyZXNpemUiOnt9fX0=/images/product_images/zoom_1_Product_7290113704688-Natasha-Denona-HY-Glam-Concealer-N1-Fair-Neutral_7cafb4a6c7c8893d987cd558c52ab55873c17235_1686221411.png
Yves Saint Laurent,Le Cushion Encre De Peau Foundation,Rp 1.450.000,(75),6 shades,https://image-optimizer-id.production.sephora-asia.net/eyJlZGl0cyI6eyJyZXNpemUiOnt9fX0=/images/product_images/zoom_1_Product_4936968808333-Yves-Saint-Laurent-Le-Cushion-Encre-_45fa9be2f0ca85f214e757027025524e2865b247_1711512067.png
Rare Beauty,Soft Pinch Matte Bouncy Blush,Rp 559.000,(1910),7 shades,https://image-optimizer-id.production.sephora-asia.net/eyJlZGl0cyI6eyJyZXNpemUiOnt9fX0=/images/product_images/zoom_1_Product_840122907180-Rare-Beauty-Soft-Pinch-Matte-Bouncy-B_79be1624e71c2296072f12074a48baf7fbbb0b2b_1753086640.png
Benefit Cosmetics,The POREfessional Super Setter Setting Spray,Rp 615.000,(3460),2 sizes,https://image-optimizer-id.production.sephora-asia.net/eyJlZGl0cyI6eyJyZXNpemUiOnt9fX0=/images/product_images/zoom_1_Product_602004126573-Benefit-Cosmetics_8657b977d7514d07737415e72a2acc6edf7c5f39_1618903951.png
MAKE UP FOR EVER,HD Skin Powder Foundation,Rp 840.000,(2192),24 shades,https://image-optimizer-id.production.sephora-asia.net/eyJlZGl0cyI6eyJyZXNpemUiOnt9fX0=/images/product_images/zoom_1_Product_3548752194624-Make-Up-For-Ever-HD-Skin-Powder-Foundation-1N00_7bcf91ef8d894a056e498bcd5e5bc7f2ad928c61_1675138088.png
Rare Beauty,Perfect Strokes Universal Volumizing Mascara,Rp 432.000,(5822),2 sizes,https://image-optimizer-id.production.sephora-asia.net/eyJlZGl0cyI6eyJyZXNpemUiOnt9fX0=/images/product_images/zoom_1_Product_840122903212-Rare-Beauty-Perfect-Strokes-Universal-Volumizing-Mascara-13-5ml_35d81fb5539578b1b5f49950543594483659fb88_1680168639.png
MAKE UP FOR EVER,HD Skin Setting Powder,Rp 750.000,(526),8 shades,https://image-optimizer-id.production.sephora-asia.net/eyJlZGl0cyI6eyJyZXNpemUiOnt9fX0=/images/product_images/zoom_2_Product_3548752207560-Make-Up-For-Ever-HD-Skin-Setting-Pow_7ee9a2c1cd324f84b3f2d86afa034a1b21f1ebba_1713940920.png
Rare Beauty,Brow Harmony Flexible Lifting Gel,Rp 381.000,(1436),,https://image-optimizer-id.production.sephora-asia.net/eyJlZGl0cyI6eyJyZXNpemUiOnt9fX0=/images/product_images/zoom_1_Product_840122906640-RARE-BEAUTY-Brow-Harmony-Flexible-Lif_8d5861a1785aaed054a4d31805d9c3e6eb14cee9_1709107230.png
Sephora Collection,New Cream Lip Stain,Rp 288.000,(1712),40 shades,https://image-optimizer-id.production.sephora-asia.net/eyJlZGl0cyI6eyJyZXNpemUiOnt9fX0=/images/product_images/zoom_1_Product_3378872212713-Sephora-collection-New-Cream-Lip-Sta_7ffe883754a69add03144ca534aaceda5d2223ad_1729835950.png
NARS,The Multiple Blush,Rp 606.000,(336),12 shades,https://image-optimizer-id.production.sephora-asia.net/eyJlZGl0cyI6eyJyZXNpemUiOnt9fX0=/images/product_images/zoom_1_Product_194251146294-NARS-The-Multiple-Blush-Shade_e75b7892f8da16e003df790336a651175948b81e_1753346520.png
Yves Saint Laurent,All Hours Hyper Finish Setting Powder,"Rp 1.375.000
   Rp 1.210.000 
    12% OFF",(203),11 shades,https://image-optimizer-id.production.sephora-asia.net/eyJlZGl0cyI6eyJyZXNpemUiOnt9fX0=/images/product_images/zoom_1_Product_3614273997461-Yve-Saint-Laurent-All-Hours-Hyper-Fi_bd66686ed519791f88d42d15480468f19c3b08f5_1720175010.png
DIOR,Forever Cushion Powder,Rp 1.250.000,(255),5 shades,https://image-optimizer-id.production.sephora-asia.net/eyJlZGl0cyI6eyJyZXNpemUiOnt9fX0=/images/product_images/zoom_3348901506519_1_7408ca8dffa586f725c377371a8104f62325e4e8_1613405588.png
MAC Cosmetics,Fix+ Multitasking Setting Spray,Rp 330.000,(86),2 sizes,https://image-optimizer-id.production.sephora-asia.net/eyJlZGl0cyI6eyJyZXNpemUiOnt9fX0=/images/product_images/zoom_IMAGE01_773602710690_FixPlusOriginalOverhaul_30ml-Mini_1_300_93e3199763e287a3bc17c7f9e13b87f8c9d032cf_1718610731.png
Benefit Cosmetics,Mighty Fine Brow Pen,Rp 475.000,(951),8 shades,https://image-optimizer-id.production.sephora-asia.net/eyJlZGl0cyI6eyJyZXNpemUiOnt9fX0=/images/product_images/zoom_1_Product_602004156945-Benefit-Cosmetics-Mighty-Fine-Brow-Pe_228d7b60bccc8c0b7431ee2d6bef1eb0a678d039_1736828059.png
Sephora Collection,Nano Lip Liner,Rp 168.000,(3022),10 shades,https://image-optimizer-id.production.sephora-asia.net/eyJlZGl0cyI6eyJyZXNpemUiOnt9fX0=/images/product_images/zoom_8971_SephoraCollection_WEB_7e14f2fcebec35d5ba108c65a752d808a887a0ee_1603739978.png
Benefit Cosmetics,Hoola Matte Bronzer,Rp 980.000,(1585),3 sizes,https://image-optimizer-id.production.sephora-asia.net/eyJlZGl0cyI6eyJyZXNpemUiOnt9fX0=/images/product_images/zoom_1_Product_602004155665-Benefit-Cosmetics-Hoola-Bronzer-Jumbo_ccb76cf8565e30f0d6171795ec793fd99f4e5726_1720781151.png
Huda Beauty,Easy Blur Silicon-Free Smoothing Primer,Rp 350.000,(1673),2 sizes,https://image-optimizer-id.production.sephora-asia.net/eyJlZGl0cyI6eyJyZXNpemUiOnt9fX0=/images/product_images/zoom_1_Product_6294018407720-Huda-Beauty-Easy-Blur-Silicon-Free-S_067b4fade340591ff7e71f4731a60bb89e2de9cd_1756263858.png
Rare Beauty,True To Myself Tinted Pressed Finishing Powder,Rp 655.000,(2041),8 shades,https://image-optimizer-id.production.sephora-asia.net/eyJlZGl0cyI6eyJyZXNpemUiOnt9fX0=/images/product_images/zoom_1_Product_840122902031-Rare-Beauty-True-To-Myself-Tinted-Pre_a059a00a41f6f6e77fdc7b7e0a330f4c9688c6d1_1726135796.png
Sephora Collection,Express Waterproof Makeup Remover,Rp 132.000,(4114),2 sizes,https://image-optimizer-id.production.sephora-asia.net/eyJlZGl0cyI6eyJyZXNpemUiOnt9fX0=/images/product_images/zoom_1_Product_3378872250128-Sephora-collection-Express-Waterproo_33669efa593ff8d3d7987f3c1ed5bdbb5e55f5ce_1737434167.png
Yves Saint Laurent,The Inks Blur,Rp 800.000,(233),13 shades,https://image-optimizer-id.production.sephora-asia.net/eyJlZGl0cyI6eyJyZXNpemUiOnt9fX0=/images/product_images/zoom_237_3c331613a26f366446dd2bb9297a8b4104e340d5_1759217950.png
DIOR,Forever Blush Soft Filter,Rp 930.000,(16),5 shades,https://image-optimizer-id.production.sephora-asia.net/eyJlZGl0cyI6eyJyZXNpemUiOnt9fX0=/images/product_images/zoom_1_Product_3348901762656-DIOR-Forever-Blush-Soft-Filter-01-Pe_cc434a2b790416e493ae4934a2942bc28c7a3f23_1758867828.png
NARS,Light Reflecting Pressed Setting Powder,Rp 695.000,(996),2 shades,https://image-optimizer-id.production.sephora-asia.net/eyJlZGl0cyI6eyJyZXNpemUiOnt9fX0=/images/product_images/zoom_607845058946_1_4b9727e088e404f739c2d49882adea76e0277537_1648541477.png
Estée Lauder,Double Wear Sheer Flattery Loose Powder,Rp 870.000,(26),3 types,https://image-optimizer-id.production.sephora-asia.net/eyJlZGl0cyI6eyJyZXNpemUiOnt9fX0=/images/product_images/zoom_1000x1000_21__54c357723ffa1707c599a786929ab26802684f82_1661317111.png
Rare Beauty,Liquid Touch Brightening Concealer,Rp 499.000,(3438),10 shades,https://image-optimizer-id.production.sephora-asia.net/eyJlZGl0cyI6eyJyZXNpemUiOnt9fX0=/images/product_images/zoom_1_Product_840122901133-Rare-Beauty-Liquid-Touch-Brightening-Concealer-310W_686d9dd7cfc693be98d17cba3314ef007c80e1a4_1680251115.png
DIOR,Forever No-Transfer 24H Wear Matte Foundation,Rp 1.200.000,(399),15 shades,https://image-optimizer-id.production.sephora-asia.net/eyJlZGl0cyI6eyJyZXNpemUiOnt9fX0=/images/product_images/zoom_2_Product_3348901577380-Dior-Forever-No-Transfer-24H-Wear-Matte-Foundation-0N-Neutral_a761abd3f87f2f130ba43d0fb034e97ad5fa83e8_1644563630.png
MAKE UP FOR EVER,HD Skin Hydra Glow Foundation Mini,Rp 380.000,(220),6 shades,https://image-optimizer-id.production.sephora-asia.net/eyJlZGl0cyI6eyJyZXNpemUiOnt9fX0=/images/product_images/zoom_1_Product_3548752206136-Make-Up-For-Ever-HD-Skin-Hydra-Glow-Foundation-Mini-1N14-deab86_21fd0a87a87ee94dcfe33bfee577082deda4ef1a_1705977832.png
Yves Saint Laurent,Loveshine Plumping Lip Oil Gloss,Rp 700.000,(921),10 shades,https://image-optimizer-id.production.sephora-asia.net/eyJlZGl0cyI6eyJyZXNpemUiOnt9fX0=/images/product_images/zoom_1_Product_4936968874581-Yves-Saint-Laurent-Loveshine-Plumpin_b76fd357aeb9cbb3d33ac1c3f7e3c1975a18c038_1748587031.png
Benefit Cosmetics,Game On Glow Mini Cheek Palette (Holiday Limited Edition),Rp 560.000,,,https://image-optimizer-id.production.sephora-asia.net/eyJlZGl0cyI6eyJyZXNpemUiOnt9fX0=/images/product_images/zoom_1_Product_602004164865-Benefit-Cosmetics-Game-On-Glow-Mini-C_426232d5fc91873d4365c0ed84cedd4bbc4b45eb_1759977835.png
MAKE UP FOR EVER,Artist Color Crayon Waterproof Multi-Use Stick,Rp 660.000,(372),15 shades,https://image-optimizer-id.production.sephora-asia.net/eyJlZGl0cyI6eyJyZXNpemUiOnt9fX0=/images/product_images/zoom_1_Product_3548752223201-MAKE-UP-FOR-EVER-Artist-Color-Crayon_e6f233f2a2071c5ee7ffa32471d078ad6334bd3e_1753932350.png
Sephora Collection,Beauty Amplifier Smoothing Primer,Rp 362.000,(811),,https://image-optimizer-id.production.sephora-asia.net/eyJlZGl0cyI6eyJyZXNpemUiOnt9fX0=/images/product_images/zoom_31700_SephoraCollection_BeautyAmplifierSmoothingPrimer_WEB_2_3258d62a8f0161c0aaeacdc361dd5a99a0743cc6_1735186076.png
MAKE UP FOR EVER,Shine Control Step 1 Face Primer,Rp 745.000,(427),2 sizes,https://image-optimizer-id.production.sephora-asia.net/eyJlZGl0cyI6eyJyZXNpemUiOnt9fX0=/images/product_images/zoom_1_Product_3548752174312-Make-Up-For-Ever-Shine-Control-Step-1-Face-Primer-30ml_fbe6d6ed30cb97b105a2de79d749dfce696b9819_1609845205.png
Rare Beauty,Lip Soufflé Matte Lip Cream,Rp 420.000,(3123),10 shades,https://image-optimizer-id.production.sephora-asia.net/eyJlZGl0cyI6eyJyZXNpemUiOnt9fX0=/images/product_images/zoom_1_Product_840122900204-Rare-Beauty-Lip-Souffle-Matte-Lip-Cream-Heroic_1dd783b39250e6bd2c9873b91a7ff082cdc4e0b7_1680444043.png
Huda Beauty,Liquid Matte Ultra-Comfort Transfer-Proof Lipstick,Rp 495.000,(2854),16 shades,https://image-optimizer-id.production.sephora-asia.net/eyJlZGl0cyI6eyJyZXNpemUiOnt9fX0=/images/product_images/zoom_2_Product_6291107571638-Huda-Beauty-Liquid-Matte-Ultra-Comfort-Transfer-Proof-Lipstick-Bom_5e58f807ede248ff1e80fba5972420dff5fa6778_1686556125.png
MAKE UP FOR EVER,HD Skin Full Coverage Multi-Use Concealer,Rp 600.000,(390),27 shades,https://image-optimizer-id.production.sephora-asia.net/eyJlZGl0cyI6eyJyZXNpemUiOnt9fX0=/images/product_images/zoom_1_Product_3548752222259-Make-Up-For-Ever-HD-Skin-Full-Cover-_5393e77a3afcd7aa2227b37777decc27544b2ada_1755158351.png
NARS,Powder Blush,Rp 565.000,(228),26 shades,https://image-optimizer-id.production.sephora-asia.net/eyJlZGl0cyI6eyJyZXNpemUiOnt9fX0=/images/product_images/zoom_1_Product_194251158662-NARS-Blush-Please-Me_4f963da5f25df2a6bb85d991881e06b2cf118f58_1758537011.png
Anastasia Beverly Hills,Embers Eyeshadow Palette Mini (Holiday Limited Edition),Rp 635.000,(3),,https://image-optimizer-id.production.sephora-asia.net/eyJlZGl0cyI6eyJyZXNpemUiOnt9fX0=/images/product_images/zoom_1_Product_689304870658-Anastasia-Beverly-Hills-Embers-Eyesha_d2390c7f50805500d329993f860b9d5e3399d4fe_1759715897.png
Lancôme,3 Serum Finecover Cushion,Rp 950.000,,4 shades,https://image-optimizer-id.production.sephora-asia.net/eyJlZGl0cyI6eyJyZXNpemUiOnt9fX0=/images/product_images/zoom_N10_95c42ee6b54e6fc90f8052d7e9ef2ede1e5a2988_1759456919.png
DIOR,Diorshow Brow Styler,Rp 650.000,(48),6 shades,https://image-optimizer-id.production.sephora-asia.net/eyJlZGl0cyI6eyJyZXNpemUiOnt9fX0=/images/product_images/zoom_1_Product_3348901663014-DIOR-Diorshow-Brow-Styler-032-Dark-Brown-402a26_8b0537a3f6347117fe788e3ff163694f9ec3501f_1692152995.png
FRESH,Sugar Lip Treatment,Rp 398.000,(2017),13 shades,https://image-optimizer-id.production.sephora-asia.net/eyJlZGl0cyI6eyJyZXNpemUiOnt9fX0=/images/product_images/zoom_2_Product_809280172137-FRESH-Sugar-Lip-Treatment-Aurora_81084e5072e0a47073f3743e82694b35b503bf09_1752040994.png
Rare Beauty,Warm Wishes Effortless Bronzer Stick,Rp 599.000,(6893),5 shades,https://image-optimizer-id.production.sephora-asia.net/eyJlZGl0cyI6eyJyZXNpemUiOnt9fX0=/images/product_images/zoom_1_Product_840122903496-Rare-Beauty-Warm-Wishes-Effortless-Bronzer-Stick-Power-Boost_9b9fc80bea1155f93b688a52cca3551deb1a40b0_1680248945.png
Yves Saint Laurent,Couture Mini Clutch Eyeshadow,"Rp 1.520.000
   Rp 1.337.600 
    12% OFF",(407),9 shades,https://image-optimizer-id.production.sephora-asia.net/eyJlZGl0cyI6eyJyZXNpemUiOnt9fX0=/images/product_images/zoom_1_Product_3614274195668-Yves-Saint-Laurent-Couture-Clutch-Qu_1bef10a683ad87edd676d53eac38ece3170dbb6d_1751872606.png
Armani Beauty,Lip Power Satin Lipstick,Rp 800.000,(360),9 shades,https://image-optimizer-id.production.sephora-asia.net/eyJlZGl0cyI6eyJyZXNpemUiOnt9fX0=/images/product_images/zoom_01_GA_2023_Lip-Power_107_ClosedOpen_3614273915021_RVB-4000_8ef35a7b055e52e06c268611fae6c762b3e6c26c_1745900497.png
DIOR,Forever Skin Perfect Multi-Use Foundation Stick - 24H Hydration,Rp 1.200.000,(984),8 shades,https://image-optimizer-id.production.sephora-asia.net/eyJlZGl0cyI6eyJyZXNpemUiOnt9fX0=/images/product_images/zoom_1_Product_3348901670432-Dior-Dior-Forever-Skin-Perfect-Multi_e738be5910aa748506fd85d576e34fd248199ba7_1724998667.png
Benefit Cosmetics,"Precisely, My Brow Eyebrow Pencil Mini",Rp 280.000,(1922),4 shades,https://image-optimizer-id.production.sephora-asia.net/eyJlZGl0cyI6eyJyZXNpemUiOnt9fX0=/images/product_images/zoom_6_201_7a00e6f112820c9ba406c1849ed564ecb841156e_1602589311.png
Natasha Denona,I Need A Nude Eyeshadow Palette,Rp 1.399.000,(960),,https://image-optimizer-id.production.sephora-asia.net/eyJlZGl0cyI6eyJyZXNpemUiOnt9fX0=/images/product_images/zoom_1_356a192b7913b04c54574d18c28d46e6395428ab_1694600508.png
Sephora Collection,12H Wear Mistake Proof Brow Pencil,Rp 285.000,(74),4 shades,https://image-optimizer-id.production.sephora-asia.net/eyJlZGl0cyI6eyJyZXNpemUiOnt9fX0=/images/product_images/zoom_1_Product_3378872217039-Sephora-Collection-12H-Wear-Mistake-_2f428cb10b152396da18d2e879f2309b367a62ea_1716883605.png
GIVENCHY,Prisme Libre Setting & Finishing Loose Powder,Rp 1.155.000,(1263),5 shades,https://image-optimizer-id.production.sephora-asia.net/eyJlZGl0cyI6eyJyZXNpemUiOnt9fX0=/images/product_images/zoom_1_Product_3274872458581-GIVENCHY-Prisme-Libre-4-Color-Loose-_a0ac153728a4afb897bf5694aae8f98f53147519_1727921612.png
Huda Beauty,Baby Bake Loose Baking and Setting Powder,Rp 435.000,(2213),4 shades,https://image-optimizer-id.production.sephora-asia.net/eyJlZGl0cyI6eyJyZXNpemUiOnt9fX0=/images/product_images/zoom_1_Product_6291106037258-Huda-Beauty-Baby-Bake-Loose-Baking-And-Setting-Powder-Pound-Cake_a6dee7744b97cca4f3945f186adef67774f330cb_1679911562.png
Sephora Collection,Soft Matte and Easy Lip Stain,Rp 310.000,(760),15 shades,https://image-optimizer-id.production.sephora-asia.net/eyJlZGl0cyI6eyJyZXNpemUiOnt9fX0=/images/product_images/zoom_1_Product_3378872212386-Sephora-Collection-Soft-Matte-and-Easy-Lip-Stain-04-75373a_d3d428fab15c93f0fbe01b2d797a7f3c4be98c7e_1698202809.png
GUERLAIN,Rouge G 24 Lips Refill,Rp 670.000,(19),24 shades,https://image-optimizer-id.production.sephora-asia.net/eyJlZGl0cyI6eyJyZXNpemUiOnt9fX0=/images/product_images/zoom_3346470439023_3__a4a90ec26d88f50dce3ba8bc37758f2512c63cab_1721897672.png
Anastasia Beverly Hills,Ultimate Brow Essentials Kit (Holiday Limited Edition),Rp 599.000,,3 shades,https://image-optimizer-id.production.sephora-asia.net/eyJlZGl0cyI6eyJyZXNpemUiOnt9fX0=/images/product_images/zoom_1_Product_689304870580-Anastasia-Beverly-Hills-Ultimate-Brow_c9bfe2e96bc189071ec7bf883b856ba1eea27dac_1759717214.png
NARS,Gold Rush Single Eyeshadow Palette (Holiday Limited Edition),Rp 380.000,(2),,https://image-optimizer-id.production.sephora-asia.net/eyJlZGl0cyI6eyJyZXNpemUiOnt9fX0=/images/product_images/zoom_1_Product_194251148601-NARS-Gold-Rush-Single-Eyeshadow-Palet_85005f6e7f13550ec819ee887ed4ca062b39f49c_1730622461.png
Benefit Cosmetics,Precisely My Brow Pencil,Rp 475.000,(5889),11 shades,https://image-optimizer-id.production.sephora-asia.net/eyJlZGl0cyI6eyJyZXNpemUiOnt9fX0=/images/product_images/zoom_4a_825256d5a3b28f88e18d2fc2f6c93d07ecd4fdd5_1602589101.png
DIOR,Lip Glow Oil,Rp 720.000,(2554),6 shades,https://image-optimizer-id.production.sephora-asia.net/eyJlZGl0cyI6eyJyZXNpemUiOnt9fX0=/images/product_images/zoom_1_Product_3348901491242-Dior-Dior-Lip-Glow-Oil-007-Raspberry_fc8a7f983f11d8b6dfaf8e9a913c6247541ddd96_1603769990.png
MAC Cosmetics,Powder Kiss Liquid Lipcolour,Rp 530.000,(329),18 shades,https://image-optimizer-id.production.sephora-asia.net/eyJlZGl0cyI6eyJyZXNpemUiOnt9fX0=/images/product_images/zoom_1_Product_773602741991-MAC-Cosmetics-Powder-Kiss-Liquid-Lipc_937d844fd8550b4a377f7aa2d137d6bf5cfbe86f_1738578468.png
Natasha Denona,Mini Bronze & Glow,Rp 399.000,(266),,https://image-optimizer-id.production.sephora-asia.net/eyJlZGl0cyI6eyJyZXNpemUiOnt9fX0=/images/product_images/zoom_2_Product_7290106809727-Natasha-Denona-Mini-Bronze-Glow-Open_7ab288352054b7f47ea9c29984e8d409ea42b820_1657266879.png
LANEIGE,NEW NEO Cushion Glow,Rp 440.000,(13),4 shades,https://image-optimizer-id.production.sephora-asia.net/eyJlZGl0cyI6eyJyZXNpemUiOnt9fX0=/images/product_images/zoom_13N-15G_83e3aee5cfd7e2056f71a41448851da68dc229ee_1700036266.png
MAC Cosmetics,M·A·Cximal Sleek Satin Lipstick,Rp 455.000,(66),20 shades,https://image-optimizer-id.production.sephora-asia.net/eyJlZGl0cyI6eyJyZXNpemUiOnt9fX0=/images/product_images/zoom_1_Product_773602663651-MAC-Cosmetics-MACximal-Sleek-Satin-Li_1771dc049e4842ba860318066b9c35c6b7d1f4a3_1731490620.png
Armani Beauty,Luminous Silk Cheek Tint,Rp 850.000,(1007),6 shades,https://image-optimizer-id.production.sephora-asia.net/eyJlZGl0cyI6eyJyZXNpemUiOnt9fX0=/images/product_images/zoom_1_Product_3614274190892-Giorgio-Armani-Luminous-Silk-Cheek-T_6e4163745078f7d06b0fcc3fb67427f290ff339e_1745488322.png
GIVENCHY,Prisme Libre 4-Color Pressed Powder,Rp 990.000,(748),5 shades,https://image-optimizer-id.production.sephora-asia.net/eyJlZGl0cyI6eyJyZXNpemUiOnt9fX0=/images/product_images/zoom_1_Product_3274872488151-GIVENCHY-Prisme-Libre-4-Color-Presse_128c48e5b69cbcdc19edebcf431891ab08a6e32c_1751350407.png
Tom Ford Beauty,Soleil Lip Blush,Rp 975.000,(410),,https://image-optimizer-id.production.sephora-asia.net/eyJlZGl0cyI6eyJyZXNpemUiOnt9fX0=/images/product_images/zoom_1_Product_888066139601-Tom-Ford-Beauty-Soleil-Lip-Blush-Sole_16dc05752a2ff1cd93b1bcdf283a87641027db54_1757503827.png
Armani Beauty,Prisma Glass Icy Plumper,Rp 720.000,(2),6 shades,https://image-optimizer-id.production.sephora-asia.net/eyJlZGl0cyI6eyJyZXNpemUiOnt9fX0=/images/product_images/zoom_1_Product_3614274322002-Giorgio-Armani-Prisma-Glass-Icy-Plum_35750fc84a27f7aff96a83347bf321516453cb93_1751944718.png
Armani Beauty,Luminous Silk Prima Glow Cushion,Rp 1.400.000,,5 shades,https://image-optimizer-id.production.sephora-asia.net/eyJlZGl0cyI6eyJyZXNpemUiOnt9fX0=/images/product_images/zoom_1_Cover_Shade_0_8ce86f7693cdcbef451cdd97751d4f7edc6de732_1760433774.png
NARS,Light Reflecting™ Serum Cushion Foundation Spf 42/Pa++,Rp 626.000,(14),8 shades,https://image-optimizer-id.production.sephora-asia.net/eyJlZGl0cyI6eyJyZXNpemUiOnt9fX0=/images/product_images/zoom_1_Product_194251143941-NARS-Light-Reflecting-Serum-Cushion-F_4894711b853eae2cdc1f2722e23a8166854da229_1738226311.png
Benefit Cosmetics,Roller Liner Liquid Eyeliner,Rp 420.000,(1647),2 shades,https://image-optimizer-id.production.sephora-asia.net/eyJlZGl0cyI6eyJyZXNpemUiOnt9fX0=/images/product_images/zoom_black_201_e66fb936658d40bb4868c2672fae139dea7bb987_1602589446.png
Anastasia Beverly Hills,Loose Setting Powder,Rp 835.000,(1045),4 shades,https://image-optimizer-id.production.sephora-asia.net/eyJlZGl0cyI6eyJyZXNpemUiOnt9fX0=/images/product_images/zoom_2_Product_689304250016-Anastasia-Beverly-Hills-Loose-Setting-Powder-Banana_d4e2631d1e62f98b428fe0efd81eafb6ff963ad0_1603742290.png
MAKE UP FOR EVER,HD Skin Foundation,Rp 820.000,(3588),32 shades,https://image-optimizer-id.production.sephora-asia.net/eyJlZGl0cyI6eyJyZXNpemUiOnt9fX0=/images/product_images/zoom_1_Product_3548752185158-Make-Up-For-Ever-HD-Skin-Foundation-1N00_49781c4067419854778f0eef6e74deb0eae48baa_1647319009.png
Benefit Cosmetics,Dandelion Baby-Pink Brightening Blush,Rp 315.000,(2051),2 sizes,https://image-optimizer-id.production.sephora-asia.net/eyJlZGl0cyI6eyJyZXNpemUiOnt9fX0=/images/product_images/zoom_1_Product_602004138583-Benefit-Cosmetics-Dandelion-Baby-Pink-Brightening-Blush-Mini-2-5g_a9b6115a56122de522670fcd7f9dfc449b97dc09_1653639010.png
DIOR,Forever Natural Velvet Compact Foundation,Rp 1.400.000,(175),8 shades,https://image-optimizer-id.production.sephora-asia.net/eyJlZGl0cyI6eyJyZXNpemUiOnt9fX0=/images/product_images/zoom_1_Product_3348901608992-DIOR-Forever-Natural-Velvet-Compact-Foundation-0N-Neutral_28021dc36f76fe4bc66a1743ec63b776af9a9c09_1658460546.png
Huda Beauty,Lip Contour Stain,Rp 525.000,(1522),5 shades,https://image-optimizer-id.production.sephora-asia.net/eyJlZGl0cyI6eyJyZXNpemUiOnt9fX0=/images/product_images/zoom_1_Product_6294018406969-Huda-Beauty-Lip-Contour-Stain-Cherry_f1b9d615e2eff99e8df05ec817bfd374ef6d109b_1751256720.png
DIOR,Forever Nude Matte Filter Blurring Setting Powder,Rp 1.150.000,(471),3 shades,https://image-optimizer-id.production.sephora-asia.net/eyJlZGl0cyI6eyJyZXNpemUiOnt9fX0=/images/product_images/zoom_1_Product_3348901750035-DIOR-Forever-Nude-Matte-Filter-Blurr_f0396fb0024979785002ebcd7db77ff467220d68_1753323969.png
GUERLAIN,Rouge G 24 Lips Case,Rp 600.000,(28),9 shades,https://image-optimizer-id.production.sephora-asia.net/eyJlZGl0cyI6eyJyZXNpemUiOnt9fX0=/images/product_images/zoom_3346470439528_4__759ff9f354bf44d8d5f77fffd3a250336a3337e1_1721982853.png
Benefit Cosmetics,Shellie Warm-Seashell Pink Blush,Rp 315.000,(677),2 sizes,https://image-optimizer-id.production.sephora-asia.net/eyJlZGl0cyI6eyJyZXNpemUiOnt9fX0=/images/product_images/zoom_1_Product_602004138644-Benefit-Cosmetics-Shellie-Warm-Seashell-Pink-Blush-Mini-2-5g_408a0007c397ca96c50ffb2cbbdd37edf1858e15_1653648289.png
GIVENCHY,Le Rouge Velvet Matte Lipstick,Rp 760.000,(97),12 shades,https://image-optimizer-id.production.sephora-asia.net/eyJlZGl0cyI6eyJyZXNpemUiOnt9fX0=/images/product_images/zoom_1_LE_ROUGE_VELVET_MATTE_N07_f202140de83c6a1d6d714fa65493c471d82d336f_1755487230.png
Benefit Cosmetics,Benetint Buddy Full-Size Tint Duo (Holiday Limited Edition),Rp 595.000,(1),,https://image-optimizer-id.production.sephora-asia.net/eyJlZGl0cyI6eyJyZXNpemUiOnt9fX0=/images/product_images/zoom_1_Product_602004164919-Benefit-Cosmetics-Benetint-Buddy-Full_26df354432aed6484225157975249e4734f6cc8d_1759979465.png
MAKE UP FOR EVER,Aqua Seal,Rp 470.000,(461),,https://image-optimizer-id.production.sephora-asia.net/eyJlZGl0cyI6eyJyZXNpemUiOnt9fX0=/images/product_images/zoom_8747_MakeUpForEver_WEB_ac64a9481a4b6f66bc0033c839fb41325a763903_1602589037.png
Bobbi Brown,Blush,Rp 590.000,(5),6 shades,https://image-optimizer-id.production.sephora-asia.net/eyJlZGl0cyI6eyJyZXNpemUiOnt9fX0=/images/product_images/zoom_BB_Blush_Daybreak_3980a5d552f97068e1d713f8db5c2f58ca0dd31f_1718263370.png
Anastasia Beverly Hills,Brow Freeze Gel,Rp 280.000,(2574),2 sizes,https://image-optimizer-id.production.sephora-asia.net/eyJlZGl0cyI6eyJyZXNpemUiOnt9fX0=/images/product_images/zoom_689304348478_BrowFreezeGelMini_1a_b4826275dfb81ac4d081490a56f387ffaaf57a65_1703142981.png
Natasha Denona,My Mini Dream Eyeshadow Palette,Rp 555.000,(322),,https://image-optimizer-id.production.sephora-asia.net/eyJlZGl0cyI6eyJyZXNpemUiOnt9fX0=/images/product_images/zoom_1_Product_7290113700550-Natasha-Denona-My-Mini-Dream-Eyeshadow-Palette-Default_b7e6520dc7ed0ef07bb1f60c64faf6b7f722972a_1705976751.png
NARS,Mini Light Reflecting Pressed Setting Powder,Rp 345.000,(267),,https://image-optimizer-id.production.sephora-asia.net/eyJlZGl0cyI6eyJyZXNpemUiOnt9fX0=/images/product_images/zoom_NARS_HO21_PDPCrop_Soldier_Mini_LRSP_Crystal_GLBL_2000x2000_67fe1bdadddc5d2a179664315a2d2a84f3cda902_1648542322.png
DIOR,Rouge Blush,Rp 1.040.000,(119),15 shades,https://image-optimizer-id.production.sephora-asia.net/eyJlZGl0cyI6eyJyZXNpemUiOnt9fX0=/images/product_images/zoom_1_356a192b7913b04c54574d18c28d46e6395428ab_1690280521.png
MAC Cosmetics,M·A·Cximal Sleek Satin Lipstick Mini,Rp 295.000,(21),2 shades,https://image-optimizer-id.production.sephora-asia.net/eyJlZGl0cyI6eyJyZXNpemUiOnt9fX0=/images/product_images/zoom_1_Product_773602720385-MAC-Cosmetics-M-A-Cximal-Sleek-Satin-_29b974d9276bf80bf7e898d4237cf25eef14657b_1731488816.png
GIVENCHY,Prisme Libre Glow Serum Foundation,Rp 1.115.000,(409),14 shades,https://image-optimizer-id.production.sephora-asia.net/eyJlZGl0cyI6eyJyZXNpemUiOnt9fX0=/images/product_images/zoom_2_Product_3274872483910-GIVENCHY-Prisme-Libre-Glow-Serum-Fou_665995344c6ccf99d295eb843deb95f06c7a6c0d_1741587960.png
Bobbi Brown,Luxe Cashmere Matte Lipstick,Rp 610.000,(78),8 shades,https://image-optimizer-id.production.sephora-asia.net/eyJlZGl0cyI6eyJyZXNpemUiOnt9fX0=/images/product_images/zoom_1_Product_716170347806-Bobbi-Brown-Luxe-Cashmere-Matte-Lipst_4a5a7a95d411fc2c2ec89f0cfd5e7b0991b52554_1751522585.png
Armani Beauty,Luminous Silk Cheek Tint Shine,Rp 850.000,(781),4 shades,https://image-optimizer-id.production.sephora-asia.net/eyJlZGl0cyI6eyJyZXNpemUiOnt9fX0=/images/product_images/zoom_1_Product_3614274380033-Armani-Luminous-Silk-Cheek-Tint-62S_41119f1c246eee1948ad713ac297f76a3890f9c0_1751948301.png
Armani Beauty,Eye Tint Liquid Eyeshadow,Rp 720.000,(714),5 shades,https://image-optimizer-id.production.sephora-asia.net/eyJlZGl0cyI6eyJyZXNpemUiOnt9fX0=/images/product_images/zoom_01_GA_2023_Eye-Tint_10S-Chesnut_ClosedOpen_3614272518124_RVB_63d71d0929e871c149751be3cfd4d5fd268a4ed0_1745390873.png
MAC Cosmetics,Lustreglass Sheer-Shine Lipstick,Rp 495.000,(156),8 shades,https://image-optimizer-id.production.sephora-asia.net/eyJlZGl0cyI6eyJyZXNpemUiOnt9fX0=/images/product_images/zoom_1_Product_773602610051-MAC-Cosmetics-Lustreglass-Sheer-Shine-Lipstick-Syrup-bb6b76_28b59c7a49b9d58d937365e9d59b819b229a45a6_1686710812.png
Sephora Collection,Festival Makeup Kit,Rp 437.000,(17),,https://image-optimizer-id.production.sephora-asia.net/eyJlZGl0cyI6eyJyZXNpemUiOnt9fX0=/images/product_images/zoom_1_Product_3378872231592-Sephora-Collection-Festival-Makeup-K_7740899bb3b89c6d92d36f0642b40cee1b2b2d9a_1724398027.png
MAC Cosmetics,Lustreglass Sheer-Shine Lipstick,Rp 495.000,(156),8 shades,https://image-optimizer-id.production.sephora-asia.net/eyJlZGl0cyI6eyJyZXNpemUiOnt9fX0=/images/product_images/zoom_1_Product_773602610051-MAC-Cosmetics-Lustreglass-Sheer-Shine-Lipstick-Syrup-bb6b76_28b59c7a49b9d58d937365e9d59b819b229a45a6_1686710812.png
Yves Saint Laurent,Rouge Pur Couture Satin Lipstick,"Rp 800.000
   Rp 704.000 
    12% OFF",(1425),41 shades,https://image-optimizer-id.production.sephora-asia.net/eyJlZGl0cyI6eyJyZXNpemUiOnt9fX0=/images/product_images/zoom_1_Product_3614273945196-Yves-Saint-Laurent-Rouge-Pur-Couture_bb54de9b9b98c06b82e8470f7bc44ea6fcc20711_1724401924.png
ESQA,Blush,Rp 109.000,(32),6 shades,https://image-optimizer-id.production.sephora-asia.net/eyJlZGl0cyI6eyJyZXNpemUiOnt9fX0=/images/product_images/zoom_honolulu_8970eab23037a8a9a5d8a9459b76a4af3042e9cc_1602589471.png
ESQA,Glow Pop Serum Lip Balm,Rp 115.000,(11),6 shades,https://image-optimizer-id.production.sephora-asia.net/eyJlZGl0cyI6eyJyZXNpemUiOnt9fX0=/images/product_images/zoom_1-SHINY-Picture-Perfect_b65ad8c074abfbbfc2de22d95b82aa8fdf560c5a_1716263951.png
NARS,Pure Radiant Tinted Moisturizer SPF 30/PA+++,Rp 760.000,(63),11 shades,https://image-optimizer-id.production.sephora-asia.net/eyJlZGl0cyI6eyJyZXNpemUiOnt9fX0=/images/product_images/zoom_1_Product_194251009599-Nars-Pure-Radiant-Tinted-Moisturizer-SPF-30-Norwich_8b6b2025be0ba097ffd70758ff5f2d9ed31683b7_1619170323.png
NARS,Air Matte Ultra Lip Tint,Rp 485.000,(89),6 shades,https://image-optimizer-id.production.sephora-asia.net/eyJlZGl0cyI6eyJyZXNpemUiOnt9fX0=/images/product_images/zoom_1_NARS_SP23_AirMatteUltraLipTint_PDPCrop_Soldier_Frosted_DolceVita_GLBL_2000x2000_B_8ede4afbdcf46d9519d1f4939088ece0d28bc821_1674789915.png
Benefit Cosmetics,Goof Proof Eyebrow Pencil,Rp 475.000,(2771),12 shades,https://image-optimizer-id.production.sephora-asia.net/eyJlZGl0cyI6eyJyZXNpemUiOnt9fX0=/images/product_images/zoom_1_Product_208759-Benefit-Cosmetics-Goof-Proof-Eyebrow-Pencil-Cool-Grey_3a702a9b5e08249c64c2a1edc7feb6b36352e227_1603741926.png
ESQA,Brow Stroke Pencil,Rp 109.000,(24),3 shades,https://image-optimizer-id.production.sephora-asia.net/eyJlZGl0cyI6eyJyZXNpemUiOnt9fX0=/images/product_images/zoom_brow_stroke_ash_brown_7999ea4fa448efc78c440abb834cf5c08dbbd765_1611835023.png
Anastasia Beverly Hills,Stick Blush,Rp 668.000,(1152),7 shades,https://image-optimizer-id.production.sephora-asia.net/eyJlZGl0cyI6eyJyZXNpemUiOnt9fX0=/images/product_images/zoom_1_Product_689304186490-Anastasia-Stick-Blush-Bubble-Gum_0cd93391bd7107c9cda3602184670ced44b9241c_1660118546.png
MAKE UP FOR EVER,Rouge Artist For Ever Matte Lipstick,Rp 450.000,(610),16 shades,https://image-optimizer-id.production.sephora-asia.net/eyJlZGl0cyI6eyJyZXNpemUiOnt9fX0=/images/product_images/zoom_1_356a192b7913b04c54574d18c28d46e6395428ab_1694509882.png
DIOR,Backstage Eye Palette,Rp 1.000.000,(49),,https://image-optimizer-id.production.sephora-asia.net/eyJlZGl0cyI6eyJyZXNpemUiOnt9fX0=/images/product_images/zoom_1_Product_3348901674331-DIOR-Backstage-Eye-Palette-001-Nude-_b9f69afc737b19682c69d25b012a1bb996fff6a4_1716179725.png
Benefit Cosmetics,Cookie Golden Pearl Highlighter,Rp 665.000,(1264),,https://image-optimizer-id.production.sephora-asia.net/eyJlZGl0cyI6eyJyZXNpemUiOnt9fX0=/images/product_images/zoom_1_Product_602004138781-Benefit-Cosmetics-Cookie-Golden-Pearl-Highlighter-8g_65ae0a180dc8230a0e79a404915ccb5152c93df0_1653647176.png
Rare Beauty,Kind Words Matte Lipstick,Rp 420.000,(2001),10 shades,https://image-optimizer-id.production.sephora-asia.net/eyJlZGl0cyI6eyJyZXNpemUiOnt9fX0=/images/product_images/zoom_6_c1dfd96eea8cc2b62785275bca38ac261256e278_1726208136.png
NARS,Soft Matte Powder,Rp 635.000,(159),8 types,https://image-optimizer-id.production.sephora-asia.net/eyJlZGl0cyI6eyJyZXNpemUiOnt9fX0=/images/product_images/zoom_1_Product_194251136103-NARS-Soft-Matte-Powder-Sun-Shore_5c1f885cb1ac007459c4dc86080cedfbfb033c9b_1692156309.png
Bobbi Brown,Intensive Serum Radiance Primer SPF 25 PA++,Rp 860.000,(24),2 sizes,https://image-optimizer-id.production.sephora-asia.net/eyJlZGl0cyI6eyJyZXNpemUiOnt9fX0=/images/product_images/zoom_1_Product_716170291185-Bobbi-Brown-Intensive-Serum-Radiance-Primer-SPF-25-PA-40ml_5417c3abd5d298fd7795898a386f6806f7b0737a_1685413838.png
MAKE UP FOR EVER,Artist Face Powders Sculpt,Rp 500.000,(90),4 shades,https://image-optimizer-id.production.sephora-asia.net/eyJlZGl0cyI6eyJyZXNpemUiOnt9fX0=/images/product_images/zoom_430_f8c024c4ad95bf78baaf9d88334722b84f8a930b_1690538143.png
Rare Beauty,Always An Optimist 4-In-1 Mist,Rp 585.000,(1477),,https://image-optimizer-id.production.sephora-asia.net/eyJlZGl0cyI6eyJyZXNpemUiOnt9fX0=/images/product_images/zoom_2_Product_840122901478-Rare-Beauty-Always-An-Optimist-4-In-1-Mist-85ml_da278a98fc61c2cf3c668da66ecb33cb05bb54a3_1680446407.png
Huda Beauty,#FauxFilter Luminous Matte Liquid Foundation,Rp 815.000,(1797),29 shades,https://image-optimizer-id.production.sephora-asia.net/eyJlZGl0cyI6eyJyZXNpemUiOnt9fX0=/images/product_images/zoom_1_Product_6291106036152-Huda-Beauty-FauxFilter-Luminous-Matte-Liquid-Foundation-Cheesecake_06a75f6abc5d6244a12dc7ab791be838aeed58bc_1678961790.png
GIVENCHY,Le Rouge Interdit Intense Silk Lipstick,Rp 760.000,(380),25 shades,https://image-optimizer-id.production.sephora-asia.net/eyJlZGl0cyI6eyJyZXNpemUiOnt9fX0=/images/product_images/zoom_1_Product_3274872471924-GIVENCHY-Le-Rouge-Interdit-Intense-S_0786bfdc3401750d51ee00f8751ebe558ca54f7b_1728381031.png
Huda Beauty,Nude Obsessions Eyeshadow Palette Mini,Rp 685.000,(1879),3 types,https://image-optimizer-id.production.sephora-asia.net/eyJlZGl0cyI6eyJyZXNpemUiOnt9fX0=/images/product_images/zoom_1_Product_6291106034264-Huda-Beauty-Nude-Obsessions-Eyeshadow-Palette-Mini-Light_42edc0868a46657f634f2718af820fc02bfb96e0_1678850024.png
Bobbi Brown,Luxe Matte Lipstick,Rp 610.000,(32),10 shades,https://image-optimizer-id.production.sephora-asia.net/eyJlZGl0cyI6eyJyZXNpemUiOnt9fX0=/images/product_images/zoom_HYWT04_BossPink_4000x4000_NoShadow_80e7cbb4b20e769f89c5746ee5554ff68bac3e7f_1721632283.png
Bobbi Brown,Long-Wear Brow Pencil Refill,Rp 480.000,(3),4 shades,https://image-optimizer-id.production.sephora-asia.net/eyJlZGl0cyI6eyJyZXNpemUiOnt9fX0=/images/product_images/zoom_IMAGE01_BBER24_blackbrown_fc61d53f7c021a3d4262403e8ea2e82658dd5f2f_1737526805.png
Kylie Cosmetics,Matte Liquid Lipstick & Lip Liner Kit,Rp 595.000,(81),8 shades,https://image-optimizer-id.production.sephora-asia.net/eyJlZGl0cyI6eyJyZXNpemUiOnt9fX0=/images/product_images/zoom_1_Product_4064941006923-KYLIE-COSMETICS-Matte-Liquid-Lipstic_5cb456230216d74a6ea4b49580ccf249a263b651_1732262788.png
Kylie Cosmetics,Plumping Powder Matte Lip,Rp 500.000,(14),5 shades,https://image-optimizer-id.production.sephora-asia.net/eyJlZGl0cyI6eyJyZXNpemUiOnt9fX0=/images/product_images/zoom_1_Product_4064941615118-Kylie-Cosmetics-Plumping-Powder-Matt_6a62de350729b9e5877637e20d72b86140bcebbb_1749043588.png
Huda Beauty,Faux Filler Extra Shine Lip Gloss,Rp 465.000,(5317),8 shades,https://image-optimizer-id.production.sephora-asia.net/eyJlZGl0cyI6eyJyZXNpemUiOnt9fX0=/images/product_images/zoom_1_Product_6294018407096-Huda-Beauty-Faux-Filler-Gloss-UUU-Ba_3fb45f07e519bdcc2778dfa9d3befe43e5c29792_1736742260.png
KAJA,Heart Melter Conditioning Gloss Stick,Rp 319.000,(239),5 shades,https://image-optimizer-id.production.sephora-asia.net/eyJlZGl0cyI6eyJyZXNpemUiOnt9fX0=/images/product_images/zoom_HeartMelterProd-CRAZY4U_16c58632-c41e-4ca6-8ffd-73497c51a9f2_fe8a843b33cffaf7497d95be5cc829e28e3c5b9b_1706671663.png
GUERLAIN,Kisskiss Bee Glow Oil - Tinted Lip Oil,Rp 690.000,(55),6 shades,https://image-optimizer-id.production.sephora-asia.net/eyJlZGl0cyI6eyJyZXNpemUiOnt9fX0=/images/product_images/zoom_BEE-GLOW-OIL-258-ROSE-GLOW-1_15cfcf72d1e0aeec14f4dbfd9d4889390d4c419e_1710916210.png
Sulwhasoo,Perfecting Cushion Airy,Rp 1.100.000,,2 shades,https://image-optimizer-id.production.sephora-asia.net/eyJlZGl0cyI6eyJyZXNpemUiOnt9fX0=/images/product_images/zoom_Perfecting_Cushion_Airy_No_23N_15g_2b85c012502358f417dc33970d72fb52b9df9426_1708072874.png
GUERLAIN,Rouge G Velvet 24 Lips Refill,Rp 670.000,(12),16 shades,https://image-optimizer-id.production.sephora-asia.net/eyJlZGl0cyI6eyJyZXNpemUiOnt9fX0=/images/product_images/zoom_3346470440937_3__21c62fa906c5b05b48034ba4da28a1c2df12c23d_1722395706.png
Huda Beauty,Habibti Mini Lip Kit,Rp 650.000,(12),,https://image-optimizer-id.production.sephora-asia.net/eyJlZGl0cyI6eyJyZXNpemUiOnt9fX0=/images/product_images/zoom_1_Product_6294018406174-Huda-Beauty-Mini-Lip-Kit-Limited-Edi_aea4d8402c7b83e798ffdf3b6aa4df2db868de51_1743215465.png
Sephora Collection,Micellar Cleansing Jelly Water,Rp 144.000,(247),3 sizes,https://image-optimizer-id.production.sephora-asia.net/eyJlZGl0cyI6eyJyZXNpemUiOnt9fX0=/images/product_images/zoom_1_Product_3378872250067-Sephora-Collection-Micellar-Cleansin_da287ff81122d03965fe3713010c4e87440e84eb_1737434271.png
Estée Lauder,The Essential Eyeshadow Quad,Rp 900.000,,4 shades,https://image-optimizer-id.production.sephora-asia.net/eyJlZGl0cyI6eyJyZXNpemUiOnt9fX0=/images/product_images/zoom_Apres_Spree_e05007b77fcd696b3a24b781f4983d0c335ae4f7_1754622801.png
Tom Ford Beauty,Eye Defining Pencil,Rp 1.150.000,(1993),,https://image-optimizer-id.production.sephora-asia.net/eyJlZGl0cyI6eyJyZXNpemUiOnt9fX0=/images/product_images/zoom_1_Product_198321_2520Tom_2520_2520Ford_2520Eye_2520Defining__d53bf3b2abc9d15f9756de35cc9a5f7566c2ade9_1757918524.png
Nudestix,Nudies Matte All Over Face Bronze Color,Rp 699.000,(1175),7 shades,https://image-optimizer-id.production.sephora-asia.net/eyJlZGl0cyI6eyJyZXNpemUiOnt9fX0=/images/product_images/zoom_18_9e6a55b6b4563e652a23be9d623ca5055c356940_1719563257.png
Caudalie,Vinoclean Makeup Removing Cleansing Oil,Rp 295.000,(669),2 sizes,https://image-optimizer-id.production.sephora-asia.net/eyJlZGl0cyI6eyJyZXNpemUiOnt9fX0=/images/product_images/zoom_1_Product_3522930004004-Caudalie-Vinoclean-Makeup-Removing-Cleansing-Oil-75ml_a467c8abe5aed3e7ff374369801e8e3da846419b_1687853718.png
MAC Cosmetics,Strobe Cream,Rp 650.000,(84),4 shades,https://image-optimizer-id.production.sephora-asia.net/eyJlZGl0cyI6eyJyZXNpemUiOnt9fX0=/images/product_images/zoom_1_Product_773602749898-MAC-Cosmetics-Strobe-Cream-Bronzelite_c06ac6b627d0019b50717c471b8b667ecd3a5079_1753409451.png
Dear Dahlia,Dream Velvet Eyeshadow Palette,Rp 541.000,(42),3 shades,https://image-optimizer-id.production.sephora-asia.net/eyJlZGl0cyI6eyJyZXNpemUiOnt9fX0=/images/product_images/zoom_1_Product_8809546848648-Dear-Dahlia-Dream-Velvet-Eyeshadow-P_9a74291b758609f1697b8852836fb092db79d73c_1733192687.png
Bobbi Brown,Soothing Cleansing  Oil,Rp 350.000,(143),3 sizes,https://image-optimizer-id.production.sephora-asia.net/eyJlZGl0cyI6eyJyZXNpemUiOnt9fX0=/images/product_images/zoom_1_Product_716170292526-Bobbi-Brown-Soothing-Cleansing-Oil-30_2ba5924a52bb3b6eac347e52d4a76da0f3ac8393_1710219601.png
Clinique,High Impact™ Easy Liquid Eyeliner,Rp 395.000,(40),2 shades,https://image-optimizer-id.production.sephora-asia.net/eyJlZGl0cyI6eyJyZXNpemUiOnt9fX0=/images/product_images/zoom_1_Product_192333129296-Clinique-High-Impact-Easy-Liquid-Eyeliner-Espresso_04e23d6a5bf41212f8a92bb9476c80b3d22c2c80_1685440650.png
DIOR,Diorshow Maximizer 4D  Lash Primer-Serum - Lash Care - 24h Wear,Rp 800.000,(908),,https://image-optimizer-id.production.sephora-asia.net/eyJlZGl0cyI6eyJyZXNpemUiOnt9fX0=/images/product_images/zoom_3348901696036_E01_WITH_SHADOW_f8e3ea5abbf0ae0084f824c3877661b334df8597_1718953319.png
Armani Beauty,My Armani To Go Red Cushion Foundation Refill,"Rp 925.000
   Rp 740.000 
    20% OFF",(4),4 shades,https://image-optimizer-id.production.sephora-asia.net/eyJlZGl0cyI6eyJyZXNpemUiOnt9fX0=/images/product_images/zoom_01_GA_MakeUp2021_MyArmaniToGo_RedCushion_2_Refill_3614273325_80203d2647a146ee6a03fd4ae6d7eca072d3deba_1745465416.png
ESQA,Lip Gloss Mini,Rp 105.000,(10),,https://image-optimizer-id.production.sephora-asia.net/eyJlZGl0cyI6eyJyZXNpemUiOnt9fX0=/images/product_images/zoom_1062_dubai_c8b35c9dfe570062c579f80eea0e997a000daf1b_1603649810.png
NARS,Powermatte Lip Pigment,Rp 520.000,(1824),10 shades,https://image-optimizer-id.production.sephora-asia.net/eyJlZGl0cyI6eyJyZXNpemUiOnt9fX0=/images/product_images/zoom_American_20Woman_201_542ddd7aad4408c0f3fab09e27626cce0c5fc63f_1602591765.png
LANEIGE,Lip Glowy Balm,Rp 245.000,(5579),5 types,https://image-optimizer-id.production.sephora-asia.net/eyJlZGl0cyI6eyJyZXNpemUiOnt9fX0=/images/product_images/zoom_1_Product_8809925134096-Laneige-Lip-Glowy-Balm-Sweet-candy-U_8c4d91b05b5d5ebf9f3c8edd7f0721bee0a38e09_1730192911.png
Rare Beauty,Positive Light Liquid Luminizer,Rp 615.000,(6344),9 shades,https://image-optimizer-id.production.sephora-asia.net/eyJlZGl0cyI6eyJyZXNpemUiOnt9fX0=/images/product_images/zoom_1_Product_840122907029-Rare-Beauty-Positive-Light-Liquid-Lum_4c75d8cb1f11abf796200358d0e8b07752e7bc15_1752819849.png
Rare Beauty,Stay Vulnerable Glossy Lip Balm,Rp 420.000,(2137),5 shades,https://image-optimizer-id.production.sephora-asia.net/eyJlZGl0cyI6eyJyZXNpemUiOnt9fX0=/images/product_images/zoom_1_Product_840122902369-Rare-Beauty-Stay-Vulnerable-Glossy-Lip-Balm-Nearly-Neutral_d081d9a24e069d4fb3988d546ba624e286278595_1680165512.png
MAC Cosmetics,Studio Fix Pro Set + Blur Weightless Loose Powder,Rp 695.000,(98),5 shades,https://image-optimizer-id.production.sephora-asia.net/eyJlZGl0cyI6eyJyZXNpemUiOnt9fX0=/images/product_images/zoom_1_Product_773602689477-MAC-Cosmetics-Studio-Fix-Pro-Set-Blur-Weightless-Loose-Powder-Trans_deb31ddcf15930e3085e9202015881d25657d62d_1686793562.png
Sephora Collection,Original Colorful Eyeshadow Mono Glitter,"Rp 216.000
   Rp 108.000 
    50% OFF",(311),12 shades,https://image-optimizer-id.production.sephora-asia.net/eyJlZGl0cyI6eyJyZXNpemUiOnt9fX0=/images/product_images/zoom_1_Product_3378872201069-Sephora-Collection-Colorful-Eyeshado_241be1317df5b5a4c0ac0bf7611048446b21d4f5_1716868261.png
Bobbi Brown,Long-wear Cream Liner Stick,Rp 580.000,(281),2 shades,https://image-optimizer-id.production.sephora-asia.net/eyJlZGl0cyI6eyJyZXNpemUiOnt9fX0=/images/product_images/zoom_1_Product_716170306186-Bobbi-Brown-Long-Wear-Cream-Liner-Sti_a8218e29e2f03023dbfe101b323b421e8d3c3f53_1716817359.png
Huda Beauty,Easy Blur Natural Airbrush Foundation,Rp 795.000,(4184),29 shades,https://image-optimizer-id.production.sephora-asia.net/eyJlZGl0cyI6eyJyZXNpemUiOnt9fX0=/images/product_images/zoom_1_Product_6294018403418-Huda-Beauty-Easy-Blur-Natural-Airbru_5f08ee0d4ccd3231afbf9613393ed772955fea02_1727841601.png
Sephora Collection,Best Skin Ever Color Corrector,Rp 362.000,(359),5 shades,https://image-optimizer-id.production.sephora-asia.net/eyJlZGl0cyI6eyJyZXNpemUiOnt9fX0=/images/product_images/zoom_1_Product_3378872241881-Sephora-collection-Best-Skin-Ever-Co_9a9898e429ab4f6c3a8c501c7bb9c08d1b4775b7_1730106048.png
Armani Beauty,Lip Maestro Velvet Liquid Lipstick,"Rp 800.000
   Rp 680.000 
    15% OFF",(1062),15 shades,https://image-optimizer-id.production.sephora-asia.net/eyJlZGl0cyI6eyJyZXNpemUiOnt9fX0=/images/product_images/zoom_GA_2021_Lip-Maestro_405_ClosedOpen_3605522075283_RVB-3000_59f1b3b475d9c38fc5b85a77114b0930d4bf1039_1745485987.png
MAKE UP FOR EVER,Artist Color Pencil,Rp 400.000,(2886),10 shades,https://image-optimizer-id.production.sephora-asia.net/eyJlZGl0cyI6eyJyZXNpemUiOnt9fX0=/images/product_images/zoom_1_Product_3548752132855-Make-Up-For-Ever-Artist-Color-Pencil-506-Endless-Cacao_4e4baf73f3c545d327483b543084fa55001b4cd3_1705998713.png
DIOR,Rouge Dior Contour No-Transfer Lip Liner Pencil - Long Wear,Rp 450.000,(324),13 shades,https://image-optimizer-id.production.sephora-asia.net/eyJlZGl0cyI6eyJyZXNpemUiOnt9fX0=/images/product_images/zoom_300_e26973e6ee8ab9cd8cb3f207d1b90f00d2669eff_1703214187.png
ESQA,Dream Lash Serum Mascara,Rp 135.000,(5),,https://image-optimizer-id.production.sephora-asia.net/eyJlZGl0cyI6eyJyZXNpemUiOnt9fX0=/images/product_images/zoom_112-removebg-preview_0f7bc3a91ce0aed1775c45635536091506df822b_1722325650.png
MAC Cosmetics,Glow Play Tendertalk Lip Balm,Rp 410.000,(40),8 shades,https://image-optimizer-id.production.sephora-asia.net/eyJlZGl0cyI6eyJyZXNpemUiOnt9fX0=/images/product_images/zoom_IMAGE01_773602713271_GlowPlay_TendertalkLipbalm_Photogenic_b5e050585cd440bea03181aaf5ed7d7ba831c1d8_1721377595.png
Huda Beauty,Icy Nude Blush Filter,Rp 425.000,(258),2 shades,https://image-optimizer-id.production.sephora-asia.net/eyJlZGl0cyI6eyJyZXNpemUiOnt9fX0=/images/product_images/zoom_1_Product_6294018406457-Huda-Beauty-Icy-Nude-Blush-Filter-La_9d17ec9a7b21e2d927da48f7620178527294143e_1737435051.png
Tom Ford Beauty,Ultra-Shine Lip Color,Rp 975.000,(1927),14 shades,https://image-optimizer-id.production.sephora-asia.net/eyJlZGl0cyI6eyJyZXNpemUiOnt9fX0=/images/product_images/zoom_1_Product_888066157742-Tom-Ford-Beauty-Ultra-Shine-Lip-Color_6a5f897faa6b5600e333eb284a57eeed2c98edd3_1757320913.png
NARS,Beauty Transform Talc-Free Blush,Rp 565.000,(7),2 shades,https://image-optimizer-id.production.sephora-asia.net/eyJlZGl0cyI6eyJyZXNpemUiOnt9fX0=/images/product_images/zoom_1_Product_194251147147-NARS-Asia-Exclusive-2025-Blush-Limite_e9dbab0e37fad56ade737309349be656975be245_1751366093.png
Tom Ford Beauty,Soleil Lip Balm,Rp 805.000,(820),6 shades,https://image-optimizer-id.production.sephora-asia.net/eyJlZGl0cyI6eyJyZXNpemUiOnt9fX0=/images/product_images/zoom_1_Product_888066162166-Tom-Ford-Beauty-Soleil-Lip-Balm-01-Re_fcc83f76d6b48bcaa97e344aac2ddb1785dfdb70_1757555918.png
Anastasia Beverly Hills,Matte & Satin Velvet Lipstick,Rp 470.000,(1444),20 shades,https://image-optimizer-id.production.sephora-asia.net/eyJlZGl0cyI6eyJyZXNpemUiOnt9fX0=/images/product_images/zoom_1_Product_689304330633-Anastasia-Beverly-Hills-Matte-Satin-L_0ccb21e0a99a3cc13227dc0c15592496f5cebdf4_1759715904.png
Estée Lauder,Double Wear Stay-in-Place Matte Powder Foundation,Rp 870.000,(56),13 shades,https://image-optimizer-id.production.sephora-asia.net/eyJlZGl0cyI6eyJyZXNpemUiOnt9fX0=/images/product_images/zoom_IMAGE01_el_sku_G3FJ77_63775300c0a8835c1d8a889d377a5a3daacca8c0_1758783526.png
FRESH,Sugar Treat Lip Oil,Rp 380.000,(365),3 shades,https://image-optimizer-id.production.sephora-asia.net/eyJlZGl0cyI6eyJyZXNpemUiOnt9fX0=/images/product_images/zoom_JANUARYPDP_25_LIPOILHONEY_4ML_STRAIGHTONOPEN_GOOGLEFEED_1000_3a6c739fa3a1509b358b3fa4c5660de8db7c4f5c_1759034914.png
Clinique,Chubby Stick™ Moisturizing Lip Colour Balm,Rp 450.000,(2458),2 types,https://image-optimizer-id.production.sephora-asia.net/eyJlZGl0cyI6eyJyZXNpemUiOnt9fX0=/images/product_images/zoom_Fa23_Chubby_Stick_Moisturizing_Lip_Colour_Balm_Icon_CURVIEST_CARAMEL_749K_GL_RGB_1200x1500_7b11b87dd205ce3a6c389ea7cb11db993f1b016e_1700814369.png
Caudalie,Vinotherapist Lip Conditioner,Rp 140.000,(214),,https://image-optimizer-id.production.sephora-asia.net/eyJlZGl0cyI6eyJyZXNpemUiOnt9fX0=/images/product_images/zoom_closeup_2_Product_3522930003595-Caudalie-Vinotherapist-Lip-Conditioner-4-50g_a6ce541da04448521c9c561c512961a5db3084a1_1672995461.png
Huda Beauty,Life Liner Quick ‘n Easy Precision Liquid Liner,Rp 455.000,(539),2 shades,https://image-optimizer-id.production.sephora-asia.net/eyJlZGl0cyI6eyJyZXNpemUiOnt9fX0=/images/product_images/zoom_1_Product_6291106037036-Huda-Beauty-Life-Liner-Quick-N-Easy-Eyeliner-1ml_e9995b741b2823ab27cad8eb2cbd2c699c9e3edc_1678877694.png
NARS,Explicit Lipstick,Rp 635.000,(239),18 shades,https://image-optimizer-id.production.sephora-asia.net/eyJlZGl0cyI6eyJyZXNpemUiOnt9fX0=/images/product_images/zoom_999NAC0000221_Soldier_Open_Closed_BareItAll_51961c8158fcca2b92b60c1a460c0343b218609c_1725244436.png
Natasha Denona,Mini Rose Palette,Rp 555.000,(148),,https://image-optimizer-id.production.sephora-asia.net/eyJlZGl0cyI6eyJyZXNpemUiOnt9fX0=/images/product_images/zoom_1_356a192b7913b04c54574d18c28d46e6395428ab_1729141293.png
Dr.Jart+,Cicapair™ Soothing Color Correcting Treatment SPF 40 / PA+++,Rp 570.000,(8),2 sizes,https://image-optimizer-id.production.sephora-asia.net/eyJlZGl0cyI6eyJyZXNpemUiOnt9fX0=/images/product_images/zoom_1_Product_8809844996669-Dr-Jart-Cicapair-Soothing-Color-Corr_c17cc3bbc1d696e3f77aed1e26cd5aad670c3257_1751526146.png
ESQA,Waterproof Intense Eyeliner,Rp 130.000,(38),2 shades,https://image-optimizer-id.production.sephora-asia.net/eyJlZGl0cyI6eyJyZXNpemUiOnt9fX0=/images/product_images/zoom_1000_x_1000_7__ca045ae60a5c853cb26b2aeaac228cf0d8f8031b_1687852686.png
ESQA,Goddess Eyeshadow Palette,Rp 209.000,(38),6 shades,https://image-optimizer-id.production.sephora-asia.net/eyJlZGl0cyI6eyJyZXNpemUiOnt9fX0=/images/product_images/zoom_mauve_317a5f10fc87c2cc5fd392bfcf802c56ebd31c07_1684815753.png
Bobbi Brown,Long-Wear Gel Eyeliner,Rp 600.000,(2567),2 shades,https://image-optimizer-id.production.sephora-asia.net/eyJlZGl0cyI6eyJyZXNpemUiOnt9fX0=/images/product_images/zoom_1_Product_201244_2520Bobbi_2520Brown_2520Long_2520wear_2520Gel_2520Eyeliner_2520Black_2520_65c0a9fd2159878eda1bec401cd2055447b26dfc_1617902233.png
MAC Cosmetics,Retro Matte Lipstick,Rp 455.000,(174),3 shades,https://image-optimizer-id.production.sephora-asia.net/eyJlZGl0cyI6eyJyZXNpemUiOnt9fX0=/images/product_images/zoom_32465_MACCOsmetics_RetroMatteLipstick_AllFiredUp_WEB_c6bef2bd921d3d1bd969d325cc2ac33a5b7078a7_1727680014.png
Lancôme,Lash Idole Waterproof Mascara,Rp 810.000,(461),,https://image-optimizer-id.production.sephora-asia.net/eyJlZGl0cyI6eyJyZXNpemUiOnt9fX0=/images/product_images/zoom_1_Product_3614273348386-Lancome-Lash_20Idole_20Waterproof_20Mascara-8ml_jpg_c3952beb278c4c797f611819ca71f594b6a159fa_1679039954.png
NARS,Powermatte Lipstick,Rp 535.000,(555),17 shades,https://image-optimizer-id.production.sephora-asia.net/eyJlZGl0cyI6eyJyZXNpemUiOnt9fX0=/images/product_images/zoom_999NAC0000147_Darkstar_1e28a9ff49112d64461ddfd3cb1654fab9468782_1715963598.png
MAC Cosmetics,Locked Kiss 24hr Lipstick,Rp 550.000,(92),10 shades,https://image-optimizer-id.production.sephora-asia.net/eyJlZGl0cyI6eyJyZXNpemUiOnt9fX0=/images/product_images/zoom_773602679577_LockedKiss_Lipstick_Coy_1_0f972ce8eb9e6d43fa7a6e66f49bc0b4e5a48c44_1702276965.png
DIOR,Forever Glow Maximizer Longwear Liquid Highlighter,Rp 930.000,(1685),8 shades,https://image-optimizer-id.production.sephora-asia.net/eyJlZGl0cyI6eyJyZXNpemUiOnt9fX0=/images/product_images/zoom_1_Product_3348901725255-DIOR-Forever-Glow-Maximizer-Longwear_cd1b3fc1e842d695ca035de5c8db5b04845f5343_1718959131.png
Benefit Cosmetics,The POREfessional Power Powder,Rp 665.000,(696),2 sizes,https://image-optimizer-id.production.sephora-asia.net/eyJlZGl0cyI6eyJyZXNpemUiOnt9fX0=/images/product_images/zoom_1_Product_602004153883-Benefit-Cosmetics-The-Porfessional-Ma_d9abf2a6388c5f424d73702b819837c4a807ffa0_1723432014.png
Anastasia Beverly Hills,Volumizing Tinted Brow Gel Deluxe,Rp 299.000,(145),5 shades,https://image-optimizer-id.production.sephora-asia.net/eyJlZGl0cyI6eyJyZXNpemUiOnt9fX0=/images/product_images/zoom_1_Product_689304012331-Anastasia-Beverly-Hills-Volumizing-Ti_cf23e27da059e981497d6c4644553c9f43cc5512_1735617209.png
Yves Saint Laurent,Make Me Blush Liquid Blush,Rp 850.000,(908),6 shades,https://image-optimizer-id.production.sephora-asia.net/eyJlZGl0cyI6eyJyZXNpemUiOnt9fX0=/images/product_images/zoom_GWP_Wowo_Polish_7__5fac8564e60555c4af41ba51741721fbf58c8a8a_1727790488.png
Sephora Collection,Outrageous Plump Extreme,"Rp 288.000
   Rp 230.400 
    20% OFF",(873),3 shades,https://image-optimizer-id.production.sephora-asia.net/eyJlZGl0cyI6eyJyZXNpemUiOnt9fX0=/images/product_images/zoom_1_Product_3378872183228-Sephora-Collection-Outrageous-Plump-Extreme-02---Inferno_675b3f8521f739f9d1d6de0ff4db9235cc401e44_1658737373.png
Armani Beauty,ARMANI SUMMER GLOW SET,Rp 1.570.000,(4),2 shades,https://image-optimizer-id.production.sephora-asia.net/eyJlZGl0cyI6eyJyZXNpemUiOnt9fX0=/images/product_images/zoom_ARMANI_SUMMER_GLOW_SET_53_964e7c00bfe3b01d7d75f3b731eba269db854d40_1755156984.png
IT Cosmetics,Do It All Radiant Concealer,Rp 595.000,(1255),18 shades,https://image-optimizer-id.production.sephora-asia.net/eyJlZGl0cyI6eyJyZXNpemUiOnt9fX0=/images/product_images/zoom_1_Product_3605973011960-IT-Cosmetics-Do-It-All-Radiant-Conce_374f9c420bb4e0dc3b05c756ed9c7d520301b7d9_1755764021.png
Tom Ford Beauty,Slim Lip Color Shine Lipstick,Rp 800.000,(34),5 shades,https://image-optimizer-id.production.sephora-asia.net/eyJlZGl0cyI6eyJyZXNpemUiOnt9fX0=/images/product_images/zoom_1_Product_888066147347-Tom-Ford-Beauty-Slim-Lip-Color-Shine-_caefc01fb02d76a67ef46c6310372e809e944e3f_1757504286.png
Armani Beauty,Prisma Glass Lip Gloss,"Rp 720.000
   Rp 612.000 
    15% OFF",(801),7 shades,https://image-optimizer-id.production.sephora-asia.net/eyJlZGl0cyI6eyJyZXNpemUiOnt9fX0=/images/product_images/zoom_01_GA_2024_Prisma-Glass_01_Closed_3614274154368_RVB-4000_6f0fbadb00910151514fff01093e0c10140b1303_1745814360.png
MAKE UP FOR EVER,HD Skin Pressed Powder Mini,Rp 400.000,(32),,https://image-optimizer-id.production.sephora-asia.net/eyJlZGl0cyI6eyJyZXNpemUiOnt9fX0=/images/product_images/zoom_1_Product_3548752216302-Make-Up-For-Ever-HD-Skin-Pressed-Pow_2227cd7b877623a0e61ec708a308e7c842919e1d_1747108351.png
Benefit Cosmetics,The Porefessional Foundation,Rp 795.000,(1903),20 shades,https://image-optimizer-id.production.sephora-asia.net/eyJlZGl0cyI6eyJyZXNpemUiOnt9fX0=/images/product_images/zoom_1_Product_602004157676-Benefit-Cosmetics-The-Porefessional-F_2b4b4b227123c8b314111e9f24dce1f337b2655a_1749539982.png
Shu Uemura,Advanced Unlimited Breathable Lasting Fluid Foundation,Rp 935.000,(6),9 shades,https://image-optimizer-id.production.sephora-asia.net/eyJlZGl0cyI6eyJyZXNpemUiOnt9fX0=/images/product_images/zoom_554_4936968818431_e7a50133f404fe02373414ff55c162161c69fc08_1751270257.png
Sephora Collection,8H Colorful Lip Liner,Rp 233.000,(664),15 shades,https://image-optimizer-id.production.sephora-asia.net/eyJlZGl0cyI6eyJyZXNpemUiOnt9fX0=/images/product_images/zoom_1_Product_3378872252009-Sephora-Collection-8H-Colorful-Lip-L_9936072cff6e3dca359d0ffa1f912f8f51c0e14a_1745217944.png
Yves Saint Laurent,All Hours Hyper Blur Loose Powder,Rp 1.300.000,(133),3 shades,https://image-optimizer-id.production.sephora-asia.net/eyJlZGl0cyI6eyJyZXNpemUiOnt9fX0=/images/product_images/zoom_01_shade-01_7182b65c201759ab67114b1a948d733b4fa192cf_1743131976.png
Anastasia Beverly Hills,Pucker Up Lip Trio (Limited Edition),Rp 699.000,(25),3 shades,https://image-optimizer-id.production.sephora-asia.net/eyJlZGl0cyI6eyJyZXNpemUiOnt9fX0=/images/product_images/zoom_689304199643_PuckerUpLipTrio_HushPink_01_4ec6da8a057d67de4bc3486aed3ba7f35f5abcbc_1749095242.png
MAKE UP FOR EVER,Hydra Booster Step 1 Face Primer,Rp 745.000,(467),2 sizes,https://image-optimizer-id.production.sephora-asia.net/eyJlZGl0cyI6eyJyZXNpemUiOnt9fX0=/images/product_images/zoom_1_Product_3548752174336-Make-Up-For-Ever-Hydra-Booster-Step-1-Face-Primer-30ml_b34e6a06d12d4303458748a372bff5bac2e636cc_1609845362.png
ESQA,Freeze Tinted Brow Mascara,Rp 155.000,(6),2 shades,https://image-optimizer-id.production.sephora-asia.net/eyJlZGl0cyI6eyJyZXNpemUiOnt9fX0=/images/product_images/zoom_1000x1000_7__e4ffa42290486dd898210946ea16136b67733699_1635407580.png
ESQA,Flawless Powder Foundation,Rp 142.000,(23),5 shades,https://image-optimizer-id.production.sephora-asia.net/eyJlZGl0cyI6eyJyZXNpemUiOnt9fX0=/images/product_images/zoom_Packshot_Biscuit_1000x1000_57ec2b874cb89fdff7d8f90366c70e18f480ff1f_1673421990.png
Stila,Shimmer & Glow Liquid Eye Shadow,Rp 499.000,(172),,https://image-optimizer-id.production.sephora-asia.net/eyJlZGl0cyI6eyJyZXNpemUiOnt9fX0=/images/product_images/zoom_zoom_2_Close_35515_20Stila_20Shimmer_20Glow_20Liquid_20Eye_20Shadow_20Kitten_6bbcd5ebec1ff9c5552e6c9185f8aed1e5ab4ce5_1602589509.png
GIVENCHY,Le Rouge Sheer Velvet Matte Lipstick,Rp 760.000,(476),15 shades,https://image-optimizer-id.production.sephora-asia.net/eyJlZGl0cyI6eyJyZXNpemUiOnt9fX0=/images/product_images/zoom_1_Product_3274872452572-GIVENCHY-Le-Rouge-Sheer-Velvet-Matte-Lipstick-N50-Brun-Acajou_233f549722f78481c5afaa087d528f53a70fcad2_1691393308.png
Bobbi Brown,Long-Wear Cream Eye-Shadow Stick,Rp 350.000,(31),7 shades,https://image-optimizer-id.production.sephora-asia.net/eyJlZGl0cyI6eyJyZXNpemUiOnt9fX0=/images/product_images/zoom_1_Product_716170287423-Bobbi-Brown-Long-Wear-Cream-Eye-Shadow-Stick-Mini-Golden-Pink_8dd9ccb4cb37fb99313cf16fff585959b067c868_1667899099.png
Estée Lauder,Double Wear Zero-Smudge Lengthening Mascara,Rp 690.000,(20),,https://image-optimizer-id.production.sephora-asia.net/eyJlZGl0cyI6eyJyZXNpemUiOnt9fX0=/images/product_images/zoom_dw_mascara_9ea6804c3778a8d35980992e605460a05cba6c94_1650447317.png
Anastasia Beverly Hills,Sultry Mini Eyeshadow Palette,Rp 635.000,(151),,https://image-optimizer-id.production.sephora-asia.net/eyJlZGl0cyI6eyJyZXNpemUiOnt9fX0=/images/product_images/zoom_689304191975_MiniSultry_03_815ced738721a455aae20e1028115f9148e9192a_1695957552.png
Clinique,Lash Power™ Mascara Long-Wearing Formula,Rp 450.000,(7),,https://image-optimizer-id.production.sephora-asia.net/eyJlZGl0cyI6eyJyZXNpemUiOnt9fX0=/images/product_images/zoom_2_da4b9237bacccdf19c0760cab7aec4a8359010b0_1700812832.png
Shu Uemura,Calligraph:Ink Liquid Eyeliner Pen,Rp 430.000,(17),,https://image-optimizer-id.production.sephora-asia.net/eyJlZGl0cyI6eyJyZXNpemUiOnt9fX0=/images/product_images/zoom_1_Product_4935421778947-Shu-Uemura-CalligraphInk-Liquid-Eyeliner-Pen-11-3g_cfeddac7b4a68754c8b51a8f9db72a56b9b76ab0_1652940067.png
Dear Dahlia,Perfect Designing Shadow Stick,Rp 576.000,(27),8 shades,https://image-optimizer-id.production.sephora-asia.net/eyJlZGl0cyI6eyJyZXNpemUiOnt9fX0=/images/product_images/zoom_1_Product_8809546848235-Dear-Dahlia-Shadow-Stick-Cotton-Berr_c993a7ca9c9071f09ed52790048b04b35bb7256b_1711356747.png
Nudestix,Stax All Over Color Blush Balm,Rp 480.000,(660),7 shades,https://image-optimizer-id.production.sephora-asia.net/eyJlZGl0cyI6eyJyZXNpemUiOnt9fX0=/images/product_images/zoom_1_Product_839174014786-Nudestix-Stax-All-Over-Color-Blush-Ba_8c28df115b9ecf22938df9e2383fbf9772f1d7db_1726044266.png
MAKE UP FOR EVER,Ultra HD Loose Powder Lilac (Limited Edition),Rp 370.000,,,https://image-optimizer-id.production.sephora-asia.net/eyJlZGl0cyI6eyJyZXNpemUiOnt9fX0=/images/product_images/zoom_1_Product_3548752209199-Make-Up-For-Ever-Ultra-HD-Loose-Powd_71b38e6a78b64094d59a01a53d4afbcb3053edf9_1720670394.png
Anastasia Beverly Hills,Perfectly Shaped Brow Duo Mini (Limited Edition),Rp 407.000,(28),3 shades,https://image-optimizer-id.production.sephora-asia.net/eyJlZGl0cyI6eyJyZXNpemUiOnt9fX0=/images/product_images/zoom_1_Product_689304870146-Anastasia-Beverly-Hills-Perfectly-Sha_02f4beb8f998b2e0c236ba951f7babba3eb6cf61_1738306330.png
Armani Beauty,Eyes To Kill Designer Eyeliner,Rp 650.000,,,https://image-optimizer-id.production.sephora-asia.net/eyJlZGl0cyI6eyJyZXNpemUiOnt9fX0=/images/product_images/zoom_02_GA_MakeUp2019_ETK_Designer_Eyeliner_01_Open_3614272415935_76dc0579ffacb844400e9fce922d12b6df78b9c9_1746435573.png
GIVENCHY,Prisme Libre Bronzer Powder,Rp 990.000,(151),2 shades,https://image-optimizer-id.production.sephora-asia.net/eyJlZGl0cyI6eyJyZXNpemUiOnt9fX0=/images/product_images/zoom_1_Product_3274872488212-GIVENCHY-Prisme-Libre-Bronzer-Powder_07c269beecf3de8b89ce64413e3d39f2221441da_1751351660.png
Anastasia Beverly Hills,Magic Touch Blush Trio,Rp 762.000,(371),3 shades,https://image-optimizer-id.production.sephora-asia.net/eyJlZGl0cyI6eyJyZXNpemUiOnt9fX0=/images/product_images/zoom_xJP7948WaU_4eadfac7b9d3f15e9adf39177abcec6dd74d9df4_1750047114.png
Sephora Collection,Blush & Go,Rp 323.000,(128),6 shades,https://image-optimizer-id.production.sephora-asia.net/eyJlZGl0cyI6eyJyZXNpemUiOnt9fX0=/images/product_images/zoom_1_Product_3378872251590-Sephora-Collection-Blush-Go-01-On-Po_be98d595abb6ce4a0f1326289d50032a6ad00014_1746415454.png
Tom Ford Beauty,Architecture Soft Matte Blurring Cushion Foundation SPF 40/PA+++,Rp 1.450.000,,7 shades,https://image-optimizer-id.production.sephora-asia.net/eyJlZGl0cyI6eyJyZXNpemUiOnt9fX0=/images/product_images/zoom_1_Product_888066166492-Tom-Ford-Beauty-Architecture-Soft-Mat_5cf3aeb246ceebca47afb24fe40600e40361ab84_1756967669.png
Nudestix,Nudies Glow All Over Face Highlight,Rp 699.000,(325),5 shades,https://image-optimizer-id.production.sephora-asia.net/eyJlZGl0cyI6eyJyZXNpemUiOnt9fX0=/images/product_images/zoom_15_f1abd670358e036c31296e66b3b66c382ac00812_1719562890.png
Benefit Cosmetics,Gimme Brow + Volumizing Eyebrow Gel,Rp 475.000,(1938),9 shades,https://image-optimizer-id.production.sephora-asia.net/eyJlZGl0cyI6eyJyZXNpemUiOnt9fX0=/images/product_images/zoom_1_Product_602004103116-Benefit-Gimme-Brow-Brow-Volumizing-Fiber-Gel-All-Shades_5d4134b364d0167bf8cb63571a478b085dd7591d_1642150830.png
MAKE UP FOR EVER,Full Cover Concealer,Rp 520.000,(4908),8 shades,https://image-optimizer-id.production.sephora-asia.net/eyJlZGl0cyI6eyJyZXNpemUiOnt9fX0=/images/product_images/zoom_8752_MakeUpForEver_WEB_db91e69fedbc94361549d72f4e14f20440441760_1602589037.png
Benefit Cosmetics,They're Real! Lengthening Mascara,Rp 520.000,(177),,https://image-optimizer-id.production.sephora-asia.net/eyJlZGl0cyI6eyJyZXNpemUiOnt9fX0=/images/product_images/zoom_7169_BenefitCosmetics_WEB_1d2cfd8cdc48c510488ab580a72650d817762426_1602585275.png
Nudestix,Gel Color Lip + Cheek Balm,Rp 550.000,(152),8 shades,https://image-optimizer-id.production.sephora-asia.net/eyJlZGl0cyI6eyJyZXNpemUiOnt9fX0=/images/product_images/zoom_1_Product_839174012225-Nudestix-GEL-COLOR-LIP-CHEEK-BALM-TAY-TAY-Updated__7aa3a1ed743427db654f4dc50dfde5d7a27296ee_1693809409.png
Anastasia Beverly Hills,Mini Dewy Setting Spray,Rp 355.000,(456),,https://image-optimizer-id.production.sephora-asia.net/eyJlZGl0cyI6eyJyZXNpemUiOnt9fX0=/images/product_images/zoom_1_Product_689304485012-Anastasia-Beverly-Hills-Mini-Dewy-Setting-Spray-Original_f4411069d841888f8345936dc3d6420fe221df8d_1603771545.png
ESQA,Flawless Micro Setting Powder,Rp 142.000,(11),3 shades,https://image-optimizer-id.production.sephora-asia.net/eyJlZGl0cyI6eyJyZXNpemUiOnt9fX0=/images/product_images/zoom_1000x1000_16__7cdd240e348e2e8b4340181b87706d495ae4d754_1635409794.png
DIOR,Forever Perfect Fix Face Mist,Rp 1.050.000,(43),,https://image-optimizer-id.production.sephora-asia.net/eyJlZGl0cyI6eyJyZXNpemUiOnt9fX0=/images/product_images/zoom_2_Product_3348901569897-DIOR-Forever-Perfect-Fix-Face-Mist-1_9c69a8c1fbd68134635aae9947703abc93cf7e63_1615209206.png
MAC Cosmetics,Veluxe Brow Liner,Rp 475.000,(9),,https://image-optimizer-id.production.sephora-asia.net/eyJlZGl0cyI6eyJyZXNpemUiOnt9fX0=/images/product_images/zoom_1_Product_773602279203-MAC-Veluxe-Brow-Liner-Deep-Dark-Brunette_86f2ee2669489bfe35a97b69293e718879cca6c1_1629096995.png
Bobbi Brown,Intensive Serum Foundation SPF 40 PA++++,Rp 1.100.000,(128),5 shades,https://image-optimizer-id.production.sephora-asia.net/eyJlZGl0cyI6eyJyZXNpemUiOnt9fX0=/images/product_images/zoom_2_Product_716170229140-Bobbi-Brown-Intensive-Serum-Foundation-SPF-40-PA-Sand-N-032_a1384f004f78240eccdb293d64d000c581a5ae08_1636688588.png
NARS,Light Reflecting Loose Setting Powder,Rp 695.000,(51),2 shades,https://image-optimizer-id.production.sephora-asia.net/eyJlZGl0cyI6eyJyZXNpemUiOnt9fX0=/images/product_images/zoom_194251075945_1_53bf6de15999bee008517e1f5bfd78b521ea9e61_1648549593.png
MAC Cosmetics,Locked Kiss Ink Lipcolour,Rp 550.000,(283),15 shades,https://image-optimizer-id.production.sephora-asia.net/eyJlZGl0cyI6eyJyZXNpemUiOnt9fX0=/images/product_images/zoom_773602645985_LockedKiss_Lipcolour_Mischief_1_ced0385dfbb04caf7339b9030f049741353af0a2_1677145474.png
Natasha Denona,Bloom Highlighting Blush,Rp 399.000,(198),,https://image-optimizer-id.production.sephora-asia.net/eyJlZGl0cyI6eyJyZXNpemUiOnt9fX0=/images/product_images/zoom_1_Product_7290113701786-Natasha-Denona-Bloom-Highlighting-Blush-Mini-Glow_e91ed6550e313f6d83e52f0b1b4aec8fab924aa3_1663056222.png
Clinique,Blended Loose Setting Face Powder,Rp 665.000,(662),3 shades,https://image-optimizer-id.production.sephora-asia.net/eyJlZGl0cyI6eyJyZXNpemUiOnt9fX0=/images/product_images/zoom_1_Product_192333102183-Clinique-Blended-Loose-Setting-Face-Powder-Transparency-2_ca8deeee75d71fc72924af37b1bd0e27f6cfcec5_1660794921.png
Dear Dahlia,Blooming Edition Paradise Jelly Single Glitter Eyeshadow,Rp 408.000,(28),3 shades,https://image-optimizer-id.production.sephora-asia.net/eyJlZGl0cyI6eyJyZXNpemUiOnt9fX0=/images/product_images/zoom_1_Product_8809546846552-DEAR-DAHLIA-Blooming-Edition-Paradise-Jelly-Single-Glitter-Eyeshad_71b1911c0171b752028d5c66399245f47605e67b_1666076918.png
Clinique,Clinique For Men SPF 21 Moisturizer,Rp 630.000,,,https://image-optimizer-id.production.sephora-asia.net/eyJlZGl0cyI6eyJyZXNpemUiOnt9fX0=/images/product_images/zoom_23102_Clinique_Web_172a8f607579e142ad77d88201c56e80258511f8_1667814910.png
Clinique,Lash Power Curling Mascara Long-Wearing Formula,Rp 450.000,(1),,https://image-optimizer-id.production.sephora-asia.net/eyJlZGl0cyI6eyJyZXNpemUiOnt9fX0=/images/product_images/zoom_1000x1000_10__7fbaf2addd0f6caeb9efcafd22eec276a6cc3a21_1674118637.png
MAKE UP FOR EVER,HD Skin All-In-One Face Palette,Rp 1.900.000,(260),2 types,https://image-optimizer-id.production.sephora-asia.net/eyJlZGl0cyI6eyJyZXNpemUiOnt9fX0=/images/product_images/zoom_1_Product_3548752189088-Make-Up-For-Ever-HD-Skin-All-In-One-Face-Palette-Harmony-1_0a4a5820915efb8058a3b38ee5aa1b9918ebc63e_1681372548.png
Sephora Collection,Care Better Balm Shine Lip Oil,Rp 259.000,(417),3 shades,https://image-optimizer-id.production.sephora-asia.net/eyJlZGl0cyI6eyJyZXNpemUiOnt9fX0=/images/product_images/zoom_1_Product_3378872193777-Sephora-Collection-Better-Balm-Shine-Lip-Oil-02-Vibrant-Poppy-12-m_a96c2f5f1575564e9d3b7438ce6b38b1c6f44479_1684831730.png
Benefit Cosmetics,Fan Fest Mascara,Rp 520.000,(3490),2 sizes,https://image-optimizer-id.production.sephora-asia.net/eyJlZGl0cyI6eyJyZXNpemUiOnt9fX0=/images/product_images/zoom_1_Product_602004146151-Benefit-Cosmetics-Fan-Fest-Mascara-8-5g_c6b9747eb813dddfdb4eedfa76a9ccb2a063c0d3_1690267762.png
DIOR,Diorshow Five Couleurs Eyeshadow Palette,Rp 1.450.000,(103),16 shades,https://image-optimizer-id.production.sephora-asia.net/eyJlZGl0cyI6eyJyZXNpemUiOnt9fX0=/images/product_images/zoom_1_356a192b7913b04c54574d18c28d46e6395428ab_1690345219.png
Rare Beauty,Stay Vulnerable Melting Blush,Rp 510.000,(2949),2 shades,https://image-optimizer-id.production.sephora-asia.net/eyJlZGl0cyI6eyJyZXNpemUiOnt9fX0=/images/product_images/zoom_1_Product_840122902512-Rare-Beauty-Stay-Vulnerable-Melting-Blush-Nearly-Apricot_96513413b547bc49ff9a7309fc693ce55ab70cac_1680248210.png
Rare Beauty,Liquid Touch Weightless Foundation,Rp 659.000,(4041),12 shades,https://image-optimizer-id.production.sephora-asia.net/eyJlZGl0cyI6eyJyZXNpemUiOnt9fX0=/images/product_images/zoom_1_Product_840122902864-Rare-Beauty-Liquid-Touch-Weightless-Foundation-240W_a58ce8c850fe31eae4dd497b9132fe9cb720c20d_1680422159.png
Bobbi Brown,Extra Lip Tinted Balm,Rp 600.000,(469),2 shades,https://image-optimizer-id.production.sephora-asia.net/eyJlZGl0cyI6eyJyZXNpemUiOnt9fX0=/images/product_images/zoom_1_Product_716170298924-Bobbi-Brown-Extra-Lip-Tinted-Balm-Bare-Claret_28eb51781348cc3b0f85f3d893c94fb9fcac64ab_1687937169.png
Clinique,Almost Lipstick,Rp 450.000,(1177),2 sizes,https://image-optimizer-id.production.sephora-asia.net/eyJlZGl0cyI6eyJyZXNpemUiOnt9fX0=/images/product_images/zoom_1000x1000_38__b745b8a5bdeee85c5866d142e244ed572f8c9ac3_1681360501.png
Laura Mercier,Flawless Lumiere Foundation,Rp 1.000.000,(1304),6 shades,https://image-optimizer-id.production.sephora-asia.net/eyJlZGl0cyI6eyJyZXNpemUiOnt9fX0=/images/product_images/zoom_1_Product_207706-Laura-Mercier-Flawless-Lumiere-Radiance-Perfecting-Foundation-Honey_ddba57a04bb39732c3699046ad587a47c1a0b26e_1698029217.png
DIOR,Diorskin Forever Glow Veil Primer,Rp 1.150.000,(48),,https://image-optimizer-id.production.sephora-asia.net/eyJlZGl0cyI6eyJyZXNpemUiOnt9fX0=/images/product_images/zoom_1_Product_3348901630511-DIOR-Diorskin-Forever-Glow-Veil-Primer-30ml_8904694fd3eedc5415436a02a43e777d84db030f_1678420652.png
Huda Beauty,#Fauxfilter Luminous Matte Liquid Concealer,Rp 650.000,(6413),18 shades,https://image-optimizer-id.production.sephora-asia.net/eyJlZGl0cyI6eyJyZXNpemUiOnt9fX0=/images/product_images/zoom_1_Product_6291107572604-Huda-Beauty-Fauxfilter-Luminous-Matte-Liquid-Concealer-Cotton-Cand_7d87e8bca94cb17043c29823c647417896a863e4_1678876552.png
Anastasia Beverly Hills,Lip Velvet,Rp 533.000,(2452),14 shades,https://image-optimizer-id.production.sephora-asia.net/eyJlZGl0cyI6eyJyZXNpemUiOnt9fX0=/images/product_images/zoom_1_Product_689304194501-Anastasia-Beverly-Hills-Lip-Velvet-Ro_482cb401f906f78b67acfb010012d7bde85816d8_1717756009.png
Benefit Cosmetics,Dew-La-La Liquid Glow Illuminateur,Rp 665.000,(340),4 shades,https://image-optimizer-id.production.sephora-asia.net/eyJlZGl0cyI6eyJyZXNpemUiOnt9fX0=/images/product_images/zoom_1_Product_602004154170-Benefit-Cosmetics-Dew-La-La-Liquid-Gl_efbf9b6b559455be868c3449a3b9d7c52c2346b1_1720780065.png
GIVENCHY,L'Interdit Mascara Couture Volume,Rp 690.000,(302),,https://image-optimizer-id.production.sephora-asia.net/eyJlZGl0cyI6eyJyZXNpemUiOnt9fX0=/images/product_images/zoom_1_Product_3274872464353-GIVENCHY-LInterdit-Volumizing-Length_812fbe18fc4e1c83414b37c9d6e930ea8abfbd14_1728470583.png
Kylie Cosmetics,Kylie Power Plush Longwear Concealer,Rp 555.000,(21),9 shades,https://image-optimizer-id.production.sephora-asia.net/eyJlZGl0cyI6eyJyZXNpemUiOnt9fX0=/images/product_images/zoom_1_Product_4064941049081-kylie-cosmetic-Power-Plush-Longwear-_7ea138d821b8d250f7cf6a713e4aaf476b87164e_1732501774.png
Sephora Collection,Reveal the Real Soft Radiant Skin Tint,Rp 440.000,(472),20 shades,https://image-optimizer-id.production.sephora-asia.net/eyJlZGl0cyI6eyJyZXNpemUiOnt9fX0=/images/product_images/zoom_1_Product_3378872241638-Sephora-collection-Reveal-the-Real-S_72a18f32f1adebf6b124f50722e67d153ddb05bf_1729854750.png
DIOR,Diorshow Overvolume Extreme Volume Mascara,Rp 800.000,(814),,https://image-optimizer-id.production.sephora-asia.net/eyJlZGl0cyI6eyJyZXNpemUiOnt9fX0=/images/product_images/zoom_1_Product_3348901756198-DIOR-Diorshow-Overvolume-Extreme-Vol_c261133db14fad6be011e68434fdccc84eed2425_1749700526.png
IT Cosmetics,Glow With Confidence Sun Cream Blush,"Rp 535.000
   Rp 454.750 
    15% OFF",(254),2 shades,https://image-optimizer-id.production.sephora-asia.net/eyJlZGl0cyI6eyJyZXNpemUiOnt9fX0=/images/product_images/zoom_1_Product_3605972932976-IT-Cosmetics-Glow-With-Confidence-Su_2b1e9504bb46ff14debabc0bf8813aba06eca88c_1750221501.png
Sephora Collection,12H Intense Ink Classic Line Felt Eyeliner,Rp 310.000,(282),7 shades,https://image-optimizer-id.production.sephora-asia.net/eyJlZGl0cyI6eyJyZXNpemUiOnt9fX0=/images/product_images/zoom_1_Product_3378872248545-Sephora-collection-12H-Intense-Ink--_30a39e81cdb1edb19db823d57d72f06fc65f8f6f_1739866152.png
MAKE UP FOR EVER,HD Skin Loose Powder,Rp 700.000,(176),,https://image-optimizer-id.production.sephora-asia.net/eyJlZGl0cyI6eyJyZXNpemUiOnt9fX0=/images/product_images/zoom_1_Product_3548752216364-Make-Up-For-Ever-HD-Skin-Loose-Powde_0b132267f7f652220b0e5eafd47792e1c755a31a_1747105030.png
IT Cosmetics,CC+ Nude Glow Lightweight Foundation + Glow Serum with SPF 40,"Rp 835.000
   Rp 709.750 
    15% OFF",(364),11 shades,https://image-optimizer-id.production.sephora-asia.net/eyJlZGl0cyI6eyJyZXNpemUiOnt9fX0=/images/product_images/zoom_1_Product_3605972653482-IT-Cosmetics-Your-Skin-But-Better-CC_b214884ea7335042cbd5147f8db7eabd4bbd959d_1750219339.png
Sephora Collection,Clean Skin Cleansing Balm,Rp 388.000,(66),,https://image-optimizer-id.production.sephora-asia.net/eyJlZGl0cyI6eyJyZXNpemUiOnt9fX0=/images/product_images/zoom_731517_clean_skin_cleansing_balm_packshot_lr_rgb2000_0_c2e6dfd8a1408eba541d3a51b4a2949b6127ac05_1746600591.png
Sephora Collection,Nail Polish,Rp 142.000,(805),36 shades,https://image-optimizer-id.production.sephora-asia.net/eyJlZGl0cyI6eyJyZXNpemUiOnt9fX0=/images/product_images/zoom_1_Product_3378872231103-Sephora-Collection-Nail-Polish-101-C_eb82ffab742d7fbc90816ddd511663e935dce029_1709864109.png
Yves Saint Laurent,All Hours Foundation Luminous Matte,Rp 1.325.000,(132),16 shades,https://image-optimizer-id.production.sephora-asia.net/eyJlZGl0cyI6eyJyZXNpemUiOnt9fX0=/images/product_images/zoom_1_Product_3614273593625-Yves-Saint-Laurent-All-Hours-Foundat_36ea7490f8b7b4c0c49c49d531941266095daa9d_1711563420.png
Anastasia Beverly Hills,Lip Velvet,Rp 533.000,(2452),14 shades,https://image-optimizer-id.production.sephora-asia.net/eyJlZGl0cyI6eyJyZXNpemUiOnt9fX0=/images/product_images/zoom_1_Product_689304194501-Anastasia-Beverly-Hills-Lip-Velvet-Ro_482cb401f906f78b67acfb010012d7bde85816d8_1717756009.png
Shu Uemura,Kinu Care Nudes,Rp 650.000,(7),5 shades,https://image-optimizer-id.production.sephora-asia.net/eyJlZGl0cyI6eyJyZXNpemUiOnt9fX0=/images/product_images/zoom_shu_kinu_care_nudes_BG958_8869a12b50146aff2965a8922a757209e0d3d952_1725084557.png
Benefit Cosmetics,Dew-La-La Liquid Glow Illuminateur,Rp 665.000,(340),4 shades,https://image-optimizer-id.production.sephora-asia.net/eyJlZGl0cyI6eyJyZXNpemUiOnt9fX0=/images/product_images/zoom_1_Product_602004154170-Benefit-Cosmetics-Dew-La-La-Liquid-Gl_efbf9b6b559455be868c3449a3b9d7c52c2346b1_1720780065.png
Kylie Cosmetics,Kylie Power Plush Longwear Concealer,Rp 555.000,(21),9 shades,https://image-optimizer-id.production.sephora-asia.net/eyJlZGl0cyI6eyJyZXNpemUiOnt9fX0=/images/product_images/zoom_1_Product_4064941049081-kylie-cosmetic-Power-Plush-Longwear-_7ea138d821b8d250f7cf6a713e4aaf476b87164e_1732501774.png
Natasha Denona,I Need A Warm Palette,Rp 1.399.000,(414),,https://image-optimizer-id.production.sephora-asia.net/eyJlZGl0cyI6eyJyZXNpemUiOnt9fX0=/images/product_images/zoom_1_Product_7290113705814-Natasha-Denona-I-Need-A-Warm-Palette_4b301f14109caf800ac294e1393fd504f9537b3d_1733456602.png
MAKE UP FOR EVER,Artist To Go Mini Eyeshadow Palette,Rp 560.000,(81),4 shades,https://image-optimizer-id.production.sephora-asia.net/eyJlZGl0cyI6eyJyZXNpemUiOnt9fX0=/images/product_images/zoom_US-3548752207072_I000034001_ARTIST-TO-GO-PALETTE-24-6x1G-600_749e44283b7a2c3268fee42dfd825fe68a280779_1735628362.png
NARS,[Amour Collection] Light Reflecting™ Setting Powder,Rp 695.000,(9),,https://image-optimizer-id.production.sephora-asia.net/eyJlZGl0cyI6eyJyZXNpemUiOnt9fX0=/images/product_images/zoom_1_Product_194251146638-NARS-Light-Reflecting-Setting-Powder-_3f2c5266574d7a80eeeff4ebe9725481963cee3e_1738308434.png
LANEIGE,Skin Veil Tone-Up Powder,Rp 430.000,(15),,https://image-optimizer-id.production.sephora-asia.net/eyJlZGl0cyI6eyJyZXNpemUiOnt9fX0=/images/product_images/zoom_1_Product_8809925147928-Laneige-Skin-Veil-Tone-Up-Powder-7g_32b170f83be4f0f7070de1f9a006de016d4d07aa_1738637054.png
Tom Ford Beauty,Eye Color Quad Eye Shadow Palette,Rp 1.750.000,(2130),6 shades,https://image-optimizer-id.production.sephora-asia.net/eyJlZGl0cyI6eyJyZXNpemUiOnt9fX0=/images/product_images/zoom_1_Product_888066119764-Tom-Ford-Beauty-Eye-Color-Quad-Eye-Sh_aeefec8a76e7fcf79b0b1a9cba5ac948ba198ca8_1757297277.png
Laura Mercier,Caviar Hydra-Crème Lipstick,Rp 750.000,(3),10 shades,https://image-optimizer-id.production.sephora-asia.net/eyJlZGl0cyI6eyJyZXNpemUiOnt9fX0=/images/product_images/zoom_1_Product_194250097092-Laura-Mercier-Caviar-Hydra-Creme-Lips_0cc5fe8f90aa943d09227ea58cc7978c5efef8d0_1750926285.png
Sephora Collection,Mini Mix Palette,Rp 285.000,(296),8 shades,https://image-optimizer-id.production.sephora-asia.net/eyJlZGl0cyI6eyJyZXNpemUiOnt9fX0=/images/product_images/zoom_1_Product_3378872249498-Sephora-collection-Mini-Mix-Palette-_38fb23b1dbe468666739239e4c2823890980d1e0_1751266080.png
Sephora Collection,Original Best Skin Ever High Coverage Concealer,Rp 362.000,(8),8 shades,https://image-optimizer-id.production.sephora-asia.net/eyJlZGl0cyI6eyJyZXNpemUiOnt9fX0=/images/product_images/zoom_1_Product_3378872168263-Sephora-Collection-Best-Skin-Ever-High-Coverage-Concealer-T27_de8cd83851ad54764655630917cc4e7acba81a28_1618857341.png
Anastasia Beverly Hills,Liquid Eyeliner,Rp 483.000,(997),6 types,https://image-optimizer-id.production.sephora-asia.net/eyJlZGl0cyI6eyJyZXNpemUiOnt9fX0=/images/product_images/zoom_prd_Sea_request_49614_2024083008205755_689304214308_Liquid_L_53ef070fdb234a8f1f96ba5ea63e1aca8bcd3e3b_1726209184.png
Lancôme,Juicy Summer Beauty Essentials Set,Rp 750.000,,,https://image-optimizer-id.production.sephora-asia.net/eyJlZGl0cyI6eyJyZXNpemUiOnt9fX0=/images/product_images/zoom_Tanpa_judul_1000_x_1000_piksel_89__67f9d407a3d32f99070223c1f552c0208b3578b8_1758787996.png
Shiseido,Synchro-Skin Radiant Lifting Foundation,Rp 820.000,(1),7 shades,https://image-optimizer-id.production.sephora-asia.net/eyJlZGl0cyI6eyJyZXNpemUiOnt9fX0=/images/product_images/zoom_1_Product_729238215955-Shiseido-Synchro-Skin-Radiant-Lifting_ac2ac9a847642b46a89237c25187c37fd67c4b0c_1758857773.png
Lancôme,3 Serum Finecover Cushion Refill,Rp 850.000,,4 shades,https://image-optimizer-id.production.sephora-asia.net/eyJlZGl0cyI6eyJyZXNpemUiOnt9fX0=/images/product_images/zoom_refill_w20-removebg-preview_a9ff763d0b737962a465dfe46406e03f44b65f26_1759399974.png
Benefit Cosmetics,Camp P.O.R.E. Priming & Setting Trio (Holiday Limited Edition),Rp 790.000,,,https://image-optimizer-id.production.sephora-asia.net/eyJlZGl0cyI6eyJyZXNpemUiOnt9fX0=/images/product_images/zoom_1_Product_602004164902-Benefit-Cosmetics-Camp-P-O-R-E--Primi_11e62728182e4e5ba59222bc2328c22ea9cd4a89_1759978776.png
Benefit Cosmetics,BROWminoes,Rp 630.000,(2),4 shades,https://image-optimizer-id.production.sephora-asia.net/eyJlZGl0cyI6eyJyZXNpemUiOnt9fX0=/images/product_images/zoom_250901_Holiday25_Ecomm_Browminoes_shade3_77-82_Stylized_1644_c7d571dd98e27760df0447d294887eeb34597030_1759896834.png
Benefit Cosmetics,Cheek Score Blush Palette Mini (Holiday Limited Edition),Rp 560.000,(1),,https://image-optimizer-id.production.sephora-asia.net/eyJlZGl0cyI6eyJyZXNpemUiOnt9fX0=/images/product_images/zoom_1_Product_602004164704-Benefit-Cosmetics-Cheek-Score-Blush-P_87551503528bcd5410b26ad8aa4db329f38f9d48_1759907803.png
MAKE UP FOR EVER,Ultra HD Skin Booster,Rp 630.000,(179),,https://image-optimizer-id.production.sephora-asia.net/eyJlZGl0cyI6eyJyZXNpemUiOnt9fX0=/images/product_images/zoom_ULTRA-HD-SKIN-BOOSTER-Hydra-Plump-Serum_ed51d0b70a4d61156cb8cfb61c12dc583d15b863_1602589169.png
Bobbi Brown,Perfectly Defined Gel Eyeliner,Rp 600.000,(187),2 shades,https://image-optimizer-id.production.sephora-asia.net/eyJlZGl0cyI6eyJyZXNpemUiOnt9fX0=/images/product_images/zoom_1_Product_716170132266-Bobbi-Brown-Perfectly-Defined-Gel-Eyeliner-Pitch-Black-A-Blackest-B_78c2fce66f2528215370db391703ee706f9841a0_1635824547.png
GUERLAIN,Meteorites Base Perfecting Pearls,Rp 1.330.000,(141),,https://image-optimizer-id.production.sephora-asia.net/eyJlZGl0cyI6eyJyZXNpemUiOnt9fX0=/images/product_images/zoom_3346470420984_489d942158abaad9c20aed00bc94036be9bd6abc_1625041905.png
MAKE UP FOR EVER,Yellowness Neutralizer Step 1 Face Primer,Rp 745.000,(83),,https://image-optimizer-id.production.sephora-asia.net/eyJlZGl0cyI6eyJyZXNpemUiOnt9fX0=/images/product_images/zoom_1_Product_3548752174367-Make-Up-For-Ever-Yellowness-Neutralizer-Step-1-Face-Primer-30ml_eab2c7f48c25edd2b3ef13e1bb2fb737e02fff02_1609846017.png
GUERLAIN,Parure Gold Setting Mist,Rp 800.000,(15),,https://image-optimizer-id.production.sephora-asia.net/eyJlZGl0cyI6eyJyZXNpemUiOnt9fX0=/images/product_images/zoom_3346470430440_PG_MIST_a4221a26f474b17de830cdab227b9d7a589edd14_1626182961.png
Huda Beauty,Power Bullet Matte Lipstick,Rp 520.000,(2810),11 shades,https://image-optimizer-id.production.sephora-asia.net/eyJlZGl0cyI6eyJyZXNpemUiOnt9fX0=/images/product_images/zoom_1_Product_6291106032826-Huda-Beauty-Power-Bullet-Matte-Lipstick-Wedding-Day_384408ce869e8aa55a227a4a6f8e6a17253486a1_1678956788.png
Dear Dahlia,Dream Velvet Lip Cloud Tint,Rp 492.000,(54),6 shades,https://image-optimizer-id.production.sephora-asia.net/eyJlZGl0cyI6eyJyZXNpemUiOnt9fX0=/images/product_images/zoom_1_Product_8809546847511-Dear-Dahlia-Dream-Velvet-Lip-Tint-Envy_9a8d67a9a5ee9a755c28ac2056bcb4d3adc1b1a7_1681115606.png
Stila,Plumping Lip Glaze,Rp 480.000,(22),13 shades,https://image-optimizer-id.production.sephora-asia.net/eyJlZGl0cyI6eyJyZXNpemUiOnt9fX0=/images/product_images/zoom_1_Product_94800363335-Stila-Plumping-Lip-Glaze-Cinnamon-8b4b_13877ec4f2c29a5dd17f7c57bea2e9aae17e342d_1731899587.png
Estée Lauder,Double Wear 24H Waterproof Gel Eye Pencil,Rp 530.000,(1),3 shades,https://image-optimizer-id.production.sephora-asia.net/eyJlZGl0cyI6eyJyZXNpemUiOnt9fX0=/images/product_images/zoom_1000x1000_2__05140e9316c3c8b596fce1875fe78fab1c695070_1655204512.png
Sephora Collection,Love The Lift Mascara,Rp 336.000,(683),2 sizes,https://image-optimizer-id.production.sephora-asia.net/eyJlZGl0cyI6eyJyZXNpemUiOnt9fX0=/images/product_images/zoom_1_Product_3378872213529-Sephora-Collection-Love-The-Lift-Mas_c82f0d494579168d9c90a083a3efdb342fd05397_1709714463.png
Estée Lauder,Double Wear Smooth & Blur Primer,Rp 650.000,(12),,https://image-optimizer-id.production.sephora-asia.net/eyJlZGl0cyI6eyJyZXNpemUiOnt9fX0=/images/product_images/zoom_Double_Wear_Smooth_Blur_Primer_567474f7493de4e6a25422f5eb3e26dc43b3ea85_1715336149.png
Benefit Cosmetics,Plushtint Moisturizing Matte Lip Tint,Rp 435.000,(440),12 shades,https://image-optimizer-id.production.sephora-asia.net/eyJlZGl0cyI6eyJyZXNpemUiOnt9fX0=/images/product_images/zoom_1_Product_602004149282-Benefit-Cosmetics-Plushtint-Moisturiz_2388bc3276b08a32972ef5a8083820c45f92ce80_1713763242.png
Dear Dahlia,Lip Paradise Sheer Dew Lipstick,Rp 576.000,(13),6 shades,https://image-optimizer-id.production.sephora-asia.net/eyJlZGl0cyI6eyJyZXNpemUiOnt9fX0=/images/product_images/zoom_1_Product_8809546847924-Dear-Dahlia-Lip-Paradise-Sheer-Dew-L_376a47e656651e22bb5e6194d22b878e49c715bd_1711354487.png
Yves Saint Laurent,Lines Liberated Eye Pencil,Rp 690.000,(112),4 shades,https://image-optimizer-id.production.sephora-asia.net/eyJlZGl0cyI6eyJyZXNpemUiOnt9fX0=/images/product_images/zoom_03614274173772_linesliberated_02_alt1_3aaccda1da166df64ad8d96de91ee3582945db71_1724405715.png
MAC Cosmetics,M·A·C Pro Locked Brow Gel Clear,Rp 425.000,(4),,https://image-optimizer-id.production.sephora-asia.net/eyJlZGl0cyI6eyJyZXNpemUiOnt9fX0=/images/product_images/zoom_1_Product_773602695843-MAC-Cosmetics-Pro-Locked-Brow-Gel-Cle_00722b3d9e36b6fa7fad2fb04ede6c5d30edb8a5_1718610488.png
NARS,Spotlight Blush,Rp 565.000,(11),2 shades,https://image-optimizer-id.production.sephora-asia.net/eyJlZGl0cyI6eyJyZXNpemUiOnt9fX0=/images/product_images/zoom_1_Product_194251151809-NARS-Talc-Free-Blush-Holiday-Limited-_6945a5890021ac0e70d587d0e46a82cbf280c944_1730354832.png
NARS,Brow Shaping Gel,Rp 440.000,(2),,https://image-optimizer-id.production.sephora-asia.net/eyJlZGl0cyI6eyJyZXNpemUiOnt9fX0=/images/product_images/zoom_1_Product_194251144221-NARS-Climax-Brow-Gel-3-6g_69efa78bc1ba69953b3b4fec33db1e1f7adc1e13_1730363076.png
bareMinerals,Complexion Rescue Natural Matte ​Tinted Moisturizer ​Mineral SPF 30,Rp 700.000,,9 shades,https://image-optimizer-id.production.sephora-asia.net/eyJlZGl0cyI6eyJyZXNpemUiOnt9fX0=/images/product_images/zoom_BM_SP23_CRTMM_Silo_Hero_Shadow_R300-removebg-preview_1__b2419f7be8c5bbac58e46b37c5cc212616e90f21_1737104109.png
Lancôme,Skin Refining Setting Powder,"Rp 840.000
   Rp 798.000 
    5% OFF",(1),4 shades,https://image-optimizer-id.production.sephora-asia.net/eyJlZGl0cyI6eyJyZXNpemUiOnt9fX0=/images/product_images/zoom_SHADE_00_186105ff7b72d3bceb9bdd001ed1b603584881e1_1750300477.png
GIVENCHY,Le 9 De Givenchy,Rp 1.225.000,(37),5 shades,https://image-optimizer-id.production.sephora-asia.net/eyJlZGl0cyI6eyJyZXNpemUiOnt9fX0=/images/product_images/zoom_P080019_Le-9_08-de-Givenchy_Packshot_View_0_033e0148271d7b1c1e4726dc3ebf1fc6f5a17976_1741838531.png
Tom Ford Beauty,Sunlit Rose Lip Balm,Rp 975.000,(459),,https://image-optimizer-id.production.sephora-asia.net/eyJlZGl0cyI6eyJyZXNpemUiOnt9fX0=/images/product_images/zoom_1_Product_888066152143-Tom-Ford-Beauty-Sunlit-Rose-Lip-Balm-_45f53add24915beaae9f09bc52d6682814c795ff_1757504820.png
Sephora Collection,Size up Mascara Mini,Rp 194.000,(91),,https://image-optimizer-id.production.sephora-asia.net/eyJlZGl0cyI6eyJyZXNpemUiOnt9fX0=/images/product_images/zoom_1_Product_3378872233695-Sephora-collection-Size-up-Mascara-M_3f7907ea1d0a3ce86575ccade378b9037309dd16_1743149872.png
MAKE UP FOR EVER,HD Skin Blush and Glow Palette,Rp 1.520.000,(177),,https://image-optimizer-id.production.sephora-asia.net/eyJlZGl0cyI6eyJyZXNpemUiOnt9fX0=/images/product_images/zoom_1_Product_3548752215862-Make-Up-For-Ever-HD-Skin-Blush-and-G_c9bbf7f45e2fadcfe13463e03509cbaac726768b_1750302572.png
Tom Ford Beauty,Liquid Lip Luxe Matte,Rp 1.035.000,(598),7 shades,https://image-optimizer-id.production.sephora-asia.net/eyJlZGl0cyI6eyJyZXNpemUiOnt9fX0=/images/product_images/zoom_1_Product_888066135924-Tom-Ford-Beauty-Liquid-Lip-Luxe-Matte_e3c32ea706ba4f76f9e7bae92464a870e87ae971_1757477040.png
Lancôme,Lip Idole Juicy Treat Lip Gloss,Rp 675.000,(1000),8 shades,https://image-optimizer-id.production.sephora-asia.net/eyJlZGl0cyI6eyJyZXNpemUiOnt9fX0=/images/product_images/zoom_18_9e6a55b6b4563e652a23be9d623ca5055c356940_1754900276.png
MAKE UP FOR EVER,Mist & Fix Setting Spray,Rp 620.000,(1060),2 types,https://image-optimizer-id.production.sephora-asia.net/eyJlZGl0cyI6eyJyZXNpemUiOnt9fX0=/images/product_images/zoom_1_Product_3548752196376-Make-Up-For-Ever-Mist-Fix-Setting-Spray-100ml_b7b11a86aaf048901ec5fd0c7247f6570460c1ab_1680234704.png
Sephora Collection,12H Intense Ink Fine Line Felt Eyeliner,Rp 310.000,(43),,https://image-optimizer-id.production.sephora-asia.net/eyJlZGl0cyI6eyJyZXNpemUiOnt9fX0=/images/product_images/zoom_1_Product_3378872248620-Sephora-collection-12H-Intense-Ink-F_997d5c77f230af4d8ad1cb49993fa0fa08c9d7d3_1739867564.png
Lancôme,Long Time No Shine Loose Setting & Mattifying Powder,Rp 1.090.000,(920),,https://image-optimizer-id.production.sephora-asia.net/eyJlZGl0cyI6eyJyZXNpemUiOnt9fX0=/images/product_images/zoom_1_356a192b7913b04c54574d18c28d46e6395428ab_1602589645.png
MAKE UP FOR EVER,Fresh Brighten Step 1 Face Primer,Rp 745.000,(132),,https://image-optimizer-id.production.sephora-asia.net/eyJlZGl0cyI6eyJyZXNpemUiOnt9fX0=/images/product_images/zoom_1_Product_3548752174374-Make-Up-For-Ever-Fresh-Brightener-Step-1-Face-Primer-30ml_aa1356f7e3b9a10b9b9cf6daa158436a9802cf7d_1609846626.png
Dear Dahlia,Paradise Blooming Balm,Rp 612.000,(6),,https://image-optimizer-id.production.sephora-asia.net/eyJlZGl0cyI6eyJyZXNpemUiOnt9fX0=/images/product_images/zoom_1_Product_8809546840543-Dear-Dahlia-Paradise-Blooming-Balm-Default_183af7a47e9d7bf4e20a32cfef16a51b8e5ccb1f_1612250519.png
Dear Dahlia,Paradise Dream Velvet Lip Mousse,Rp 552.000,(235),18 shades,https://image-optimizer-id.production.sephora-asia.net/eyJlZGl0cyI6eyJyZXNpemUiOnt9fX0=/images/product_images/zoom_1_Product_8809546841885-Dear-Dahlia-Paradise-Dream-Velvet-Lip-Mousse-Lip-Tint-Ballet_e54cbc93a8cfe56c033f137ca9fecec0776ae2dc_1612325793.png
Benefit Cosmetics,The Porefessional Lite Primer,Rp 615.000,(1197),2 sizes,https://image-optimizer-id.production.sephora-asia.net/eyJlZGl0cyI6eyJyZXNpemUiOnt9fX0=/images/product_images/zoom_1_Product_602004136299-Benefit-The-Porefessional-Lite-Primer-22ml_12df73fd058fb746047b87edb04548bfd53c9724_1642061365.png
Shu Uemura,Unlimited Loose Powder,"Rp 835.000
   Rp 709.750 
    15% OFF",(34),,https://image-optimizer-id.production.sephora-asia.net/eyJlZGl0cyI6eyJyZXNpemUiOnt9fX0=/images/product_images/zoom_shu_unlimited_mopo_loose_1__1974171a806208527c8996a85fbee2087a812566_1645765439.png
Lancôme,L'Absolu Rouge Drama - Matte Lipstick,"Rp 715.000
   Rp 643.500 
    10% OFF",(123),11 shades,https://image-optimizer-id.production.sephora-asia.net/eyJlZGl0cyI6eyJyZXNpemUiOnt9fX0=/images/product_images/zoom_160_be057d4ca44c10a0fc1dfcffd99cce1490291dc7_1727946653.png
Dear Dahlia,Paradise Dream Precision Pro Liquid Eyeliner,Rp 576.000,(19),2 shades,https://image-optimizer-id.production.sephora-asia.net/eyJlZGl0cyI6eyJyZXNpemUiOnt9fX0=/images/product_images/zoom_1_Product_8809546843902-Dear-Dahlia-Paradise-Dream-Precision-Pro-Liquid-Eyeliner-Noir_d36516f3c4bdce5de7f4fdc225097e98b4834a8d_1647944577.png
Natasha Denona,Macro Tech Eye Crayon,Rp 499.000,(250),6 shades,https://image-optimizer-id.production.sephora-asia.net/eyJlZGl0cyI6eyJyZXNpemUiOnt9fX0=/images/product_images/zoom_1_Product_7290113705258-Natasha-Denona-Macro-Tech-Eye-Crayon-Eyeliner-Camu-Camu_7b6d5b527eb44be6aaee6fecf57323689a96e9f5_1685700326.png
MAC Cosmetics,Extra Dimension Skinfinish Highlighter,Rp 710.000,(40),,https://image-optimizer-id.production.sephora-asia.net/eyJlZGl0cyI6eyJyZXNpemUiOnt9fX0=/images/product_images/zoom_1_Product_773602429899-MAC-Extra-Dimension-Skinfinish-Highlighter-Double-Geam_dcb1e2f25b84b5a2d1043bb80502c7aad9c44057_1652151463.png
GUERLAIN,KissKiss Bee Glow Tint Lip Balm,Rp 690.000,(130),6 shades,https://image-optimizer-id.production.sephora-asia.net/eyJlZGl0cyI6eyJyZXNpemUiOnt9fX0=/images/product_images/zoom_1_Product_3346470435698-Guerlain-KissKiss-Bee-Glow-Tint-Lip-Balm-309-Honey-Glow_164c6a0e1ae20a162c6f8f0256f10ed51a754324_1658476854.png
Natasha Denona,My Dream Eyeshadow Palette,Rp 1.399.000,(499),,https://image-optimizer-id.production.sephora-asia.net/eyJlZGl0cyI6eyJyZXNpemUiOnt9fX0=/images/product_images/zoom_1_Product_7290113704282-NATASHA-DENONA-My-Dream-Eyeshadow-Palette-Default_c4ef283ceed0ed9659af079bd0ba0658832a6cc4_1666494921.png
Anastasia Beverly Hills,Glam To Go Mini Palette,Rp 655.000,(272),,https://image-optimizer-id.production.sephora-asia.net/eyJlZGl0cyI6eyJyZXNpemUiOnt9fX0=/images/product_images/zoom_Glam_to_go_1_9acc2a59073fc588dd2956cfe40eeda7607d4924_1669875860.png
Clinique,Even Better Powder Makeup Water Veil SPF27/PA++++ Refill,Rp 665.000,(33),5 shades,https://image-optimizer-id.production.sephora-asia.net/eyJlZGl0cyI6eyJyZXNpemUiOnt9fX0=/images/product_images/zoom_1_Product_20714758851-Clinique-Even-Better-Powder-Makeup-Water-Veil-SPF27-PA--Refill-Ivory_c0f960b371bd3383c18d84b5921dcc1a5b866f5e_1659580254.png
Shiseido,Technosatin Gel Lipstick,Rp 425.000,(33),20 shades,https://image-optimizer-id.production.sephora-asia.net/eyJlZGl0cyI6eyJyZXNpemUiOnt9fX0=/images/product_images/zoom_1_Product_729238180499-Shiseido-Technosatin-Gel-Lipstick-404_0916d3e86a3804c4b7c65a6c13c3b4c4b270ac29_1676621556.png
MAC Cosmetics,Connect In Colour Eye Shadow Palette 12 Shade,Rp 1.280.000,(16),,https://image-optimizer-id.production.sephora-asia.net/eyJlZGl0cyI6eyJyZXNpemUiOnt9fX0=/images/product_images/zoom_1_356a192b7913b04c54574d18c28d46e6395428ab_1686800459.png
Bobbi Brown,Long-Wear Brow Pencil,Rp 750.000,(5),5 shades,https://image-optimizer-id.production.sephora-asia.net/eyJlZGl0cyI6eyJyZXNpemUiOnt9fX0=/images/product_images/zoom_IMAGE01_BBEP20_warmbrown_ac002b0634bcd07e598d60deced5787154aee710_1737527715.png
LANEIGE,NEW NEO Cushion Matte,Rp 440.000,(7),4 shades,https://image-optimizer-id.production.sephora-asia.net/eyJlZGl0cyI6eyJyZXNpemUiOnt9fX0=/images/product_images/zoom_111976727-LANEIGE-NEO-CUSHION-MATTE-23N-15G-2_5bafb0fd95f29e97b7ae70df8545e9022fc7f059_1692697880.png
Yves Saint Laurent,Touche Éclat Blur Primer,Rp 1.300.000,(2290),,https://image-optimizer-id.production.sephora-asia.net/eyJlZGl0cyI6eyJyZXNpemUiOnt9fX0=/images/product_images/zoom_ysl_complexion_teint-touche-eclat-blur-primer-silver_3614270_5966d6a2ea10944a1470362cf85754dc243ba06d_1724643283.png
Bobbi Brown,Weightless Skin Foundation SPF 15 PA++,Rp 900.000,(513),8 shades,https://image-optimizer-id.production.sephora-asia.net/eyJlZGl0cyI6eyJyZXNpemUiOnt9fX0=/images/product_images/zoom_1_Product_716170285405-Bobbi-Brown-Weightless-Skin-Foundatio_71ca95c3dd2ab1d86721fcea8b098e316a8382f0_1724665122.png
MAC Cosmetics,Studio Fix Longwear Cushion Foundation SPF 50/PA+++ Refill,Rp 500.000,(3),3 shades,https://image-optimizer-id.production.sephora-asia.net/eyJlZGl0cyI6eyJyZXNpemUiOnt9fX0=/images/product_images/zoom_1_Product_773602682577-MAC-Cosmetics-Studio-Fix-Cushion-Comp_ff220c941a998cf8f730316d9b53f35f19498252_1727683680.png
Armani Beauty,Power Fabric + Ultra Longwear Matte Foundation SPF 20,Rp 1.250.000,(26),11 shades,https://image-optimizer-id.production.sephora-asia.net/eyJlZGl0cyI6eyJyZXNpemUiOnt9fX0=/images/product_images/zoom_01_GA_2022_Power-Fabric-Plus_2_75_Closed_Inter_3614273557979_4c91394c44956bb8d813d48d6921d7a1abc0b097_1745395514.png
Armani Beauty,Power Fabric Concealer,Rp 860.000,(11),5 shades,https://image-optimizer-id.production.sephora-asia.net/eyJlZGl0cyI6eyJyZXNpemUiOnt9fX0=/images/product_images/zoom_1_Product_3614273363617-Armani-Power-Fabric-Concealer-2-f5cd_75895ec4add443e7e8c566f25db37ace3440460b_1745570369.png
Huda Beauty,Glossiest Gloss Mini Kit (Limited Edition),Rp 615.000,(119),,https://image-optimizer-id.production.sephora-asia.net/eyJlZGl0cyI6eyJyZXNpemUiOnt9fX0=/images/product_images/zoom_1_356a192b7913b04c54574d18c28d46e6395428ab_1741062913.png
Sephora Collection,Totally Juicy Lip Tint,Rp 310.000,(189),7 shades,https://image-optimizer-id.production.sephora-asia.net/eyJlZGl0cyI6eyJyZXNpemUiOnt9fX0=/images/product_images/zoom_1_Product_3378872244974-Sephora-Collection-Totally-Juicy-Lip_5f0a242f563a19efbf9c20f03dc67da8224b3e10_1748422868.png
Bobbi Brown,Long-Wear Brow Pencil,Rp 750.000,(5),5 shades,https://image-optimizer-id.production.sephora-asia.net/eyJlZGl0cyI6eyJyZXNpemUiOnt9fX0=/images/product_images/zoom_IMAGE01_BBEP20_warmbrown_ac002b0634bcd07e598d60deced5787154aee710_1737527715.png
MAC Cosmetics,Connect In Colour Eye Shadow Palette 12 Shade,Rp 1.280.000,(16),,https://image-optimizer-id.production.sephora-asia.net/eyJlZGl0cyI6eyJyZXNpemUiOnt9fX0=/images/product_images/zoom_1_356a192b7913b04c54574d18c28d46e6395428ab_1686800459.png
MAC Cosmetics,Lip Pencil,Rp 410.000,(23),7 shades,https://image-optimizer-id.production.sephora-asia.net/eyJlZGl0cyI6eyJyZXNpemUiOnt9fX0=/images/product_images/zoom_1_Product_773602756339-MAC-Cosmetics-Lip-Pencil-Cool-Spice-D_505ad8a0839b9a1d8242d35839882617a5e5f838_1741945853.png
ESQA,Minimalist Serum Concealer,Rp 129.000,(4),8 shades,https://image-optimizer-id.production.sephora-asia.net/eyJlZGl0cyI6eyJyZXNpemUiOnt9fX0=/images/product_images/zoom_03_Custard_c25b77d7ae1f86d5b130cea631b586b66a0a00a3_1718696026.png
MAC Cosmetics,Prep + Prime 24-Hour Extend Eye Base,Rp 465.000,(109),,https://image-optimizer-id.production.sephora-asia.net/eyJlZGl0cyI6eyJyZXNpemUiOnt9fX0=/images/product_images/zoom_773602335374_PrepPrime24HourExtendEyeBase_6_60b465300ee97da3e70fb2d8ef821dbf481c118c_1719200275.png
NARS,Laguna Ultimate Face Palette,Rp 965.000,(29),2 types,https://image-optimizer-id.production.sephora-asia.net/eyJlZGl0cyI6eyJyZXNpemUiOnt9fX0=/images/product_images/zoom_0194251142838_LagunaFacePalette1_LightMedium_ccfc7295cd51cec140334663a8f6195377390965_1719286987.png
Anastasia Beverly Hills,Mini Sultry Kit,Rp 936.000,(2),,https://image-optimizer-id.production.sephora-asia.net/eyJlZGl0cyI6eyJyZXNpemUiOnt9fX0=/images/product_images/zoom_prd_Sea_request_49622_2024072609284471_689304199216_01_52107aacb3bf4050877989e93b54e2d33a5c7b5c_1724212225.png
Sephora Collection,About That Shine Lacquer Shine Lipstick,Rp 310.000,(370),10 shades,https://image-optimizer-id.production.sephora-asia.net/eyJlZGl0cyI6eyJyZXNpemUiOnt9fX0=/images/product_images/zoom_1_Product_3378872233374-Sephora-Collection-About-That-Shine-_683165131f44c5da940fc30a20f15a519ad203ba_1722334857.png
Anastasia Beverly Hills,Blurring Serum Blush,Rp 635.000,(564),5 shades,https://image-optimizer-id.production.sephora-asia.net/eyJlZGl0cyI6eyJyZXNpemUiOnt9fX0=/images/product_images/zoom_1_Product_689304186698-Anastasia-Beverly-Hills-Blurring-Seru_a1b17d4f91f81de9735585761cd5237c32418707_1721974323.png
Anastasia Beverly Hills,Impeccable Setting Spray,Rp 355.000,(1164),2 sizes,https://image-optimizer-id.production.sephora-asia.net/eyJlZGl0cyI6eyJyZXNpemUiOnt9fX0=/images/product_images/zoom_1_Product_689304361811-Anastasia-Beverly-Hills-Impeccable-Se_2616d331a00aef25647b66ff96f4f85fa657368a_1737003161.png
Sephora Collection,Contour Stick,Rp 388.000,(637),4 shades,https://image-optimizer-id.production.sephora-asia.net/eyJlZGl0cyI6eyJyZXNpemUiOnt9fX0=/images/product_images/zoom_1_Product_3378872234906-Sephora-collection-Contour-Stick-02-_e6fa40a0ae938ae664fa503f758bdf12ffc3cf47_1737432457.png
NARS,Pure Luxury Light Reflecting™ Cheek & Eye Palette I (Holiday Limited Edition),Rp 965.000,(25),,https://image-optimizer-id.production.sephora-asia.net/eyJlZGl0cyI6eyJyZXNpemUiOnt9fX0=/images/product_images/zoom_1_Product_194251147239-NARS-Pure-Luxury-Light-Reflecting-Che_9bfa45ef62fbfe1a056350fd82080a086ba79f8d_1732876046.png
NARS,Quad Eyeshadow Palette,Rp 900.000,(6),4 shades,https://image-optimizer-id.production.sephora-asia.net/eyJlZGl0cyI6eyJyZXNpemUiOnt9fX0=/images/product_images/zoom_1_Product_194251151090-NARS-Quad-Eyeshadow-Palette-Kuala-Lum_75280aa4dcece65b4e1b18aa1c39a36e94731613_1747385480.png
Kylie Cosmetics,Kylie Gel Eyeliner Pencil,Rp 456.000,(6),,https://image-optimizer-id.production.sephora-asia.net/eyJlZGl0cyI6eyJyZXNpemUiOnt9fX0=/images/product_images/zoom_1_Product_4064941009245-kylie-cosmetic-Kyliner-Gel-Eyeliner-_2e2163840caa5b8ba0e591c725ecac2c2145d7ac_1732269633.png
Kylie Cosmetics,Velvet Liquid Lipstick & Lip Liner Kit,Rp 595.000,(28),2 shades,https://image-optimizer-id.production.sephora-asia.net/eyJlZGl0cyI6eyJyZXNpemUiOnt9fX0=/images/product_images/zoom_1_Product_4064941008613-kylie-cosmetic-Velvet-Liqui-Lipstick_f928b6ec1f169c2d369046cdf3f92cfab760dd59_1732263134.png
Kylie Cosmetics,Kylie Power Plush Longwear Foundation,Rp 750.000,(25),20 shades,https://image-optimizer-id.production.sephora-asia.net/eyJlZGl0cyI6eyJyZXNpemUiOnt9fX0=/images/product_images/zoom_1_Product_4064941009627-KYLIE-COSMETICS-Power-Plush-Longwear_34a9a82b20cb766eb47f6fe8bcc3d8b4504110a9_1732504423.png
MAC Cosmetics,Studio Radiance 24Hr Luminous Lift Concealer,Rp 550.000,(11),6 shades,https://image-optimizer-id.production.sephora-asia.net/eyJlZGl0cyI6eyJyZXNpemUiOnt9fX0=/images/product_images/zoom_1_Product_773602657117-MAC-Cosmetics-Studio-Radiance-24Hr-Lu_b7f586b8f5e3b40a220410037f98a2f571eae3dd_1753414632.png
Sulwhasoo,Perfecting Lip Color,Rp 600.000,(19),5 shades,https://image-optimizer-id.production.sephora-asia.net/eyJlZGl0cyI6eyJyZXNpemUiOnt9fX0=/images/product_images/zoom_1_Product_8809925154087-Sulwhasoo-Perfecting-Lip-Color-No-46_453b63b42a59ddc1f0266cb3d231ce8cd607a36f_1730868100.png
Huda Beauty,Easy Blur Silicone-Free & Pore-Minimizing Tinted Primer,Rp 695.000,(423),,https://image-optimizer-id.production.sephora-asia.net/eyJlZGl0cyI6eyJyZXNpemUiOnt9fX0=/images/product_images/zoom_1_Product_6294018408543-Huda-Beauty-Easy-Blur-Silicone-Free-_b659a65b1f31eab31816feda86b31f54c0d42279_1756265913.png
NARS,Afterglow Lip Oil (Limited Edition),Rp 460.000,(3),2 shades,https://image-optimizer-id.production.sephora-asia.net/eyJlZGl0cyI6eyJyZXNpemUiOnt9fX0=/images/product_images/zoom_1_Product_194251147116-NARS-Afterglow-Lip-Oil-Limited-Editio_c77b8ed73e993e448535dba5657677a2c202c1b3_1751274185.png
Benefit Cosmetics,Hoola Matte Powder Bronzer,Rp 630.000,(2711),4 shades,https://image-optimizer-id.production.sephora-asia.net/eyJlZGl0cyI6eyJyZXNpemUiOnt9fX0=/images/product_images/zoom_1_Product_602004160522-Benefit-Cosmetics-Hoola-Matte-Powder-_dc93a0d0ce034e119ef5bb398a52ba9444bda298_1752059705.png
Sephora Collection,Rouge Is Not My Name Matte Lipstick,Rp 310.000,(732),20 shades,https://image-optimizer-id.production.sephora-asia.net/eyJlZGl0cyI6eyJyZXNpemUiOnt9fX0=/images/product_images/zoom_1_Product_3378872223887-Sephora-Collection-Rouge-Is-Not-My-Name-Matte-Lipstick-01-Out-of-Y_795134baec193589ba6a8476027ea661be4cfe28_1695029509.png
Sephora Collection,Moisturizing Lip Balm - 8HR Hydrating Treatment,Rp 156.000,(738),4 shades,https://image-optimizer-id.production.sephora-asia.net/eyJlZGl0cyI6eyJyZXNpemUiOnt9fX0=/images/product_images/zoom_1_Product_3378872234241-Sephora-Collection-Moisturizing-Lip-_aa191c4fc87a1d6ae22fe76c6993665229214039_1722331331.png
Anastasia Beverly Hills,Hydra Prime Broad Spectrum Sunscreen SPF 50,Rp 880.000,(3),,https://image-optimizer-id.production.sephora-asia.net/eyJlZGl0cyI6eyJyZXNpemUiOnt9fX0=/images/product_images/zoom_689304363129_HydraPrimeInternational_01_5c4967a88acc71c23c2492fea40e95cf132a5052_1752812565.png
Natasha Denona,HY-Glam Correcting Concealer,Rp 620.000,(122),4 shades,https://image-optimizer-id.production.sephora-asia.net/eyJlZGl0cyI6eyJyZXNpemUiOnt9fX0=/images/product_images/zoom_1_Product_7290113705081-Natasha-Denona-HY-Glam-Correcting-Concealer-C1-Fair-Corrector_d69148ed478bba923f50c0cc27a79efe362bc513_1686288568.png
Estée Lauder,The Sculpting Blush Duo,Rp 770.000,,,https://image-optimizer-id.production.sephora-asia.net/eyJlZGl0cyI6eyJyZXNpemUiOnt9fX0=/images/product_images/zoom_foto_PDP_3__e592fdd167e06d1c36b82c16c280b26a358ebced_1760083572.png
Anastasia Beverly Hills,Microstroke Brow Pen,Rp 550.000,(575),9 shades,https://image-optimizer-id.production.sephora-asia.net/eyJlZGl0cyI6eyJyZXNpemUiOnt9fX0=/images/product_images/zoom_1_Product_689304013055-Anastasia-Beverly-Hills-Microstroke-B_7d7ac8a271c7bedeb81d5a93b246f1efe53b25b6_1759474176.png
Benefit Cosmetics,I Spy Beauty Mini & Fun-Size Bestsellers Set (Holiday Limited Edition),Rp 700.000,,,https://image-optimizer-id.production.sephora-asia.net/eyJlZGl0cyI6eyJyZXNpemUiOnt9fX0=/images/product_images/zoom_1_Product_602004164841-Benefit-Cosmetics-I-Spy-Beauty-Mini-F_2d5a229bd5a373e21d700b058af423db6983fb5f_1759915446.png
LANEIGE,Neo Cushion Mewy,Rp 469.000,,4 types,https://image-optimizer-id.production.sephora-asia.net/eyJlZGl0cyI6eyJyZXNpemUiOnt9fX0=/images/product_images/zoom_Laneige_Mewy_1_ee71a1439f3383401074a6fa37cd2718d4e131b6_1760599607.png
Revitalash,RevitaBrow Advanced,Rp 930.000,(24),2 types,https://image-optimizer-id.production.sephora-asia.net/eyJlZGl0cyI6eyJyZXNpemUiOnt9fX0=/images/product_images/zoom_1000x1000_8bc8cb5461ef969f23ce55cbcb31dfd95d98792a_1716351086.png
Stila,Huge Extreme Lash Mascara,Rp 250.000,(891),2 types,https://image-optimizer-id.production.sephora-asia.net/eyJlZGl0cyI6eyJyZXNpemUiOnt9fX0=/images/product_images/zoom_stila_BTG_HLM_1__93af2a0f6a38c805d31b3614b144df41e49bd8c2_1733733609.png
DIOR,Diorshow Iconic Overcurl Mascara,Rp 800.000,(993),3 shades,https://image-optimizer-id.production.sephora-asia.net/eyJlZGl0cyI6eyJyZXNpemUiOnt9fX0=/images/product_images/zoom_1_356a192b7913b04c54574d18c28d46e6395428ab_1690272165.png
MAKE UP FOR EVER,Ultra HD Setting Powder Mini,Rp 370.000,(245),2 shades,https://image-optimizer-id.production.sephora-asia.net/eyJlZGl0cyI6eyJyZXNpemUiOnt9fX0=/images/product_images/zoom_1_Product-Updated_3548752175081-Make-Up-For-Ever-Ultra-HD-Setting-Powder-Mini-2-Vanilla_9b1087b461ddd557d3b6fd8273ce96754beed069_1618914991.png
Anastasia Beverly Hills,Magic Touch Concealer,Rp 659.000,(2189),12 shades,https://image-optimizer-id.production.sephora-asia.net/eyJlZGl0cyI6eyJyZXNpemUiOnt9fX0=/images/product_images/zoom_1_Product_689304101226-Anastasia-Beverly-Hills-Magic-Touch-Concealer-3_7f45f0f38c81022650a8e1cc69defb235053d25d_1638932304.png
Bobbi Brown,Intensive Skin Serum Cushion SPF 40 PA+++ Foundation,Rp 1.060.000,(34),4 shades,https://image-optimizer-id.production.sephora-asia.net/eyJlZGl0cyI6eyJyZXNpemUiOnt9fX0=/images/product_images/zoom_1_Product_716170273556-Bobbi-Brown-Intensive-Skin-Serum-Cushion-SPF-40-PA-Foundation-Extra_6b2295f554ca2b9f2886729360df9628fc53f6f9_1656385747.png
DIOR,Diorshow On Stage Crayon Waterproof Kohl Eyeliner,Rp 500.000,(64),6 shades,https://image-optimizer-id.production.sephora-asia.net/eyJlZGl0cyI6eyJyZXNpemUiOnt9fX0=/images/product_images/zoom_1_Product_3348901663168-DIOR-Diorshow-On-Stage-Crayon-Waterproof-Kohl-Eyeliner-254-Bleu-Bl_bdc38cd305f84c4528f05b9a26f08dd22b06575d_1690270290.png
La Mer,The Cool Micellar Cleanser,Rp 2.050.000,(1),,https://image-optimizer-id.production.sephora-asia.net/eyJlZGl0cyI6eyJyZXNpemUiOnt9fX0=/images/product_images/zoom_1_Product_747930136828-La-Mer-The-Cool-Micellar-Cleanser-200ml_0318d3546dfb01b9cfdceee8e1c36dff0db8c337_1706671603.png
Benefit Cosmetics,Precisely My Brow Detailer,Rp 440.000,(656),6 shades,https://image-optimizer-id.production.sephora-asia.net/eyJlZGl0cyI6eyJyZXNpemUiOnt9fX0=/images/product_images/zoom_1_Product_602004152985-Benefit-Cosmetics-Precisely-My-Brow-D_1a3fba6ac230b6a9b4994dc84b8b00ba6e7e3683_1707461081.png
Lancôme,Teint Idole Ultra Wear Foundation,"Rp 915.000
   Rp 732.000 
    20% OFF",(1),5 shades,https://image-optimizer-id.production.sephora-asia.net/eyJlZGl0cyI6eyJyZXNpemUiOnt9fX0=/images/product_images/zoom_LC_GNF_LIGHT_PEARL_R22_SACH1ML_36__57b997bd7cca0bad0bc3164210d220030df9817a_1711879847.png
Sephora Collection,12H Colorful Special Effects Multichrome Retractable Eyeliner,Rp 259.000,(140),4 shades,https://image-optimizer-id.production.sephora-asia.net/eyJlZGl0cyI6eyJyZXNpemUiOnt9fX0=/images/product_images/zoom_1_Product_3378872246084-Sephora-Collection-12H-Colorful-Spec_32f567afdd6bd0099a239d2ce5b837722cce37bd_1748403794.png
Anastasia Beverly Hills,Impeccable Blurring Second Skin Matte Foundation,Rp 990.000,(1742),25 shades,https://image-optimizer-id.production.sephora-asia.net/eyJlZGl0cyI6eyJyZXNpemUiOnt9fX0=/images/product_images/zoom_1_Product_689304361255-Anastasia-Beverly-Hills-Impeccable-Bl_3087053a0610ac4fd3e1f2d5cd1df46fb35ebeb2_1737011373.png
bareMinerals,Mineralist Lasting Matte Liquid Lipstick,Rp 430.000,(152),5 shades,https://image-optimizer-id.production.sephora-asia.net/eyJlZGl0cyI6eyJyZXNpemUiOnt9fX0=/images/product_images/zoom_136938_Mineralist_MatteLiquidLip_FullSize_WoW_Open_x6_jt_MIG_11fc4cc3532b054fa4cb5b10b449c873cba92102_1737362019.png
Bobbi Brown,Lip Pencil,Rp 430.000,(2),4 shades,https://image-optimizer-id.production.sephora-asia.net/eyJlZGl0cyI6eyJyZXNpemUiOnt9fX0=/images/product_images/zoom_1_Product_716170355634-Bobbi-Brown-Lip-Pencil-Pink-Cloud-War_d7488b1eea18d8b3c6277d118a8f6be5b3e48ee6_1752573522.png
Tom Ford Beauty,Shade And Illuminate Blush,Rp 1.435.000,(44),2 shades,https://image-optimizer-id.production.sephora-asia.net/eyJlZGl0cyI6eyJyZXNpemUiOnt9fX0=/images/product_images/zoom_1_Product_888066118705-Tom-Ford-Shade-And-Illuminate-Blush-C_8d4cc9897080544eca79ce9c61edc3fbd7a64f8f_1757500804.png
Estée Lauder,Double Wear Soft Glow Matte Cushion Makeup SPF 45/PA+++ Foundation Refill,Rp 850.000,(2),,https://image-optimizer-id.production.sephora-asia.net/eyJlZGl0cyI6eyJyZXNpemUiOnt9fX0=/images/product_images/zoom_1_Product_887167727199-Este-Lauder-Double-Wear-Soft-Glow-Mat_91e1eb7da85e6461b284ae3f15f5a9a134ef131a_1757671198.png
Rare Beauty,Always An Optimist Illuminating Primer,Rp 610.000,(1278),,https://image-optimizer-id.production.sephora-asia.net/eyJlZGl0cyI6eyJyZXNpemUiOnt9fX0=/images/product_images/zoom_1_Product_840122901430-Rare-Beauty-Always-An-Optimist-Illuminating-Primer-28ml_d8d4e85286229e8e6f6ddb531a07f8f4a299c204_1680163266.png
Sephora Collection,Reusable Cotton Pads,"Rp 388.000
   Rp 194.000 
    50% OFF",(97),,https://image-optimizer-id.production.sephora-asia.net/eyJlZGl0cyI6eyJyZXNpemUiOnt9fX0=/images/product_images/zoom_1_Product_3378872140191-Sephora-Collection-Reusable-Cotton-Pads-7-pieces_1cbcd87be0e83dcc5edcf5612792d9b1404f2268_1658735962.png
DIOR,Diorshow On Stage Liner Waterproof Felt Tip Liquid Eyeliner,Rp 650.000,(62),6 shades,https://image-optimizer-id.production.sephora-asia.net/eyJlZGl0cyI6eyJyZXNpemUiOnt9fX0=/images/product_images/zoom_1_Product_3348901596053-Dior-Diorshow-On-Stage-Liner-Waterproof-Felt-Tip-Liquid-Eyeliner-4_d9eab738111ea92aeab835b2b1ba4161041a4666_1658461255.png
Shu Uemura,Ultime8∞ Sublime Beauty Cleansing Oil,Rp 2.190.000,(169),3 sizes,https://image-optimizer-id.production.sephora-asia.net/eyJlZGl0cyI6eyJyZXNpemUiOnt9fX0=/images/product_images/zoom_1_Product_4936968814365-Shu-Uemura-Shu-Uemura-Ultime8-Sublime-Beauty-Cleansing-Oil-38388-4_9bae6352be5fc46434b05c5b42fd866bfd006bff_1697010323.png
MAC Cosmetics,Prep + Prime Lip,Rp 455.000,(138),,https://image-optimizer-id.production.sephora-asia.net/eyJlZGl0cyI6eyJyZXNpemUiOnt9fX0=/images/product_images/zoom_32211_MACCOsmetics_PrepPrimeLip_WEB_98f1d8c30f6fb1636fdf35c439e74133a061cf97_1664418709.png
Shu Uemura,Rouge Unlimited Kinu Cream,Rp 650.000,,5 shades,https://image-optimizer-id.production.sephora-asia.net/eyJlZGl0cyI6eyJyZXNpemUiOnt9fX0=/images/product_images/zoom_shu_kinurougecream_PK333_front_updated_04936968878831-0_f5b5a3aeff787a75053b5cd2ce6cd0422ca5ca85_1754377315.png
Lancôme,L'Absolu Rouge Intimatte Lipstick,"Rp 715.000
   Rp 643.500 
    10% OFF",(67),16 shades,https://image-optimizer-id.production.sephora-asia.net/eyJlZGl0cyI6eyJyZXNpemUiOnt9fX0=/images/product_images/zoom_248_ca3799b8ff860c55da009a5675031b8644cdf7e3_1754384723.png
Shu Uemura,Calligraph:Ink Liquid Eyeliner Cartridge,Rp 500.000,(14),2 shades,https://image-optimizer-id.production.sephora-asia.net/eyJlZGl0cyI6eyJyZXNpemUiOnt9fX0=/images/product_images/zoom_1_Product_4935421778978-Shu-Uemura-CalligraphInk-Liquid-Eyeliner-Cartridge-Dark-Brown_32e2b4d1151e44f754d337cc75512c594d7180ec_1652939272.png
DIOR,Capture DreamSkin Moist & Perfect Cushion Foundation SPF50 PA+++,Rp 1.350.000,(84),3 shades,https://image-optimizer-id.production.sephora-asia.net/eyJlZGl0cyI6eyJyZXNpemUiOnt9fX0=/images/product_images/zoom_zoom_1_Product_194472-Dior-Capture-DreamSkin-Moist-and-Perfect-Cushion-SPF50-PA-10_65b78223bf147bf0dd61da9e16abc58ae1a22c68_1602589621.png
Benefit Cosmetics,24hr Brow Setter Mini,Rp 280.000,(4216),,https://image-optimizer-id.production.sephora-asia.net/eyJlZGl0cyI6eyJyZXNpemUiOnt9fX0=/images/product_images/zoom_24H_20brow_20setter_20-_20clear_9001dfdba7e48b186a10ed00481493ce7b27f272_1602591357.png
Anastasia Beverly Hills,Perfect Brow Pencil,Rp 550.000,(2280),8 shades,https://image-optimizer-id.production.sephora-asia.net/eyJlZGl0cyI6eyJyZXNpemUiOnt9fX0=/images/product_images/zoom_10383_AnastasiaBeverlyHills_PerfectBrowPencil_Auburn_WEB_7059311c0536c5f91c89a1291ab5b6316cea6f82_1603334892.png
NARS,Lipstick,Rp 425.000,(153),8 shades,https://image-optimizer-id.production.sephora-asia.net/eyJlZGl0cyI6eyJyZXNpemUiOnt9fX0=/images/product_images/zoom_Tonka_201_c086277a771203c59b357fd81cd2bcdd684cb2db_1602591757.png
Anastasia Beverly Hills,Mini Loose Setting Powder,Rp 437.000,(247),,https://image-optimizer-id.production.sephora-asia.net/eyJlZGl0cyI6eyJyZXNpemUiOnt9fX0=/images/product_images/zoom_1_Product_689304250054-Anastasia-Beverly-Hills-Mini-Loose-Setting-Powder-Translucent_aa7673ce0c0e075ce89177d49d5d752a815877b2_1604608315.png
Bobbi Brown,Long-Wear Cream Shadow Stick,Rp 580.000,(2467),5 shades,https://image-optimizer-id.production.sephora-asia.net/eyJlZGl0cyI6eyJyZXNpemUiOnt9fX0=/images/product_images/zoom_bb_sku_E96E45_4000x4000_1_Open-1_21a5487223b50c3070203f1c69a31f0cbfa419a3_1717468879.png
NARS,Afterglow Lip Shine,Rp 475.000,(124),7 shades,https://image-optimizer-id.production.sephora-asia.net/eyJlZGl0cyI6eyJyZXNpemUiOnt9fX0=/images/product_images/zoom_1_Product_194251159126-NARS-Afterglow-Lip-Shine-Dolce-Vita_c3784cd2d57da6b416cdf5948e395eeafe8c9fdb_1751277000.png
Benefit Cosmetics,POWmade Brow Pomade,Rp 405.000,(1909),8 shades,https://image-optimizer-id.production.sephora-asia.net/eyJlZGl0cyI6eyJyZXNpemUiOnt9fX0=/images/product_images/zoom_1_Product_602004127129-Benefit-Cosmetics-POWmade-Brow-Pomade-3_1470cc2e36369650ba860d2354436de789481c06_1633057281.png
Benefit Cosmetics,Badgal Bang Waterproof Mascara,Rp 520.000,(1387),,https://image-optimizer-id.production.sephora-asia.net/eyJlZGl0cyI6eyJyZXNpemUiOnt9fX0=/images/product_images/zoom_cr_ccd8c15938081ca56f8564415122ab003470a833_1647277821.png
NARS,Afterglow Sensual Shine Lipstick,Rp 525.000,(374),16 shades,https://image-optimizer-id.production.sephora-asia.net/eyJlZGl0cyI6eyJyZXNpemUiOnt9fX0=/images/product_images/zoom_999NAC0000154_AGSL_HighGear_1_31f14290d37f2110515145f373b3dd1de5478c46_1715958512.png
GIVENCHY,Prisme Libre Skin Caring Corrector,Rp 665.000,(148),3 shades,https://image-optimizer-id.production.sephora-asia.net/eyJlZGl0cyI6eyJyZXNpemUiOnt9fX0=/images/product_images/zoom_1_Product_3274872446335-GIVENCHY-Prisme-Libre-Skin-Caring-Corrector-Peach-f5a87c_6348cc8f9fba4a8d755a474f898be7e7d9f7526e_1691398976.png
LANEIGE,(Refill) NEO Cushion Glow,Rp 350.000,(18),4 shades,https://image-optimizer-id.production.sephora-asia.net/eyJlZGl0cyI6eyJyZXNpemUiOnt9fX0=/images/product_images/zoom_111976743-LANEIGE-NEO-CUSHION-GLOW-13N-15G-Refil-1_4787337c4e053bc8cb11d8bb2a9594181fb66729_1692695897.png
GIVENCHY,Prisme Libre Skin Caring Corrector,Rp 665.000,(148),3 shades,https://image-optimizer-id.production.sephora-asia.net/eyJlZGl0cyI6eyJyZXNpemUiOnt9fX0=/images/product_images/zoom_1_Product_3274872446335-GIVENCHY-Prisme-Libre-Skin-Caring-Corrector-Peach-f5a87c_6348cc8f9fba4a8d755a474f898be7e7d9f7526e_1691398976.png
LANEIGE,(Refill) NEO Cushion Glow,Rp 350.000,(18),4 shades,https://image-optimizer-id.production.sephora-asia.net/eyJlZGl0cyI6eyJyZXNpemUiOnt9fX0=/images/product_images/zoom_111976743-LANEIGE-NEO-CUSHION-GLOW-13N-15G-Refil-1_4787337c4e053bc8cb11d8bb2a9594181fb66729_1692695897.png
La Mer,The Lip Balm,Rp 1.450.000,(209),,https://image-optimizer-id.production.sephora-asia.net/eyJlZGl0cyI6eyJyZXNpemUiOnt9fX0=/images/product_images/zoom_1_Product_747930112433-La-Mer-The-Lip-Balm-9g_493914425366a317c8d82b5c7fb7344663228368_1691484611.png
Huda Beauty,Easy Bake and Snatch Pressed Brightening and Setting Powder,Rp 780.000,(3785),9 shades,https://image-optimizer-id.production.sephora-asia.net/eyJlZGl0cyI6eyJyZXNpemUiOnt9fX0=/images/product_images/zoom_1_356a192b7913b04c54574d18c28d46e6395428ab_1694416758.png
MAKE UP FOR EVER,UV Protector Step 1 Primer SPF 50+/PA +++,Rp 745.000,(20),,https://image-optimizer-id.production.sephora-asia.net/eyJlZGl0cyI6eyJyZXNpemUiOnt9fX0=/images/product_images/zoom_1_Product_3548752188821-Make-Up-For-Ever-UV-Protector-Step-1-Primer-SPF-50-PA-30ml_615948a0f257ad2d59f4b4157b137aed99df9dbf_1681373236.png
Sephora Collection,Original Colorful Eyeshadow Mono Shimmer,"Rp 216.000
   Rp 108.000 
    50% OFF",(20),7 shades,https://image-optimizer-id.production.sephora-asia.net/eyJlZGl0cyI6eyJyZXNpemUiOnt9fX0=/images/product_images/zoom_1_Product_3378872201168-Sephora-Collection-Colorful-Eyeshado_965fd449edfdf56f779799aa8e171d53957b5e90_1716869162.png
Anastasia Beverly Hills,Beauty Balm Serum Boosted Skin Tint,Rp 899.000,(1283),16 shades,https://image-optimizer-id.production.sephora-asia.net/eyJlZGl0cyI6eyJyZXNpemUiOnt9fX0=/images/product_images/zoom_1_Product_689304361507-Anastasia-Beverly-Hills-Beauty-Balm-S_61504c59f093bb74ae4302480f76849d03c1e11d_1719390300.png
GUERLAIN,Meteorites Light Revealing Pearls of Powder (NEW),Rp 1.180.000,(92),4 types,https://image-optimizer-id.production.sephora-asia.net/eyJlZGl0cyI6eyJyZXNpemUiOnt9fX0=/images/product_images/zoom_METEORITES-01-PEARLY-WHITE-1_cbb85e66f6a770c65040c13ac3015381247df1bf_1716257389.png
Clinique,Pop™ Longwear Lipstick,Rp 450.000,(66),10 shades,https://image-optimizer-id.production.sephora-asia.net/eyJlZGl0cyI6eyJyZXNpemUiOnt9fX0=/images/product_images/zoom_SP24_ICON_POP_LIP_MATTE_BEACH_V6W2_GL_RGB_2400x2400-300dpi_N_c270fe9f6fa874b5a42ae45d1b98c9a369d3be92_1728547390.png
MAKE UP FOR EVER,HD Skin Face Essentials Palette,Rp 1.520.000,(363),2 shades,https://image-optimizer-id.production.sephora-asia.net/eyJlZGl0cyI6eyJyZXNpemUiOnt9fX0=/images/product_images/zoom_1_Product_3548752203166-Make-Up-For-Ever-HD-Skin-Face-Essent_d60196a591668a3abfc601ac2ae689ff6428bd02_1722336343.png
ESQA,Brow Pomade Pencil,Rp 109.000,(5),2 types,https://image-optimizer-id.production.sephora-asia.net/eyJlZGl0cyI6eyJyZXNpemUiOnt9fX0=/images/product_images/zoom_ASHBROWN_-_Brow_Pomade_Pencil_AB_79dd7ad8d6cd234216a86c759606bd291ff467c5_1718959457.png
Lancôme,Lip Idôle Butterglow,Rp 695.000,(1840),8 shades,https://image-optimizer-id.production.sephora-asia.net/eyJlZGl0cyI6eyJyZXNpemUiOnt9fX0=/images/product_images/zoom_1_Product_3614274169881-Lancome-Lip-Idole-Butterglow-60_62719b99dc13f7abd8cda09b2fef28a69d3533ac_1734340365.png
Benefit Cosmetics,Brow Haul Of Fame Brow Pencil & Gel Trio,Rp 665.000,(57),3 shades,https://image-optimizer-id.production.sephora-asia.net/eyJlZGl0cyI6eyJyZXNpemUiOnt9fX0=/images/product_images/zoom_1_Product_602004153739-Benefit-Cosmetics-Brow-Haul-Of-Fame-B_6075853a5e9c8f83322a76c264c249fbae557140_1740018544.png
Melixir,Vegan Lip Butter™,Rp 265.000,(194),12 shades,https://image-optimizer-id.production.sephora-asia.net/eyJlZGl0cyI6eyJyZXNpemUiOnt9fX0=/images/product_images/zoom_1_Product_8809751070155-MELIXIR-VEGAN-LIP-BUTTER-01-AGAVE-f2_4c3dabdd689da9204bac388e056e5d588ae0f32d_1734321390.png
Kylie Cosmetics,Setting Powder,Rp 490.000,(11),3 shades,https://image-optimizer-id.production.sephora-asia.net/eyJlZGl0cyI6eyJyZXNpemUiOnt9fX0=/images/product_images/zoom_1_Product_4064941033608-kylie-cosmetic-Setting-Powder-100-Tr_2b60821fa8a4bfccf5cc0221931cac9349cba80f_1732504287.png
Bobbi Brown,Mini Shadow Stick Duo In Dusty Mauve And Mica,Rp 525.000,,,https://image-optimizer-id.production.sephora-asia.net/eyJlZGl0cyI6eyJyZXNpemUiOnt9fX0=/images/product_images/zoom_IMAGE01_H0ZM01_MiniLWCSSDuo_fde7b6d9b280a2dcfb8cfd7be583c6dca32a8c16_1737516742.png
MAC Cosmetics,Tiny Treasures Mini Lip Duo (Holiday Limited Edition),Rp 415.000,(13),2 shades,https://image-optimizer-id.production.sephora-asia.net/eyJlZGl0cyI6eyJyZXNpemUiOnt9fX0=/images/product_images/zoom_1_Product_773602719099-MAC-Cosmetics-Tiny-Treasures-Mini-Lip_27c110ee91ac0fa7c64d3bea89ff54a6aac0917f_1731484950.png
DIOR,Forever Glow Luminizer Highlighter,Rp 1.150.000,(439),6 shades,https://image-optimizer-id.production.sephora-asia.net/eyJlZGl0cyI6eyJyZXNpemUiOnt9fX0=/images/product_images/zoom_1_Product_3348901748063-DIOR-Forever-Glow-Luminizer-Highligh_67f9867764162983a2d146dcc55c55e046302bb4_1742528558.png
MAKE UP FOR EVER,Super Boost Skin Tint,Rp 630.000,(535),8 shades,https://image-optimizer-id.production.sephora-asia.net/eyJlZGl0cyI6eyJyZXNpemUiOnt9fX0=/images/product_images/zoom_1_Product_3548752215060-Make-Up-For-Ever-Super-Boost-Skin-Ti_458b9e7040cf060542a54b271a6506df93d4897e_1740037136.png
Sephora Collection,Colorful Eyeshadow Mono Matte,Rp 233.000,(72),9 shades,https://image-optimizer-id.production.sephora-asia.net/eyJlZGl0cyI6eyJyZXNpemUiOnt9fX0=/images/product_images/zoom_1_Product_3378872240235-Sephora-collection-Colorful-Eyeshado_f44257167724acba314dd13aed0f09ca281e9fc5_1741159097.png
Yves Saint Laurent,All Hours Hyper Luminize Highlighting Powder,Rp 1.300.000,(441),3 shades,https://image-optimizer-id.production.sephora-asia.net/eyJlZGl0cyI6eyJyZXNpemUiOnt9fX0=/images/product_images/zoom_3614274197020_main_ae51032efe71841cfdd4688d4886fdd3a593b43d_1743142473.png
MAC Cosmetics,Lipglass Air Non-Sticky Gloss,Rp 450.000,(6),10 shades,https://image-optimizer-id.production.sephora-asia.net/eyJlZGl0cyI6eyJyZXNpemUiOnt9fX0=/images/product_images/zoom_1_Product_773602729678-MAC-Cosmetics-Lipglass-Air-Lip-Gloss-_b58257a27deb17e24a0b81a91f9629cd6fe1dade_1741076669.png
IT Cosmetics,CC+ Cream Natural Matte Foundation,"Rp 835.000
   Rp 709.750 
    15% OFF",(119),12 shades,https://image-optimizer-id.production.sephora-asia.net/eyJlZGl0cyI6eyJyZXNpemUiOnt9fX0=/images/product_images/zoom_1_Product_3605972809841-IT-Cosmetics-CC-Cream-Natural-Matte-_d684fe6c0c15f2928cf65cead40f73e7c9719407_1750214515.png
Kylie Cosmetics,Lip & Cheek Blush Tint,Rp 570.000,(16),5 shades,https://image-optimizer-id.production.sephora-asia.net/eyJlZGl0cyI6eyJyZXNpemUiOnt9fX0=/images/product_images/zoom_1_Product_4064941119425-KCOSM-Lip-Cheek-Blush-Tint-Pretty-In_1771de5160baf39bbd856f4f33689684c56d7cb1_1754907184.png
Bobbi Brown,Sheer Finish Blurring Powder,Rp 760.000,(1),,https://image-optimizer-id.production.sephora-asia.net/eyJlZGl0cyI6eyJyZXNpemUiOnt9fX0=/images/product_images/zoom_IMAGE01_H7F901_PearlPink_fad66b34b4d03bcea7f65dd3f6f3cb8424e1c505_1749627983.png
Huda Beauty,Faux Filler Jelly Oil,Rp 465.000,(951),3 shades,https://image-optimizer-id.production.sephora-asia.net/eyJlZGl0cyI6eyJyZXNpemUiOnt9fX0=/images/product_images/zoom_1_Product_6294018406983-Huda-Beauty-Faux-Filler-Jelly-Oil-Ju_859cf2333e70242b0c8c6a204de1704ed864b1a6_1751267091.png
Shu Uemura,Unlimited Care Tsuya Serum Foundation,Rp 1.040.000,(4),9 shades,https://image-optimizer-id.production.sephora-asia.net/eyJlZGl0cyI6eyJyZXNpemUiOnt9fX0=/images/product_images/zoom_774_66c4d1ec6dadbb7073bb7c5132e479ca4d2b59cf_1727941799.png
Shu Uemura,Unlimited Tsuya FDT + Mopo,Rp 1.488.000,,2 shades,https://image-optimizer-id.production.sephora-asia.net/eyJlZGl0cyI6eyJyZXNpemUiOnt9fX0=/images/product_images/zoom_Sephora_PDP_-_June_-_Bundle4_b4bfd7d4c33543929d3f31c0d4cee7c3ee95188d_1750920929.png
MAC Cosmetics,Colour Excess Gel Pencil Eye Liner,Rp 475.000,,4 shades,https://image-optimizer-id.production.sephora-asia.net/eyJlZGl0cyI6eyJyZXNpemUiOnt9fX0=/images/product_images/zoom_IMAGE01_773602732517_ColourExcessLiner_ShadeExtension_Strawb_4f770f23cdbe60c7252624159c24967457de617c_1758793402.png
Estée Lauder,The Sculpting Blush,Rp 770.000,,3 shades,https://image-optimizer-id.production.sephora-asia.net/eyJlZGl0cyI6eyJyZXNpemUiOnt9fX0=/images/product_images/zoom_1_Product_887167724297-Estee-Lauder-Pure-Color-Envy-Sculptin_1eaff1434f7b727102b461e331e28dae374945b5_1759114497.png
LANEIGE,Neo Cushion Mewy & Refill,Rp 679.000,(7),4 shades,https://image-optimizer-id.production.sephora-asia.net/eyJlZGl0cyI6eyJyZXNpemUiOnt9fX0=/images/product_images/zoom_zoom_1_Product_8800283631609-Laneige-Neo-Cushion-Mewy-13C_e0f5121c51d1574f26046a8f707c69dd8199ce35_1759983145.png
Armani Beauty,ARMANI INTERNATIONAL ARTIST DAY MAKEUP SET,Rp 2.175.000,,4 shades,https://image-optimizer-id.production.sephora-asia.net/eyJlZGl0cyI6eyJyZXNpemUiOnt9fX0=/images/product_images/zoom_VB_ARMANI_-_SHADE_2_581ad98e8b28f1626abc08b9dfc4c11a0ea72e12_1760496017.png
FRESH,Sugar Mint Rush Lip Treatment​,Rp 398.000,(19),,https://image-optimizer-id.production.sephora-asia.net/eyJlZGl0cyI6eyJyZXNpemUiOnt9fX0=/images/product_images/zoom_1_Product_809280160899-FRESH-Sugar-Mint-Rush-Lip-Treatment-4-30g_6b8815f371a71ddb9785c9f6b924cf4dbafd0401_1690357176.png
Natasha Denona,My Mini Dream Glow Blush,Rp 399.000,(258),,https://image-optimizer-id.production.sephora-asia.net/eyJlZGl0cyI6eyJyZXNpemUiOnt9fX0=/images/product_images/zoom_1_Product_7290113705531-Natasha-Denona-My-Mini-Dream-Glow-Blush-Default_ad176752cdcc7c1a8f3e43ad731e27183846f5bd_1705976335.png
Natasha Denona,Baby I Need A Nude Eye Kit (Holiday Limited Edition),Rp 555.000,(112),,https://image-optimizer-id.production.sephora-asia.net/eyJlZGl0cyI6eyJyZXNpemUiOnt9fX0=/images/product_images/zoom_1_Product_7290113706910-Natasha-Denona-Baby-I-Need-A-Nude-Ey_b4c8052e84d4ff3968a7ca4201c54c8a9ce78b75_1733457213.png
Revitalash,Hi-Def Tinted Brow Gel,Rp 595.000,(5),2 types,https://image-optimizer-id.production.sephora-asia.net/eyJlZGl0cyI6eyJyZXNpemUiOnt9fX0=/images/product_images/zoom_dark_20brown_203_88551c21a160b6ddfc63910b3197826e07bdb9cc_1603438548.png
Makeup Eraser,The MakeUp Eraser Pineapple Belt Bag,Rp 389.000,(3),,https://image-optimizer-id.production.sephora-asia.net/eyJlZGl0cyI6eyJyZXNpemUiOnt9fX0=/images/product_images/zoom_MUE_Pineapple_20Belt_01_b5ca0b54f8b86711357449493c655d77b74c46b5_1602591305.png
GUERLAIN,Rouge G Lipstick Case,Rp 555.000,(129),3 types,https://image-optimizer-id.production.sephora-asia.net/eyJlZGl0cyI6eyJyZXNpemUiOnt9fX0=/images/product_images/zoom_3346470432048_efaf79af74dcd70106c7a23adea553e3f37f43b5_1626184234.png
Dear Dahlia,Paradise Shine Eye Sequins,Rp 552.000,(78),12 shades,https://image-optimizer-id.production.sephora-asia.net/eyJlZGl0cyI6eyJyZXNpemUiOnt9fX0=/images/product_images/zoom_1_Product_8809546843193-Dear-Dahlia-Paradise-Shine-Eye-Sequins-Actress_4f1e9e34f3e0da42e14fe6d12745fdef5fdb2c4e_1612347135.png
DIOR,Dior Contour Lip Liner Pencil,Rp 450.000,(34),,https://image-optimizer-id.production.sephora-asia.net/eyJlZGl0cyI6eyJyZXNpemUiOnt9fX0=/images/product_images/zoom_3348901534024_1_8a41e358a976d6255a5ff512825b9000ebcdc593_1610475340.png
Nudestix,Pretty Nude Skin 2-Piece Face Kit (Limited Edition),Rp 924.000,(40),,https://image-optimizer-id.production.sephora-asia.net/eyJlZGl0cyI6eyJyZXNpemUiOnt9fX0=/images/product_images/zoom_1_Product_839174003902-Nudestix-Pretty-Nude-Skin-2-Piece-Face-Kit-Limited-Edition-Default_1352f9605c2740561234585a48b8a1e7714bce8f_1612235893.png
MAKE UP FOR EVER,Artist Color Shadow Refill,Rp 250.000,(83),18 shades,https://image-optimizer-id.production.sephora-asia.net/eyJlZGl0cyI6eyJyZXNpemUiOnt9fX0=/images/product_images/zoom_M847_398546479ac3d1060dcfd8de115c4feb5e6ee034_1602589249.png
Nudestix,Tinted Blur Stick Foundation,Rp 650.000,(550),2 shades,https://image-optimizer-id.production.sephora-asia.net/eyJlZGl0cyI6eyJyZXNpemUiOnt9fX0=/images/product_images/zoom_1_Product_839174001717-Nudestix-Tinted-Blur-Foundation-Stick-Nude-1-Light-Update_3889b344907613bf805c7e055a8d4935bdaa97ef_1693821485.png
Dear Dahlia,Allure Shine Lustrous Lip Plumper,Rp 612.000,(35),3 shades,https://image-optimizer-id.production.sephora-asia.net/eyJlZGl0cyI6eyJyZXNpemUiOnt9fX0=/images/product_images/zoom_1_Product_8809546843544-Dear-Dahlia-Allure-Shine-Lustrous-Lip-Plumper-Impulse_f804933a734b75b69988652c1f0c1422750fab70_1612346769.png
MAKE UP FOR EVER,Aqua Resist Brow Definer,Rp 450.000,(217),4 shades,https://image-optimizer-id.production.sephora-asia.net/eyJlZGl0cyI6eyJyZXNpemUiOnt9fX0=/images/product_images/zoom_1_Product_3548752179317-Make-Up-For-Ever-Aqua-Resist-Brow-Definer-30-Soft-Brown_1eb8f42faf2e240a220eee59bca68bc3a536fad6_1626011809.png
ESQA,Freeze Brow Mascara - Clear,Rp 155.000,(3),,https://image-optimizer-id.production.sephora-asia.net/eyJlZGl0cyI6eyJyZXNpemUiOnt9fX0=/images/product_images/zoom_clear_201_94fb703302dfb9289a74b19486054ed1e2daaff2_1602589674.png
ESQA,Flawless Liquid Concealer,Rp 165.000,(12),7 shades,https://image-optimizer-id.production.sephora-asia.net/eyJlZGl0cyI6eyJyZXNpemUiOnt9fX0=/images/product_images/zoom_Copy_of_Truffle_9f4f973047ad67eba8a7e217032788ab37be3a8b_1611841260.png
Sephora Collection,Care Foundation,"Rp 396.000
   Rp 198.000 
    50% OFF",,,https://image-optimizer-id.production.sephora-asia.net/eyJlZGl0cyI6eyJyZXNpemUiOnt9fX0=/images/product_images/zoom_1_Product_3378872149774-Sephora-Collection-Care-Foundation-33N-Neutral-medium_0e9eec854676fdf4723154ec11dc4b4f4757d719_1618857387.png
Beautyblender,Back To Basic,Rp 848.000,(123),,https://image-optimizer-id.production.sephora-asia.net/eyJlZGl0cyI6eyJyZXNpemUiOnt9fX0=/images/product_images/zoom_Back2Basics_3c009f3c97bbe58fd2150d53d0ce9859bb242b98_1668679549.png
Anastasia Beverly Hills,Luminous Foundation,Rp 928.000,(939),7 shades,https://image-optimizer-id.production.sephora-asia.net/eyJlZGl0cyI6eyJyZXNpemUiOnt9fX0=/images/product_images/zoom_luminous_20foundation_20290c_201_a73adcca4557bf72676152776a3554563a0d09e5_1602589762.png
Bobbi Brown,Shimmer Brick Compact,Rp 950.000,(649),2 types,https://image-optimizer-id.production.sephora-asia.net/eyJlZGl0cyI6eyJyZXNpemUiOnt9fX0=/images/product_images/zoom_bb_sku_E1F601_1x1_0-removebg-preview_778b2616cb7339233e2a0c9531781fe9a2ae4ab8_1658478309.png
Nudestix,Tinted Cover Foundation,Rp 690.000,(16),10 shades,https://image-optimizer-id.production.sephora-asia.net/eyJlZGl0cyI6eyJyZXNpemUiOnt9fX0=/images/product_images/zoom_1_Product_839174001885-Nudestix-Tinted-Cover-Foundation-Nude_b16406d8fea9df45fb4b7c4b56f3eca40bbb0e12_1719977762.png
MAKE UP FOR EVER,Aqua Resist Smoky Shadow,Rp 450.000,(391),8 shades,https://image-optimizer-id.production.sephora-asia.net/eyJlZGl0cyI6eyJyZXNpemUiOnt9fX0=/images/product_images/zoom_06_20Earth_20-_201_22a3a4a3d5925a8bf0b8bb06e5f7eeaefd67fe37_1602591824.png
Dear Dahlia,Paradise Aurora Shine Lip Treatment,Rp 552.000,(36),5 shades,https://image-optimizer-id.production.sephora-asia.net/eyJlZGl0cyI6eyJyZXNpemUiOnt9fX0=/images/product_images/zoom_1_Product_8809546840628-Dear-Dahlia-Paradise-Aurora-Shine-Lip-Treatment-Lipgloss-Twilight_2a98f8803f4bf583c23318d7f7e1a879e2ae516e_1612326423.png
Nudestix,Nudies Bloom All Over Dewy Color Blush,Rp 699.000,(821),8 shades,https://image-optimizer-id.production.sephora-asia.net/eyJlZGl0cyI6eyJyZXNpemUiOnt9fX0=/images/product_images/zoom_19_b3f0c7f6bb763af1be91d9e74eabfeb199dc1f1f_1719564743.png
Dear Dahlia,Blooming Edition Paradise Tinted Blooming Balm,Rp 612.000,(18),,https://image-optimizer-id.production.sephora-asia.net/eyJlZGl0cyI6eyJyZXNpemUiOnt9fX0=/images/product_images/zoom_1_Product_8809546841717-Dear-Dahlia-Blooming-Edition-Paradise-Tinted-Blooming-Balm-Fantasy_5865df8a1c1ac1e64327761977a649b5f4a7ecd7_1612362481.png
Dear Dahlia,Blooming Edition Paradise Lip Treatment Essence,Rp 552.000,(13),,https://image-optimizer-id.production.sephora-asia.net/eyJlZGl0cyI6eyJyZXNpemUiOnt9fX0=/images/product_images/zoom_1_Product_8809546844220-Dear-Dahlia-Blooming-Edition-Paradise-Lip-Treatment-Essence-Dream_a1cfe98b46d412cdf65d094fda4f6bed312210fd_1636549412.png
Sephora Collection,Big By Definition Mascara,Rp 336.000,(1527),,https://image-optimizer-id.production.sephora-asia.net/eyJlZGl0cyI6eyJyZXNpemUiOnt9fX0=/images/product_images/zoom_1_Product_3378872189091-Sephora-Collection-Big-By-Definition_0cedbcec2330599259cb3ec7a450da61fe36cba8_1735206786.png
GUERLAIN,Parure Gold Skin Foundation,Rp 1.680.000,(60),16 sizes,https://image-optimizer-id.production.sephora-asia.net/eyJlZGl0cyI6eyJyZXNpemUiOnt9fX0=/images/product_images/zoom_1_356a192b7913b04c54574d18c28d46e6395428ab_1673584182.png
Dear Dahlia,Skin Paradise Sheer Silk Foundation,Rp 816.000,(1),4 shades,https://image-optimizer-id.production.sephora-asia.net/eyJlZGl0cyI6eyJyZXNpemUiOnt9fX0=/images/product_images/zoom_1_Product_8809546845050-Dear-Dahlia-Skin-Paradise-Sheer-Silk-Foundation-LN2_b177246d4b2503f96c0a064eca39bc94a01c4f6d_1636562200.png
Benefit Cosmetics,Java Rosy Mocha Blush,Rp 580.000,(139),,https://image-optimizer-id.production.sephora-asia.net/eyJlZGl0cyI6eyJyZXNpemUiOnt9fX0=/images/product_images/zoom_1_Product_602004138293-Benefit-Cosmetics-Java-Rosy-Mocha-Blush-6g_23129772b8ec2cc4597fce4276f6b0d65f2ecdef_1653634368.png
Benefit Cosmetics,Brow Grooming Tweezer & Brush,Rp 350.000,(96),,https://image-optimizer-id.production.sephora-asia.net/eyJlZGl0cyI6eyJyZXNpemUiOnt9fX0=/images/product_images/zoom_Benefit-Brow_Collection_grooming_tweezer_a_WEB_be3565ccd995943a6707c51e2da76e3fa433bb2f_1642150608.png
Rare Beauty,Kind Words Matte Lip Liner,Rp 330.000,(2489),7 shades,https://image-optimizer-id.production.sephora-asia.net/eyJlZGl0cyI6eyJyZXNpemUiOnt9fX0=/images/product_images/zoom_1_356a192b7913b04c54574d18c28d46e6395428ab_1726208198.png
Shu Uemura,Brow Sword Naginata Eyebrow Pencil Cartridge,Rp 470.000,(15),4 shades,https://image-optimizer-id.production.sephora-asia.net/eyJlZGl0cyI6eyJyZXNpemUiOnt9fX0=/images/product_images/zoom_1_Product_4935421788007-Shu-Uemura-Brow-Sword-Naginata-Eyebrow-Pencil-C-Stone-Gray_4e32b422d3d526d1d306258faaae2c518676bc57_1657525315.png
Huda Beauty,Power Bullet Cream Glow Lipstick,Rp 520.000,(529),8 shades,https://image-optimizer-id.production.sephora-asia.net/eyJlZGl0cyI6eyJyZXNpemUiOnt9fX0=/images/product_images/zoom_1_Product_6291106035025-Huda-Beauty-Power-Bullet-Cream-Glow-Lipstick-Habibi_d83b5b02dcc150cccba5594206b7d0d9e8bf5789_1678950613.png
Nudestix,Hydrating Peptide Lip Butter,Rp 400.000,(50),5 shades,https://image-optimizer-id.production.sephora-asia.net/eyJlZGl0cyI6eyJyZXNpemUiOnt9fX0=/images/product_images/zoom_1_Product_839174015080-Nudestix-Hydrating-Peptide-Lip-Butter_6a58de8fe058d316b8e9b966414197ea3d3e6413_1732517188.png
MAC Cosmetics,Brushstroke Liner Liquid Eye Liner,Rp 475.000,(51),2 types,https://image-optimizer-id.production.sephora-asia.net/eyJlZGl0cyI6eyJyZXNpemUiOnt9fX0=/images/product_images/zoom_773602543885_Brushstroke24HourLiner_Brushbrown_5_90c2d76b1cb66ce94a427178010aa6f49c4b39df_1719196040.png
Natasha Denona,Yucca Eyeshadow Palette,Rp 1.399.000,(550),,https://image-optimizer-id.production.sephora-asia.net/eyJlZGl0cyI6eyJyZXNpemUiOnt9fX0=/images/product_images/zoom_1_Product_7290113700529-Natasha-Denona-Yucca-Eyeshadow-Palette_b8aaa21a70444c4561745bca276c84c9d52e4a4e_1685699870.png
Benefit Cosmetics,Butterfly Golden Orange Blush,Rp 580.000,(112),,https://image-optimizer-id.production.sephora-asia.net/eyJlZGl0cyI6eyJyZXNpemUiOnt9fX0=/images/product_images/zoom_1_Product_602004138477-Benefit-Cosmetics-Butterfly-Golden-Orange-Blush-6g_143a088ba057e9f060deeff482a554a3792e5f9b_1653880137.png
Lancôme,Teint Idole Ultra Wear All Over Concealer,Rp 645.000,(762),2 shades,https://image-optimizer-id.production.sephora-asia.net/eyJlZGl0cyI6eyJyZXNpemUiOnt9fX0=/images/product_images/zoom_1000x1000_21__54c357723ffa1707c599a786929ab26802684f82_1679562589.png
Dear Dahlia,Perfect Designing Eyeliner,Rp 564.000,(34),5 shades,https://image-optimizer-id.production.sephora-asia.net/eyJlZGl0cyI6eyJyZXNpemUiOnt9fX0=/images/product_images/zoom_1_Product_8809546847153-Dear-Dahlia-Waterproof-Eyeliner-Pencil-Mocha-Brown_bf3fc385f934fe8c3e424c524e8fbd20c41252ed_1681109737.png
Shu Uemura,Hard Formula Eyebrow Pencil,Rp 542.000,(129),4 shades,https://image-optimizer-id.production.sephora-asia.net/eyJlZGl0cyI6eyJyZXNpemUiOnt9fX0=/images/product_images/zoom_1_Product_4935421013925-shu-uemura-Hard-Formula-Eyebrow-Pencil-Acorn_24b73ce0f0aae1479412f39799c54bba497bd205_1666317307.png
Shu Uemura,Hard Formula Eyebrow Pencil,Rp 542.000,(129),4 shades,https://image-optimizer-id.production.sephora-asia.net/eyJlZGl0cyI6eyJyZXNpemUiOnt9fX0=/images/product_images/zoom_1_Product_4935421013925-shu-uemura-Hard-Formula-Eyebrow-Pencil-Acorn_24b73ce0f0aae1479412f39799c54bba497bd205_1666317307.png
Benefit Cosmetics,Boi-ing Bright On Concealer,Rp 490.000,(62),5 shades,https://image-optimizer-id.production.sephora-asia.net/eyJlZGl0cyI6eyJyZXNpemUiOnt9fX0=/images/product_images/zoom_lychee-stylized_56f7c62bbd2fd929df8e52eaf0571ce1773f3975_1648720712.png
Sephora Collection,I Like It Mascara,Rp 336.000,(22),,https://image-optimizer-id.production.sephora-asia.net/eyJlZGl0cyI6eyJyZXNpemUiOnt9fX0=/images/product_images/zoom_1_Product_3378872209904-Sephora-Collection-I-Like-It-Mascara-Intense-black_932d05c68cad32d2cd61d28c65df517f9b7732f5_1695020066.png
Dear Dahlia,Skin Paradise Sheer Silk Cushion Foundation,Rp 756.000,(14),5 shades,https://image-optimizer-id.production.sephora-asia.net/eyJlZGl0cyI6eyJyZXNpemUiOnt9fX0=/images/product_images/zoom_1_Product_8809546847238-Dear-Dahlia-Skin-Paradise-Sheer-Silk-Cushion-Foundation-FC1_5e8fd5551afafca6a1adcf622ca26c5a0af0b71a_1681113009.png
GUERLAIN,Rouge G Velvet 22 Lips Refill,Rp 560.000,(1),2 shades,https://image-optimizer-id.production.sephora-asia.net/eyJlZGl0cyI6eyJyZXNpemUiOnt9fX0=/images/product_images/zoom_1_Product_3346470437050--Rouge-G-Velvet-22-Lips-Refill-879-Mystery-Plum_5c5abe4f9fe0734d85fee5c3cf65df44a8c3dc4a_1669176678.png
Stila,Stay All Day® ArtiStix Micro Liner,Rp 480.000,(11),6 shades,https://image-optimizer-id.production.sephora-asia.net/eyJlZGl0cyI6eyJyZXNpemUiOnt9fX0=/images/product_images/zoom_1_Product_94800363151-Stila-Stay-All-Day-ArtiStix-Micro-Liner-Chalk-f9faf5_442f58b2ad482db9ac23b0362d4cdb3ce2814aa1_1700747080.png
Lancôme,Teint Idole Fond de Teint Cushion Foundation,Rp 1.190.000,(3),4 shades,https://image-optimizer-id.production.sephora-asia.net/eyJlZGl0cyI6eyJyZXNpemUiOnt9fX0=/images/product_images/zoom_1000x1000_22__2baad0fb3a6276e3b76d922e9c1dabbe45edbcf5_1679561012.png
NARS,Powermatte Lipstick (Lunar New Year Limited Edition),Rp 535.000,(7),,https://image-optimizer-id.production.sephora-asia.net/eyJlZGl0cyI6eyJyZXNpemUiOnt9fX0=/images/product_images/zoom_NARS_SP24_LunarNewYear_PDPCrop_Soldier_PowermatteLipstick_StartMeUp_Open_GLBL_2000x2000_cd4767ea83cd0450a59d889cd296d1908b80b50c_1706069202.png
Huda Beauty,Classic Lash,Rp 420.000,(1016),2 types,https://image-optimizer-id.production.sephora-asia.net/eyJlZGl0cyI6eyJyZXNpemUiOnt9fX0=/images/product_images/zoom_23754_HudaBeauty_Web_3b8d0bfb264e1e0f186406c0040bb2984154a4d1_1686565844.png
Bobbi Brown,Luxe Lipstick,Rp 610.000,(69),13 shades,https://image-optimizer-id.production.sephora-asia.net/eyJlZGl0cyI6eyJyZXNpemUiOnt9fX0=/images/product_images/zoom_ER1247_sandwashpink_4000x4000_NoShadow_3c814b9de98a90a2addb704cf93f8e5181946358_1721634666.png
MAKE UP FOR EVER,Artist Mono Shadow Matte,Rp 350.000,(1),9 shades,https://image-optimizer-id.production.sephora-asia.net/eyJlZGl0cyI6eyJyZXNpemUiOnt9fX0=/images/product_images/zoom_640_a52b27e785768645815cc7cb4f28d4278538de42_1714362792.png
Natasha Denona,Berry Pop Cheek Trio,Rp 950.000,(33),,https://image-optimizer-id.production.sephora-asia.net/eyJlZGl0cyI6eyJyZXNpemUiOnt9fX0=/images/product_images/zoom_1_Product_7290113705548-NATASHA-DENONA-Berry-Pop-Cheek-Trio-Default_956aa1ac30dd803ebedf080eddf8b281695f04ff_1705911595.png
Stila,Blush & Bronze Hydro-Blur Cheek Duo,Rp 620.000,(25),6 shades,https://image-optimizer-id.production.sephora-asia.net/eyJlZGl0cyI6eyJyZXNpemUiOnt9fX0=/images/product_images/zoom_1_Product_94800363687-Stila-Blush-Bronze-Hydro-Blur-Cheek-Du_3955c4e1f9cbf4123140bba138b056026fbe4903_1711622427.png
Anastasia Beverly Hills,Fall Romance Deluxe Trio,Rp 1.283.000,(3),,https://image-optimizer-id.production.sephora-asia.net/eyJlZGl0cyI6eyJyZXNpemUiOnt9fX0=/images/product_images/zoom_prd_Sea_request_49622_2024072609285953_689304199223_01_d1b603d30f378c1bd429e93795d992752f4811c0_1724207537.png
NARS,Light Reflecting Makeup Setting Mist,Rp 680.000,(232),,https://image-optimizer-id.production.sephora-asia.net/eyJlZGl0cyI6eyJyZXNpemUiOnt9fX0=/images/product_images/zoom_NARS_SU24_LightReflecting_PDPCrop_Soldier_LightReflectingMis_f2800bf0bc6e9cd514cc9f8f9e182e878352c846_1724906241.png
Estée Lauder,Pure Color Explicit Slick Shine Lipstick,Rp 695.000,(9),3 shades,https://image-optimizer-id.production.sephora-asia.net/eyJlZGl0cyI6eyJyZXNpemUiOnt9fX0=/images/product_images/zoom_1_Product_887167709973-Estee-Lauder-Pure-Color-Explicit-Slic_5a3f1267dfe7ee69b376db2b5c830602c488dbc2_1727061537.png
Huda Beauty,Naughty Nude Eyeshadow Palette,Rp 1.450.000,(561),,https://image-optimizer-id.production.sephora-asia.net/eyJlZGl0cyI6eyJyZXNpemUiOnt9fX0=/images/product_images/zoom_6291106036442_01_5f007617159bef0c94385cfc4eaa0e596d2e687a_1715845705.png
MAKE UP FOR EVER,HD Skin Setting Powder Mini,Rp 420.000,(96),7 shades,https://image-optimizer-id.production.sephora-asia.net/eyJlZGl0cyI6eyJyZXNpemUiOnt9fX0=/images/product_images/zoom_2_Product_3548752207843-Make-Up-For-Ever-HD-Skin-Setting-Pow_e195f90d812180d4e369a287b7aaad7f866ea12f_1713949326.png
Bobbi Brown,Powerpuff Girls Collection Highlighting Powder (Limited Edition),Rp 920.000,(1),,https://image-optimizer-id.production.sephora-asia.net/eyJlZGl0cyI6eyJyZXNpemUiOnt9fX0=/images/product_images/zoom_1_Product_716170310817-Bobbi-Brown-Powerpuff-Girls-Collection-Highlighting-Powder-Limited-_11b2d4185ae9c7746b78042f02f3ed2644663bce_1699847921.png
Dear Dahlia,Glitz Glow Highlighter,Rp 636.000,(12),6 shades,https://image-optimizer-id.production.sephora-asia.net/eyJlZGl0cyI6eyJyZXNpemUiOnt9fX0=/images/product_images/zoom_prd_Sea_request_30391_2023103008485946_GLITZ-GLOW-HIGHLIGHTE_4b48e092642bac7caf688ddcf80786dd917248d9_1708325899.png
FRESH,Sugar Lip Treatment Limited Edition,Rp 395.000,(29),3 shades,https://image-optimizer-id.production.sephora-asia.net/eyJlZGl0cyI6eyJyZXNpemUiOnt9fX0=/images/product_images/zoom_OCTOBERPDP_23_SLTAURORARED_4_3G_STRAIGHTCLOSED_ERETAIL_4000X_e2a2edde48294089b3fde69a6551ffa67edb11ee_1718704187.png
Lancôme,Blush Subtil,"Rp 735.000
   Rp 588.000 
    20% OFF",(3),4 shades,https://image-optimizer-id.production.sephora-asia.net/eyJlZGl0cyI6eyJyZXNpemUiOnt9fX0=/images/product_images/zoom_LC_GNF_LIGHT_PEARL_R22_SACH1ML_26__e608febf2887f3e88068dd4c76f4567945ceaa40_1711873675.png
Benefit Cosmetics,POREfessional Matte Primer,Rp 615.000,(895),,https://image-optimizer-id.production.sephora-asia.net/eyJlZGl0cyI6eyJyZXNpemUiOnt9fX0=/images/product_images/zoom_1_Product_602004155702-Benefit-Cosmetics-The-Porefessional-M_5a17250abbd966f8aba53fc123874d0406e06d4d_1723432477.png
Estée Lauder,Pure Color Envy Luxe EyeShadow Quad,Rp 900.000,(4),2 shades,https://image-optimizer-id.production.sephora-asia.net/eyJlZGl0cyI6eyJyZXNpemUiOnt9fX0=/images/product_images/zoom_aubergine_7c108dd0f98a66d88816f057380034df5854989c_1715336815.png
KAJA,Mochi Pop Bouncy Cream-to-Powder Compact Blush,Rp 349.000,(80),2 shades,https://image-optimizer-id.production.sephora-asia.net/eyJlZGl0cyI6eyJyZXNpemUiOnt9fX0=/images/product_images/zoom_MochiPop02_1_717000b9ffae182bcab3833c2e51ae22097d75c4_1707992974.png
Laura Mercier,Roseglow Liquid Highlighter,Rp 680.000,(7),3 shades,https://image-optimizer-id.production.sephora-asia.net/eyJlZGl0cyI6eyJyZXNpemUiOnt9fX0=/images/product_images/zoom_1000_x_1000_5658e870a216eca50b73976ec910d3b10b34c5de_1697787962.png
NARS,Mini Powermatte High-Intensity Lip Pencil Duo,Rp 470.000,(18),2 shades,https://image-optimizer-id.production.sephora-asia.net/eyJlZGl0cyI6eyJyZXNpemUiOnt9fX0=/images/product_images/zoom_1_Product_194251145204-NARS-Mini-Powermatte-Lip-Pencils-Duo-_889aa6bee0e417e8445cf4924198ef6fa731f03f_1722312818.png
Natasha Denona,Hy-Gen Tinted Lip Mask,Rp 495.000,(4),3 shades,https://image-optimizer-id.production.sephora-asia.net/eyJlZGl0cyI6eyJyZXNpemUiOnt9fX0=/images/product_images/zoom_1_Product_7290113705586-Natasha-Denona-Hy-Gen-Tinted-Lip-Mas_ef8abb24ab0983793b93c021378942f082caed17_1729071512.png
MAC Cosmetics,Gift Of Gold M·A·Cstack Mascara,Rp 520.000,,,https://image-optimizer-id.production.sephora-asia.net/eyJlZGl0cyI6eyJyZXNpemUiOnt9fX0=/images/product_images/zoom_IMAGE01_773602725847_MACGiftOfGoldHolidayColour_MACStack_Bla_cbec3a29f74be542abb7fe01fb5cf4b56bd3a633_1731487357.png
Bobbi Brown,Plump It Up Extra Lip Serum Duo,Rp 900.000,,,https://image-optimizer-id.production.sephora-asia.net/eyJlZGl0cyI6eyJyZXNpemUiOnt9fX0=/images/product_images/zoom_IMAGE01_H7L301_ExtraPlumpShineLipDuo_58d82dbfc605ea48b36037def572c08afce03622_1737516789.png
Bobbi Brown,Double the Volume Mascara Set,Rp 730.000,(2),,https://image-optimizer-id.production.sephora-asia.net/eyJlZGl0cyI6eyJyZXNpemUiOnt9fX0=/images/product_images/zoom_IMAGE01_H7L501_DoubleTheDramaMascaraDuo_e6259b290e4396677ab09a5d60551f2e7e9e514c_1737516770.png
NARS,Utimate Luxury Explicit Lipstick,Rp 635.000,(1),2 shades,https://image-optimizer-id.production.sephora-asia.net/eyJlZGl0cyI6eyJyZXNpemUiOnt9fX0=/images/product_images/zoom_194251148618_UltimateLuxuryExplicitLipstick_Closed_f3832d7db50e6b123a4f8a37d34c2c1b7acdfc51_1730522698.png
MAKE UP FOR EVER,Artist Color Pencil Magic Minis Set (Holiday Limited Edition),Rp 750.000,(86),,https://image-optimizer-id.production.sephora-asia.net/eyJlZGl0cyI6eyJyZXNpemUiOnt9fX0=/images/product_images/zoom_1_Product_3548752212144-Make-Up-For-Ever-Artist-Color-Pencil_9b93a39d586bcd1630ffb8416dc4afe94b28535d_1729497980.png
Estée Lauder,Double Wear Second Skin Blur Cushion - Bone + Refill,Rp 1.020.000,(2),2 types,https://image-optimizer-id.production.sephora-asia.net/eyJlZGl0cyI6eyJyZXNpemUiOnt9fX0=/images/product_images/zoom_IMAGE01_G8K01760_ee34377558fd5e3bcae43e00c0cf80d109cbf98d_1738204141.png
Shu Uemura,Shavonne Wong X Shu Uemura Kinu Care Nudes Gleam 2 Lipstick (Limited Edition),Rp 625.000,,,https://image-optimizer-id.production.sephora-asia.net/eyJlZGl0cyI6eyJyZXNpemUiOnt9fX0=/images/product_images/zoom_Hpzc3896d_e0d2f883e9ee32c1e69fb8191032a0474b1517e6_1748424553.png
Benefit Cosmetics,Ready ‘n Unready,Rp 630.000,,,https://image-optimizer-id.production.sephora-asia.net/eyJlZGl0cyI6eyJyZXNpemUiOnt9fX0=/images/product_images/zoom_GLTT12875_Etail_Product_ReadyNUnready_Stylized_TT1287_1644x1_0efeb79e4f40b95e61d9d131285cce6b33e5f63e_1741837211.png
MAC Cosmetics,Lipglass Blow Plumping Oil,Rp 450.000,(1),,https://image-optimizer-id.production.sephora-asia.net/eyJlZGl0cyI6eyJyZXNpemUiOnt9fX0=/images/product_images/zoom_1_Product_773602729562-MAC-Cosmetics-Lipglass-Blow-Plumping-_255c009f1c31016dbf3344d8afdf41059d7c707f_1741156744.png
Clinique,Lash Power High-Fi™ Full Volume Mascara,Rp 450.000,,,https://image-optimizer-id.production.sephora-asia.net/eyJlZGl0cyI6eyJyZXNpemUiOnt9fX0=/images/product_images/zoom_1_Product_192333168134-Clinique-Lash-Power-High-Fi-Full-Volu_aaa6ae0a37c9c6b6a6dbc6ef17d75c4b718679e0_1732176453.png
bareMinerals,Prime Time Eyeshadow Extender,Rp 420.000,(1),,https://image-optimizer-id.production.sephora-asia.net/eyJlZGl0cyI6eyJyZXNpemUiOnt9fX0=/images/product_images/zoom_BM_SP23_PTPEE_Silo_Open_3000x3000_R150_2d63b2f873528e63a344dc5e87d0567df4894ee5_1737110156.png
bareMinerals,Original Pure Serum Radiant Natural Liquid Foundation Mineral SPF 20,Rp 790.000,,17 shades,https://image-optimizer-id.production.sephora-asia.net/eyJlZGl0cyI6eyJyZXNpemUiOnt9fX0=/images/product_images/zoom_BM_SU23_OPSR_Silo_LIGHTWARM25_INTL_R300_8d11a0dab7dadf24ef458573acc61f3437f63aa5_1737086625.png
Kylie Cosmetics,Plumping Gloss,Rp 465.000,(12),5 shades,https://image-optimizer-id.production.sephora-asia.net/eyJlZGl0cyI6eyJyZXNpemUiOnt9fX0=/images/product_images/zoom_1_Product_4064941078098-kylie-cosmetic-Plumping-Gloss-618-Cu_bd10aaeaf68dda76cf2c50e156e4a8d151cae50c_1732500638.png
MAKE UP FOR EVER,Boundless Berry PERFECT DUO,Rp 820.000,,11 shades,https://image-optimizer-id.production.sephora-asia.net/eyJlZGl0cyI6eyJyZXNpemUiOnt9fX0=/images/product_images/zoom_VB-3-Boundless-Berry-PERFECT-DUO_2123006abcef63118871e66aa2f443139f4c5f6b_1742186207.png
Kylie Cosmetics,High Gloss Lip Gloss,Rp 465.000,(37),7 shades,https://image-optimizer-id.production.sephora-asia.net/eyJlZGl0cyI6eyJyZXNpemUiOnt9fX0=/images/product_images/zoom_1_Product_4064941011163-kylie-cosmetic-High-Gloss-002-Always_07ddd4970b546395b476fd2886573e7e54be7457_1732265599.png
IT Cosmetics,Bye Bye Pores Pressed Silk Airbrush Poreless Finishing Powder,"Rp 850.000
   Rp 722.500 
    15% OFF",(815),,https://image-optimizer-id.production.sephora-asia.net/eyJlZGl0cyI6eyJyZXNpemUiOnt9fX0=/images/product_images/zoom_1_Product_817919013966-It-Cosmetics-Bye-Bye-Pores-Pressed-Si_46e3e1d84d1781b7e1171bc42bf3c56d5a56eb0d_1750233337.png
Nudestix,Nudeglow Lip 2pc Set,Rp 565.000,(77),,https://image-optimizer-id.production.sephora-asia.net/eyJlZGl0cyI6eyJyZXNpemUiOnt9fX0=/images/product_images/zoom_nudestix1_24842934be8cdc5085a3726969339ca7056bbcb4_1732518280.png
bareMinerals,Barepro 24hr wear Skin-perfecting Matte Liquid Foundation Ultra-comfort Mineral SPF 20,Rp 790.000,,20 shades,https://image-optimizer-id.production.sephora-asia.net/eyJlZGl0cyI6eyJyZXNpemUiOnt9fX0=/images/product_images/zoom_barepro_matte_foundation-removebg-preview_88c8bbbf3498f06e28b850e1be45e67e2e11fcff_1737360965.png
Laura Mercier,Translucent Pressed Talc-Free Waterproof Setting Powder Ultra-Blur,Rp 1.050.000,(616),2 shades,https://image-optimizer-id.production.sephora-asia.net/eyJlZGl0cyI6eyJyZXNpemUiOnt9fX0=/images/product_images/zoom_LM_SP24_UBPressed_Open_Silo_MedDeep_3000x3000_R150_9ea9a950da09f22f5f041917dbbcb672d1a13c40_1748332696.png
Sephora Collection,Size Up Waterproof Mascara,Rp 336.000,(142),,https://image-optimizer-id.production.sephora-asia.net/eyJlZGl0cyI6eyJyZXNpemUiOnt9fX0=/images/product_images/zoom_1_Product_3378872246985-Sephora-collection-Size-Up-Waterproo_786ea4a6f23f9f6c641eed1e661c4aac24af12d9_1739863919.png
NARS,[Amour Collection] Quad Eyeshadow,Rp 900.000,,,https://image-optimizer-id.production.sephora-asia.net/eyJlZGl0cyI6eyJyZXNpemUiOnt9fX0=/images/product_images/zoom_1_Product_194251146522-NARS-Quad-Eyeshadow-Palette-Holiday-L_678dd3cc5d40065ec5f28a9abe160414c882d03e_1738219033.png
Sulwhasoo,Glowing Lip Balm,Rp 600.000,(35),2 shades,https://image-optimizer-id.production.sephora-asia.net/eyJlZGl0cyI6eyJyZXNpemUiOnt9fX0=/images/product_images/zoom_1_Product_8809925154032-Sulwhasoo-Glowing-Lip-Balm-No-000-Cl_cca2fbf0c328a4fb449fcf32fa1d3e86711af13e_1730878353.png
bareMinerals,Barepro 24H Skin Perfect Powder Foundation (8gr),Rp 750.000,(325),20 shades,https://image-optimizer-id.production.sephora-asia.net/eyJlZGl0cyI6eyJyZXNpemUiOnt9fX0=/images/product_images/zoom_Light_25_Warm_52fe96496ef60f445c7f33fc64242c3c39d911da_1751596593.png
IT Cosmetics,Brow Power Universal Eyebrow Pencil,"Rp 495.000
   Rp 420.750 
    15% OFF",(404),,https://image-optimizer-id.production.sephora-asia.net/eyJlZGl0cyI6eyJyZXNpemUiOnt9fX0=/images/product_images/zoom_19270_ITCosmetics_WEB_8f3b4031f6e0f4aa62e02541bdbffd31f905d28d_1750255145.png
Kylie Cosmetics,Pressed Bronzing Powder,Rp 500.000,(14),,https://image-optimizer-id.production.sephora-asia.net/eyJlZGl0cyI6eyJyZXNpemUiOnt9fX0=/images/product_images/zoom_1_Product_4064941008354-kylie-cosmetic-Pressed-Bronzing-Powd_8bb3a7f05884cbe81b8bbd70d8b307208e59edee_1732502933.png
Tom Ford Beauty,Traceless Soft Matte Primer,Rp 1.425.000,(462),,https://image-optimizer-id.production.sephora-asia.net/eyJlZGl0cyI6eyJyZXNpemUiOnt9fX0=/images/product_images/zoom_1_Product_888066119290-Tom-Ford-Beauty-Traceless-Soft-Matte-_2372b5c016b175808239156ebba06dded158df6a_1757505147.png
bareMinerals,Mineralist Eyeshadow Palette,Rp 700.000,(131),4 shades,https://image-optimizer-id.production.sephora-asia.net/eyJlZGl0cyI6eyJyZXNpemUiOnt9fX0=/images/product_images/zoom_eyeshadow_pallete_rosewood_pallete_991ede7cd5601952e63686682d3c5fba56afa80e_1750846681.png
Kylie Cosmetics,Kylighter Pressed Illuminating Powder,Rp 650.000,(1),,https://image-optimizer-id.production.sephora-asia.net/eyJlZGl0cyI6eyJyZXNpemUiOnt9fX0=/images/product_images/zoom_1_Product_4064941008248-KYLIE-COSMETICS-Kylighter-Pressed-Il_ca9da9c664f9673e9500e488b725f59f78b8b7e8_1732268203.png
IT Cosmetics,Superhero™ Elastic Stretch Volumizing Mascara,"Rp 650.000
   Rp 552.500 
    15% OFF",(1575),,https://image-optimizer-id.production.sephora-asia.net/eyJlZGl0cyI6eyJyZXNpemUiOnt9fX0=/images/product_images/zoom_1_Product_34578_2520IT_2520Cosmetics_2520Superhero_2520Elast_838784b1d496493b44ef2977734374af670e0e8c_1754281269.png
Tom Ford Beauty,Extreme Mascara,Rp 975.000,(413),,https://image-optimizer-id.production.sephora-asia.net/eyJlZGl0cyI6eyJyZXNpemUiOnt9fX0=/images/product_images/zoom_NAzC7155hUw_b31829c9dd20c59dec71bc64f283766e5258f6cd_1757504033.png
Sephora Collection,Color Twister Glitter Balm,Rp 259.000,(8),,https://image-optimizer-id.production.sephora-asia.net/eyJlZGl0cyI6eyJyZXNpemUiOnt9fX0=/images/product_images/zoom_1_Product_3378872251767-Sephora-Collection-Color-Twister-Gli_246464a2a4e5d94d692ee90d657700d4c568f577_1751423350.png
Sephora Collection,Color Twister All-In-One Cream Color Blush,Rp 323.000,(18),,https://image-optimizer-id.production.sephora-asia.net/eyJlZGl0cyI6eyJyZXNpemUiOnt9fX0=/images/product_images/zoom_1_Product_3378872252290-Sephora-Collection-Color-Twister-All_4e45818551c7ce79c388674e8edd14f3abae7184_1751424668.png
Sephora Collection,Color Twister Lip & Cheek Color Changing Oil-in-Stick,Rp 323.000,(127),3 shades,https://image-optimizer-id.production.sephora-asia.net/eyJlZGl0cyI6eyJyZXNpemUiOnt9fX0=/images/product_images/zoom_1_Product_3378872251811-Sephora-Collection-Color-Twister-Lip_2aff46b8fb51955a70c20a34f088168fc72c78de_1751440800.png
Huda Beauty,1 Coat Wow! Extra Volumizing And Lifting Mascara,Rp 520.000,(945),2 types,https://image-optimizer-id.production.sephora-asia.net/eyJlZGl0cyI6eyJyZXNpemUiOnt9fX0=/images/product_images/zoom_6294018401797_01_ee4aef5a643c53ebf0adcf72161ef54927210450_1710485069.png
Benefit Cosmetics,BADgal Bang Mascara,Rp 520.000,(3499),2 sizes,https://image-optimizer-id.production.sephora-asia.net/eyJlZGl0cyI6eyJyZXNpemUiOnt9fX0=/images/product_images/zoom_GL_Badgal18_FS_Vial_Open_136ceb102e3acecb927d884413b23f03154a71e1_1602589246.png
ESQA,Flawless Setting Powder,Rp 142.000,(7),,https://image-optimizer-id.production.sephora-asia.net/eyJlZGl0cyI6eyJyZXNpemUiOnt9fX0=/images/product_images/zoom_1000x1000_14__60fb30b36a0c24011a42a7154d132ea238810384_1635408792.png
MAKE UP FOR EVER,Pore Minimizer Step 1 Face Primer,Rp 745.000,(607),2 sizes,https://image-optimizer-id.production.sephora-asia.net/eyJlZGl0cyI6eyJyZXNpemUiOnt9fX0=/images/product_images/zoom_1_Product_3548752174329-Make-Up-For-Ever-Pore-Minimizer-Step-1-Face-Primer-30ml_393160061067714bea74881fe2dd264e0261c03e_1609846447.png
ESQA,The Goddess Cheek Palette,Rp 240.000,(20),2 shades,https://image-optimizer-id.production.sephora-asia.net/eyJlZGl0cyI6eyJyZXNpemUiOnt9fX0=/images/product_images/zoom_aphrodite1_a3cf06efbc1a6451178812626480c86b318eddae_1602589180.png
Benefit Cosmetics,Roller Lash,Rp 520.000,(5938),,https://image-optimizer-id.production.sephora-asia.net/eyJlZGl0cyI6eyJyZXNpemUiOnt9fX0=/images/product_images/zoom_7154_BenefitCosmetics_WEB_359b34edeb16952c8727e4ffaad7d2ce62a8715e_1602585271.png
Anastasia Beverly Hills,Lip Primer,Rp 407.000,(349),,https://image-optimizer-id.production.sephora-asia.net/eyJlZGl0cyI6eyJyZXNpemUiOnt9fX0=/images/product_images/zoom_zoom_20662_AnastasiaBeverlyHills_LipPrimer_WEB_4296fa9ba3b830a1fe63c2e3c197390a80d8689a_1602589775.png
Anastasia Beverly Hills,The Original Contour Kit,Rp 936.000,(2439),,https://image-optimizer-id.production.sephora-asia.net/eyJlZGl0cyI6eyJyZXNpemUiOnt9fX0=/images/product_images/zoom_10435_AnastasiaBeverlyHills_TheOriginalContourKit_LighttoMedium_WEB_5a26029fae5c66a79af93d520cba7b9dadd970f3_1603334909.png
Benefit Cosmetics,Boi-ing Cakeless Concealer,Rp 490.000,(3912),7 shades,https://image-optimizer-id.production.sephora-asia.net/eyJlZGl0cyI6eyJyZXNpemUiOnt9fX0=/images/product_images/zoom_1_Product_602004111562-Benefit-Boi-ing-Cakeless-Concealer-Shade-03_94716ec8c316059b8b1a5bc6d6a0bb3687fa0e2f_1603762694.png
MAC Cosmetics,Liquidlast 24-Hour Waterproof Eyeliner,Rp 475.000,(47),,https://image-optimizer-id.production.sephora-asia.net/eyJlZGl0cyI6eyJyZXNpemUiOnt9fX0=/images/product_images/zoom_Untitled_design_2__8772bfaa3946608f05cbb0c9dba70f33cd4dd372_1617205468.png
MAC Cosmetics,Studio Fix Fluid SPF 15 Foundation,Rp 710.000,(45),10 shades,https://image-optimizer-id.production.sephora-asia.net/eyJlZGl0cyI6eyJyZXNpemUiOnt9fX0=/images/product_images/zoom_1_Product_773602642939-MAC-Cosmetics-Studio-Fix-Fluid-SPF-15_946e1b7ba23ef0c4f81cf0593d7581893eefbd82_1755071185.png
MAC Cosmetics,Powder Kiss Lipstick,Rp 495.000,(473),16 shades,https://image-optimizer-id.production.sephora-asia.net/eyJlZGl0cyI6eyJyZXNpemUiOnt9fX0=/images/product_images/zoom_1_Product_773602588800-MAC-Powder-Kiss-Lipstick-Teddy-2-0_ca1d8b4e417fdf1d0482d6d29f25e254842cfc0d_1652105248.png
Clinique,"Take The Day Off™ Makeup Remover For Lids, Lashes & Lips",Rp 505.000,(3430),,https://image-optimizer-id.production.sephora-asia.net/eyJlZGl0cyI6eyJyZXNpemUiOnt9fX0=/images/product_images/zoom_Take_20The_20Day_20Off_20Makeup_20Remover_20For_20Lids_2C_20Lashes_20_26_20Lips_20Default_f0974f4335d6df68c2d6a753dc895c38ecf6370e_1617172715.png
Anastasia Beverly Hills,Lip Liner,Rp 420.000,(2353),21 shades,https://image-optimizer-id.production.sephora-asia.net/eyJlZGl0cyI6eyJyZXNpemUiOnt9fX0=/images/product_images/zoom_689304186797_-_Peach_Amber_1_491268b110dd72ab137f08785fa34e7d95e54aa2_1646203986.png
GUERLAIN,Rouge G de Guerlain The Double Mirror Case,Rp 555.000,(43),5 shades,https://image-optimizer-id.production.sephora-asia.net/eyJlZGl0cyI6eyJyZXNpemUiOnt9fX0=/images/product_images/zoom_3346470434608_1_6c3a22bbc573d409cbb7e0bc4094be667ecdf4f8_1644819459.png
Estée Lauder,Pure Color Envy Color Replenish Lip Balm,Rp 550.000,(67),,https://image-optimizer-id.production.sephora-asia.net/eyJlZGl0cyI6eyJyZXNpemUiOnt9fX0=/images/product_images/zoom_1_Product_887167443471-Estee-Lauder-Pure-Color-Envy-Color-Replenish-Lip-Balm_0099cda8630cbbf9f0fbdfdd90db920c21d77f44_1617010301.png
Benefit Cosmetics,Floratint Desert Rose-Tinted Lip & Cheek Stain,Rp 435.000,(524),,https://image-optimizer-id.production.sephora-asia.net/eyJlZGl0cyI6eyJyZXNpemUiOnt9fX0=/images/product_images/zoom_1_Product_602004140128-Benefit-Cosmetics-Floratint-Desert-Rose-Tinted-Lip-Cheek-Stain-6ml_ecee0e71ee44d1a335cdd763687cb6f0717970c6_1659689643.png
GIVENCHY,Prisme Libre Skin Caring Matte Foundation,Rp 1.095.000,(642),16 shades,https://image-optimizer-id.production.sephora-asia.net/eyJlZGl0cyI6eyJyZXNpemUiOnt9fX0=/images/product_images/zoom_1_Product_3274872431102-Givenchy-Prisme-Libre-Skin-Caring-Matte-Foundation-N280_bb8f861dfe6bc426577a8c501295cb1ed2ca5335_1661409962.png
Clinique,Quickliner For Eyes Intense,Rp 395.000,(517),2 shades,https://image-optimizer-id.production.sephora-asia.net/eyJlZGl0cyI6eyJyZXNpemUiOnt9fX0=/images/product_images/zoom_Webp_net-resizeimage_20_2845_29_5e716e8d4050dc7796d183031dba1b609ad26b8a_1664873628.png
Benefit Cosmetics,Dandelion Twinkle Soft Nude-Pink Highlighter,Rp 350.000,(511),2 sizes,https://image-optimizer-id.production.sephora-asia.net/eyJlZGl0cyI6eyJyZXNpemUiOnt9fX0=/images/product_images/zoom_1_Product_602004138903-Benefit-Cosmetics-Dandelion-Twinkle-Soft-Nude-Pink-Highlighter-Mini_7fe83c1c6c16d08c83cedf6298009bec760822f8_1653636144.png
GUERLAIN,Parure Gold Cushion Rejuvenating Radiance Foundation - Refill,Rp 1.050.000,(5),4 shades,https://image-optimizer-id.production.sephora-asia.net/eyJlZGl0cyI6eyJyZXNpemUiOnt9fX0=/images/product_images/zoom_3346470435247_S-removebg-preview_0856ea003c734774e2eafa3bb416fe8fa6ce4c0e_1657251258.png
GUERLAIN,Parure Gold 24K Radiance Booster Perfection Primer - 24H Hydration,Rp 1.330.000,(19),,https://image-optimizer-id.production.sephora-asia.net/eyJlZGl0cyI6eyJyZXNpemUiOnt9fX0=/images/product_images/zoom_1_356a192b7913b04c54574d18c28d46e6395428ab_1685422262.png
Estée Lauder,Pure Color Crème Lipstick,Rp 650.000,(66),9 shades,https://image-optimizer-id.production.sephora-asia.net/eyJlZGl0cyI6eyJyZXNpemUiOnt9fX0=/images/product_images/zoom_bois_de_rose_f3f44f8a39ccb59097332eb8afdb3d73cba014d7_1686035511.png
Rare Beauty,Perfect Strokes Matte Liquid Eye Liner,Rp 455.000,(3007),,https://image-optimizer-id.production.sephora-asia.net/eyJlZGl0cyI6eyJyZXNpemUiOnt9fX0=/images/product_images/zoom_1_Product_840122901485-Rare-Beauty-Perfect-Strokes-Matte-Liquid-Eye-Liner-Black_6600721c5300cc2e70ccf362696a121b40bfca8d_1680420295.png
Rare Beauty,Always An Optimist Pore Diffusing Primer,Rp 331.000,(2560),2 sizes,https://image-optimizer-id.production.sephora-asia.net/eyJlZGl0cyI6eyJyZXNpemUiOnt9fX0=/images/product_images/zoom_1_Product_840122902567-Rare-Beauty-Always-An-Optimist-Pore-Diffusing-Primer-15ml_1836b5b5f762b17d5599b8e8c9d0c12c0714777e_1680168498.png
MAKE UP FOR EVER,Mist & Fix Matte Setting Spray,Rp 620.000,(387),2 sizes,https://image-optimizer-id.production.sephora-asia.net/eyJlZGl0cyI6eyJyZXNpemUiOnt9fX0=/images/product_images/zoom_1_Product_3548752196420-Make-Up-For-Ever-Mist-Fix-Matte-Setting-Spray-100ml_960cc1ad83fe22c327dcc0d4ec8725077a8ef2bc_1679038271.png
Sephora Collection,Colorful Blush,Rp 323.000,(1158),7 shades,https://image-optimizer-id.production.sephora-asia.net/eyJlZGl0cyI6eyJyZXNpemUiOnt9fX0=/images/product_images/zoom_1_Product_3378872180531-Sephora-Collection-Colorful-Blush--05-Sweet-On-You-350-g_7b473b8ce8f6bca34a355655e0306d041d0f009b_1684829720.png
Natasha Denona,Mini Starlette Palette,Rp 555.000,(371),,https://image-optimizer-id.production.sephora-asia.net/eyJlZGl0cyI6eyJyZXNpemUiOnt9fX0=/images/product_images/zoom_1000_x_1000_6__4aad2ccc2037b30d11b1bf06fea47e0d705c47d6_1690427558.png
Rare Beauty,Perfect Strokes Longwear Gel Eyeliner,Rp 429.000,(1273),3 shades,https://image-optimizer-id.production.sephora-asia.net/eyJlZGl0cyI6eyJyZXNpemUiOnt9fX0=/images/product_images/zoom_7_902ba3cda1883801594b6e1b452790cc53948fda_1688378104.png
Laura Mercier,Translucent Loose Setting Powder Ultra Blur,Rp 1.030.000,(887),2 shades,https://image-optimizer-id.production.sephora-asia.net/eyJlZGl0cyI6eyJyZXNpemUiOnt9fX0=/images/product_images/zoom_hon_79e666b5efad02d87bdff1510ae8c012196d35b3_1697790571.png
Laura Mercier,Secret Camouflage Brighten & Correct Duo,Rp 650.000,(1234),8 shades,https://image-optimizer-id.production.sephora-asia.net/eyJlZGl0cyI6eyJyZXNpemUiOnt9fX0=/images/product_images/zoom_1_Product_194250000221-Laura-Mercier-SecretCamouflage-BrightenCorrectDuo-2W_d5e3455201809c6af0d7b897722001bc29bdc52e_1698047371.png
Laura Mercier,Blush Colour Infusion,Rp 650.000,(958),9 shades,https://image-optimizer-id.production.sephora-asia.net/eyJlZGl0cyI6eyJyZXNpemUiOnt9fX0=/images/product_images/zoom_1_Product_198785_2520Laura_2520Mercier_2520Blush_2520Colour_2520Infusion_2520Peach_5be14fa4db1d56fdd1c9b013a534662c5b7208a3_1697706144.png
GIVENCHY,Prisme Libre Skin Caring Concealer,Rp 665.000,(732),11 shades,https://image-optimizer-id.production.sephora-asia.net/eyJlZGl0cyI6eyJyZXNpemUiOnt9fX0=/images/product_images/zoom_1_Product_3274872446168-GIVENCHY-Prisme-Libre-Skin-Caring-Concealer-W245-dba074_50fbf55747f6e933a19076237622a5910f5decf7_1691400739.png
MAKE UP FOR EVER,HD Skin Hydra Glow Foundation,Rp 820.000,(821),30 shades,https://image-optimizer-id.production.sephora-asia.net/eyJlZGl0cyI6eyJyZXNpemUiOnt9fX0=/images/product_images/zoom_1_Product_3548752205788-Make-Up-For-Ever-HD-Skin-Hydra-Glow-Foundation-1N06-efc19e_5e10df526af44d382ecf0e9e9bfc704034e66222_1705980268.png
ESQA,Flawless Liquid Concealer NEW,Rp 129.000,(8),10 shades,https://image-optimizer-id.production.sephora-asia.net/eyJlZGl0cyI6eyJyZXNpemUiOnt9fX0=/images/product_images/zoom_Milkshake_e3d24bb32da44797f37f9fde3186386e6f1dfc0a_1713945470.png
GIVENCHY,Le Rouge Interdit Cream Velvet Liquid Lipstick,Rp 760.000,(330),12 shades,https://image-optimizer-id.production.sephora-asia.net/eyJlZGl0cyI6eyJyZXNpemUiOnt9fX0=/images/product_images/zoom_1_Product_3274872428218-GIVENCHY-Le-Rouge-Interdit-Cream-Vel_35ee6f73ca175bca8081432982a00aa6c3bb1642_1714095995.png
Bobbi Brown,Extra Plump Lip Serum,Rp 600.000,(765),5 shades,https://image-optimizer-id.production.sephora-asia.net/eyJlZGl0cyI6eyJyZXNpemUiOnt9fX0=/images/product_images/zoom_IRRESISTIBLE_EDP_ROSE_VELVET_SOFISTIC_1ML_19__cdbdad2888afc9de3dad6ea28363e3f7c4d0ea1e_1718251538.png
Bobbi Brown,Weightless Skin Cushion Foundation SPF 40 PA+++,Rp 900.000,(14),5 shades,https://image-optimizer-id.production.sephora-asia.net/eyJlZGl0cyI6eyJyZXNpemUiOnt9fX0=/images/product_images/zoom_IMAGE01_H82M03_light_4000x4000_NoShadow_31ede5adc6d921d10476aee7c5542710a7ae1ff4_1721356405.png
ESQA,Minimalist Eye Tint Corrector,Rp 129.000,,2 shades,https://image-optimizer-id.production.sephora-asia.net/eyJlZGl0cyI6eyJyZXNpemUiOnt9fX0=/images/product_images/zoom_1_Light_Medium_a23087a8228ad994e957ca7ee810e68197b434ef_1718697019.png
DIOR,Diorshow Stylo Waterproof Eyeliner - 24H Wear - Intense Color,Rp 500.000,(44),14 shades,https://image-optimizer-id.production.sephora-asia.net/eyJlZGl0cyI6eyJyZXNpemUiOnt9fX0=/images/product_images/zoom_3348901703680_E01_WITH_SHADOW_007d7b87f4ccfd431fc5d52c3331275c2320c829_1718955474.png
GUERLAIN,Parure Gold Skin Double Veil Correction & Protection SPF 50+ & PA +++,Rp 1.500.000,,,https://image-optimizer-id.production.sephora-asia.net/eyJlZGl0cyI6eyJyZXNpemUiOnt9fX0=/images/product_images/zoom_PG-VEIL_-1000X1000px_795848272282d57bbd2d4a5060493709b5196b80_1727430535.png
GUERLAIN,Parure Gold Skin Diamond Micro Powder,Rp 1.560.000,(1),4 shades,https://image-optimizer-id.production.sephora-asia.net/eyJlZGl0cyI6eyJyZXNpemUiOnt9fX0=/images/product_images/zoom_PG-MICRO-POWDER-04_-1000X1000px_12d0004184de56ab9e3dedfeec34507d96bae058_1727925415.png
ESQA,Minimalist Blurring Serum Skin Tint SPF 35 PA++,Rp 169.000,(5),8 shades,https://image-optimizer-id.production.sephora-asia.net/eyJlZGl0cyI6eyJyZXNpemUiOnt9fX0=/images/product_images/zoom_3_1_SKIN_TINT_CUSTARD_CAP_5fa4dd3f405f6f450d6be0d7996e3820b605b4d6_1727856755.png
Estée Lauder,Purecolor Melt On Glosstick,Rp 650.000,(1),3 shades,https://image-optimizer-id.production.sephora-asia.net/eyJlZGl0cyI6eyJyZXNpemUiOnt9fX0=/images/product_images/zoom_1_Product_887167774841-Estee-Lauder-Purecolor-Melt-On-Glosst_7a0cedc1d78d8c3cebf6839df94d8a89d3ba435f_1744619937.png
Benefit Cosmetics,Get Rollin’ Mascara Duo,Rp 595.000,(3),,https://image-optimizer-id.production.sephora-asia.net/eyJlZGl0cyI6eyJyZXNpemUiOnt9fX0=/images/product_images/zoom_Roller_1_570f4e7bbfc26364d7ce83e32b4116d69d800027_1745203755.png
DIOR,Diorshow Liquid Liner Ultra-Precise Felt-Tip Eyeliner,Rp 650.000,(8),9 shades,https://image-optimizer-id.production.sephora-asia.net/eyJlZGl0cyI6eyJyZXNpemUiOnt9fX0=/images/product_images/zoom_1_Product_3348901756426-DIOR-Diorshow-Liquid-Liner-Ultra-Pre_3622766b3b7a87e0bc6c7facb75b1baf8492a117_1749462556.png
Sephora Collection,12HR Setting & Mattifying Powder,Rp 388.000,(238),2 types,https://image-optimizer-id.production.sephora-asia.net/eyJlZGl0cyI6eyJyZXNpemUiOnt9fX0=/images/product_images/zoom_1_Product_3378872237792-Sephora-collection-12Hr-Setting-Matt_e38057475a9e5bb6e9a6021e61de5ef3bed0426a_1741164192.png
Armani Beauty,Smooth Silk Eye Pencil,Rp 500.000,(5),,https://image-optimizer-id.production.sephora-asia.net/eyJlZGl0cyI6eyJyZXNpemUiOnt9fX0=/images/product_images/zoom_01_GA_2021_Smooth-Silk-Eye-Pencil_4_3360372040743_RVB-3000_b2e1d683ab7c2f02f63f0f2e169e2816969467eb_1746437008.png
Armani Beauty,Luminous Silk Concealer,Rp 860.000,(1026),8 shades,https://image-optimizer-id.production.sephora-asia.net/eyJlZGl0cyI6eyJyZXNpemUiOnt9fX0=/images/product_images/zoom_01_GA_2024_LS-Concealer_2_ClosedOpen_3614272951556_RVB-4000_fe1508e5cf27652e1daada7cd271480cb10e5c70_1745553093.png
MAKE UP FOR EVER,HD Skin Loose Powder Mini,Rp 400.000,(11),,https://image-optimizer-id.production.sephora-asia.net/eyJlZGl0cyI6eyJyZXNpemUiOnt9fX0=/images/product_images/zoom_1_Product_3548752216371-Make-Up-For-Ever-HD-Skin-Loose-Powde_a4d67ce4ae9daf117d99739f7818d9a82cfee386_1747105633.png
Sephora Collection,Manicure Duo,Rp 341.000,(34),,https://image-optimizer-id.production.sephora-asia.net/eyJlZGl0cyI6eyJyZXNpemUiOnt9fX0=/images/product_images/zoom_1_Product_3378872213475-Sephora-Collection-Manicure-Duo-Defa_002f87a46dd71a5174c270750d7b2ea5c4c816c8_1711426893.png
KAJA,Beauty Bento Bouncy Eyeshadow Trio,Rp 399.000,(1659),10 shades,https://image-optimizer-id.production.sephora-asia.net/eyJlZGl0cyI6eyJyZXNpemUiOnt9fX0=/images/product_images/zoom_BeautyBento_02_782b8915eb7c2c87c3cee75075482cd7edc0ab78_1706606523.png
Clinique,Almost Lipstick (Limited Edition),Rp 510.000,(18),,https://image-optimizer-id.production.sephora-asia.net/eyJlZGl0cyI6eyJyZXNpemUiOnt9fX0=/images/product_images/zoom_1_Product_192333232767-Clinique-Almost-Lipstick-Limited-Edit_b632d024f005b3be4d7a89faffd9499a77429a3d_1742541571.png
Sephora Collection,12h Intense Ink Matte Liquid Eyeliner,Rp 310.000,(243),9 shades,https://image-optimizer-id.production.sephora-asia.net/eyJlZGl0cyI6eyJyZXNpemUiOnt9fX0=/images/product_images/zoom_1_Product_3378872239338-Sephora-collection-12h-Intense-Ink-M_e1c52804c248c6f09b6d889be390dbc6188365c3_1726123059.png
Anastasia Beverly Hills,Volumizing Tinted Brow Gel,Rp 545.000,(449),9 shades,https://image-optimizer-id.production.sephora-asia.net/eyJlZGl0cyI6eyJyZXNpemUiOnt9fX0=/images/product_images/zoom_prd_Sea_request_45498_2024082701213136_689304012195_Taupe_01_21efff78b626c9d27796a065bf674936c115ac61_1724754417.png
Natasha Denona,Golden Palette,Rp 1.399.000,(425),,https://image-optimizer-id.production.sephora-asia.net/eyJlZGl0cyI6eyJyZXNpemUiOnt9fX0=/images/product_images/zoom_1_Product_7290113705555-Natasha-Denona-Golden-Palette-Defaul_dd17b4a301f45d3f21fd12402d590710de54acd0_1724226342.png
MAKE UP FOR EVER,Ultra HD Pressed Powder Lilac (Limited Edition),Rp 370.000,(6),,https://image-optimizer-id.production.sephora-asia.net/eyJlZGl0cyI6eyJyZXNpemUiOnt9fX0=/images/product_images/zoom_1_Product_3548752209182-Make-Up-For-Ever-Ultra-HD-Pressed-Po_5deb888afad20b2713a0be0328bd953060f4ccdf_1720670955.png
Kylie Cosmetics,Pressed Blush Powder,Rp 540.000,(84),3 shades,https://image-optimizer-id.production.sephora-asia.net/eyJlZGl0cyI6eyJyZXNpemUiOnt9fX0=/images/product_images/zoom_1_Product_4064941008514-kylie-cosmetic-Pressed-Blush-Powder-_bb537beb055ee35d35dc25addec457b21d5a0f26_1732502570.png
bareMinerals,Original Mineral Veil Loose Setting Powder,Rp 660.000,(1),,https://image-optimizer-id.production.sephora-asia.net/eyJlZGl0cyI6eyJyZXNpemUiOnt9fX0=/images/product_images/zoom_5179_47626_MinVeil_Original_2014COMP_2000x2000_R300_65a9b613695ec3f1f44df850a4c7e49aad6e07dc_1737108825.png
Kylie Cosmetics,Lip Oil,Rp 490.000,(6),3 shades,https://image-optimizer-id.production.sephora-asia.net/eyJlZGl0cyI6eyJyZXNpemUiOnt9fX0=/images/product_images/zoom_1_Product_3616304916267-KYLIE-COSMETICS-Lip-Oil-Coconut_b08654fa3e8ed21135aa29f39fc4c8eac29d2299_1732508033.png
Sephora Collection,Clear Eyelash Glue,Rp 207.000,(325),,https://image-optimizer-id.production.sephora-asia.net/eyJlZGl0cyI6eyJyZXNpemUiOnt9fX0=/images/product_images/zoom_1_Product_3378872219002-Sephora-Collection-Clear-Eyelash-Glu_7432e4250413055ad854af3f31e751e1d0c862f8_1733991307.png
Dear Dahlia,Skin Silhouette Contour Duo,Rp 697.000,(3),2 shades,https://image-optimizer-id.production.sephora-asia.net/eyJlZGl0cyI6eyJyZXNpemUiOnt9fX0=/images/product_images/zoom_neutral_01-removebg-preview_c2fae00a8131d1501d49e1257085e23a80493dcc_1734588467.png
Stila,Stay All Day® Smudge & Set Waterproof Gel Eye Liner,Rp 480.000,(22),10 shades,https://image-optimizer-id.production.sephora-asia.net/eyJlZGl0cyI6eyJyZXNpemUiOnt9fX0=/images/product_images/zoom_1_Product_94800364035-Stila-Stay-All-Day-Smudge-Set-Waterpro_d00f03494d95556842538eee99806d4e6bf392ef_1731912738.png
Bobbi Brown,Luxe Matte Liquid Lipstick,Rp 610.000,(8),10 shades,https://image-optimizer-id.production.sephora-asia.net/eyJlZGl0cyI6eyJyZXNpemUiOnt9fX0=/images/product_images/zoom_1_Product_716170307886-Bobbi-Brown-Luxe-Matte-Liquid-Lipstic_4f3c301bb033d61e814010c6ae265a945191d2b3_1732084371.png
Tom Ford Beauty,Architecture Soft Matte Blurring Foundation,Rp 1.650.000,(4),8 shades,https://image-optimizer-id.production.sephora-asia.net/eyJlZGl0cyI6eyJyZXNpemUiOnt9fX0=/images/product_images/zoom_1_Product_888066146005-Tom-Ford-Beauty-Architecture-Soft-Mat_96f556737800c25c79d5a0535ba8a20addc584db_1757491202.png
Tom Ford Beauty,Runway Lip Color,Rp 975.000,(123),8 shades,https://image-optimizer-id.production.sephora-asia.net/eyJlZGl0cyI6eyJyZXNpemUiOnt9fX0=/images/product_images/zoom_1_Product_888066158558-Tom-Ford-Beauty-Runway-Lip-Color-Sabl_cba580f6dd7ee68d878a5556837da7453110d87a_1757498085.png
Estée Lauder,Limited Edition Pure Color Gelée Glow Tinted Lip Balm,Rp 550.000,,,https://image-optimizer-id.production.sephora-asia.net/eyJlZGl0cyI6eyJyZXNpemUiOnt9fX0=/images/product_images/zoom_Pink_Chill_caa184871e74747c58c7dba595f4a6c3bdcc650d_1754624905.png
Lancôme,Juicy Tubes,Rp 495.000,(697),6 shades,https://image-optimizer-id.production.sephora-asia.net/eyJlZGl0cyI6eyJyZXNpemUiOnt9fX0=/images/product_images/zoom_1_Product_3605972352286-Lancme-Juicy-Tubes-04-Miracle_2effae5b56f8e728b906b8f35655f68aa066465a_1754883230.png
Laura Mercier,Bronze Color Infusion,Rp 800.000,(105),4 shades,https://image-optimizer-id.production.sephora-asia.net/eyJlZGl0cyI6eyJyZXNpemUiOnt9fX0=/images/product_images/zoom_40_1_1d810028b078caba11b983904e5a6389e1fd5664_1750921576.png
Anastasia Beverly Hills,Smooth Blur Contour Stick,Rp 635.000,(233),4 shades,https://image-optimizer-id.production.sephora-asia.net/eyJlZGl0cyI6eyJyZXNpemUiOnt9fX0=/images/product_images/zoom_689304363006_Smooth_Blur_Contour_Stick_Halftone_a_7a103a9f03826eb07bd9cbd616978445fcf85da1_1752813931.png
MAC Cosmetics,Lipglazer,Rp 410.000,(2),8 shades,https://image-optimizer-id.production.sephora-asia.net/eyJlZGl0cyI6eyJyZXNpemUiOnt9fX0=/images/product_images/zoom_1_Product_773602750887-MAC-Cosmetics-Lipglazer-Marrakesh-Int_e535f73be41fd23b695d896f97f20acdd0b1e185_1753327854.png
Nudestix,Tinted Blur Sculpt Stick,Rp 650.000,(213),3 shades,https://image-optimizer-id.production.sephora-asia.net/eyJlZGl0cyI6eyJyZXNpemUiOnt9fX0=/images/product_images/zoom_1_Product_839174008044-NUDESTIX-Tinted-Blur-Sculpt-Stick-Nude-Neutral-Light_16e0de05e72fe7fe1bfd11087f3392fee88ec1ab_1684735131.png
Sephora Collection,Best Skin Ever Glow 12HR Moisturizing Liquid Foundation,Rp 440.000,(758),20 shades,https://image-optimizer-id.production.sephora-asia.net/eyJlZGl0cyI6eyJyZXNpemUiOnt9fX0=/images/product_images/zoom_1_Product_3378872186595-Sephora-Collection-Best-Skin-Ever-Gl_b0692601864bddf562f760f1cbf2df14a4a00769_1735197739.png
Shiseido,UV Protective Compact Foundation Case,Rp 240.000,(1),,https://image-optimizer-id.production.sephora-asia.net/eyJlZGl0cyI6eyJyZXNpemUiOnt9fX0=/images/product_images/zoom_1_Product_730852213364-Shiseido-UV-Protective-Compact-Founda_67f5ef33ed6801cba9209c325cb715a8ea0a77d5_1758860733.png
Laura Mercier,Pure Canvas Hydrating Primer,Rp 830.000,(110),2 sizes,https://image-optimizer-id.production.sephora-asia.net/eyJlZGl0cyI6eyJyZXNpemUiOnt9fX0=/images/product_images/zoom_1_Product_194250068054-LAURA-MERCIER-Pure-Canvas-Primer-Hydr_a6495be033c51082f3e5c65f73f02dbc1f0a7ab8_1714976974.png
Revitalash,Length Define Tubing Mascara,Rp 595.000,,,https://image-optimizer-id.production.sephora-asia.net/eyJlZGl0cyI6eyJyZXNpemUiOnt9fX0=/images/product_images/zoom_818426022007-1_e3dcf63e70c6d82f7565602cb67c2c09dca2db44_1758788979.png
Benefit Cosmetics,"Benebingo Mascara, Brow Setting Gel And Mini Blush (Holiday Limited Edition)",Rp 860.000,,,https://image-optimizer-id.production.sephora-asia.net/eyJlZGl0cyI6eyJyZXNpemUiOnt9fX0=/images/product_images/zoom_1_Product_602004164698-Benefit-Cosmetics-Benebingo-Mascara-B_294b4665307d0b81383d031ca97ce7d00175fb80_1759906388.png
Benefit Cosmetics,Gamejoy Full-Size & Mini Bestsellers Set (Holiday Limited Edition),Rp 665.000,,,https://image-optimizer-id.production.sephora-asia.net/eyJlZGl0cyI6eyJyZXNpemUiOnt9fX0=/images/product_images/zoom_1_Product_602004164858-Benefit-Cosmetics-Gamejoy-Full-Size-M_a26309b4f58c9ebec1e5349431f53d7b3c19fb43_1759976817.png
Huda Beauty,Easy Blur Natural Airbrush Foundation Mini,Rp 385.000,,9 shades,https://image-optimizer-id.production.sephora-asia.net/eyJlZGl0cyI6eyJyZXNpemUiOnt9fX0=/images/product_images/zoom_1_Product_6294018405467-Huda-Beauty-Easy-Blur-Natural-Airbru_8c4a8362d9d52c4ddcf65ded8b38389c76f3aad0_1756181310.png
Nudestix,Magnetic Matte Eye Color,Rp 550.000,(267),9 shades,https://image-optimizer-id.production.sephora-asia.net/eyJlZGl0cyI6eyJyZXNpemUiOnt9fX0=/images/product_images/zoom_1_Product_839174005302-Nudestix-MAGNETIC-LUMINOUS-EYE-COLOR-NIGHT-Night-Updated_98dcd50d5b227a94b5915e5c4d596afc14621505_1693812134.png
MAKE UP FOR EVER,Ultra HD Stick Foundation,Rp 710.000,(746),11 shades,https://image-optimizer-id.production.sephora-asia.net/eyJlZGl0cyI6eyJyZXNpemUiOnt9fX0=/images/product_images/zoom_r330_4bff3e2e4afc7da5ef5541c8b258c2df0802e95e_1602589170.png
Anastasia Beverly Hills,Dipbrow Gel,Rp 445.000,(517),2 shades,https://image-optimizer-id.production.sephora-asia.net/eyJlZGl0cyI6eyJyZXNpemUiOnt9fX0=/images/product_images/zoom_1_Product_207391_2520Anastasia_2520Beverly_2520Hills_2520Dipbrow_2520Gel_2520Blonde_91b892d1dc5bafcdf0e1baf0ab6208e71eaa0475_1603741819.png
Stila,Magnum XXX™ Mascara,Rp 499.000,(46),,https://image-optimizer-id.production.sephora-asia.net/eyJlZGl0cyI6eyJyZXNpemUiOnt9fX0=/images/product_images/zoom_Stila_20Magnum_20XXX_20Mascara_201_1846e5d24f797d3906eeaaee23f3ee838d4eca54_1602589732.png
Nudestix,Magnetic Matte Lip Color,Rp 550.000,(156),5 shades,https://image-optimizer-id.production.sephora-asia.net/eyJlZGl0cyI6eyJyZXNpemUiOnt9fX0=/images/product_images/zoom_1_Product_839174010016-Nudestix-MAGNETIC-MATTE-LIP-COLOR-ROSE-Rose-Updated_ef69959f5533b494f16b243efeaf50babe708d76_1693815185.png
Anastasia Beverly Hills,Soft Glam Eye Shadow Palette,Rp 1.100.000,(3147),,https://image-optimizer-id.production.sephora-asia.net/eyJlZGl0cyI6eyJyZXNpemUiOnt9fX0=/images/product_images/zoom_33459_AnastasiaBeverlyHills_WEB_1581f3614906765fcf304ffdebb2b20a15997459_1605257238.png
Shiseido,Sports BB SPF 50+ Sunscreen,Rp 650.000,(42),3 shades,https://image-optimizer-id.production.sephora-asia.net/eyJlZGl0cyI6eyJyZXNpemUiOnt9fX0=/images/product_images/zoom_2_Product_208623-Shiseido-Global-Suncare-BB-For-Sport-Light_30e642772a48f020db2abdc0ebc8b257615b20ae_1604063721.png
Benefit Cosmetics,High Beam Face Highlighter,Rp 420.000,(373),,https://image-optimizer-id.production.sephora-asia.net/eyJlZGl0cyI6eyJyZXNpemUiOnt9fX0=/images/product_images/zoom_2_da4b9237bacccdf19c0760cab7aec4a8359010b0_1602585263.png
Sephora Collection,Original Best Skin Ever Perfect Natural Finish Longwear Foundation,Rp 440.000,(2447),17 shades,https://image-optimizer-id.production.sephora-asia.net/eyJlZGl0cyI6eyJyZXNpemUiOnt9fX0=/images/product_images/zoom_1_Product_3378872167709-Sephora-Collection-Best-Skin-Ever-Pe_9d33cb3c13d506dbdd434e9e4221c0373414c359_1718704867.png
Bobbi Brown,No Smudge Mascara,Rp 580.000,(118),,https://image-optimizer-id.production.sephora-asia.net/eyJlZGl0cyI6eyJyZXNpemUiOnt9fX0=/images/product_images/zoom_1_Product_201299_2520Bobbi_2520Brown_2520No_2520Smudge_2520Mascara_2520Default_e0763c5a877aeacebc8d89ca6d2eec43540f166e_1617902350.png
Dear Dahlia,Paradise Dual Palette,Rp 576.000,(79),7 shades,https://image-optimizer-id.production.sephora-asia.net/eyJlZGl0cyI6eyJyZXNpemUiOnt9fX0=/images/product_images/zoom_1_Product_8809546843421-Dear-Dahlia-Paradise-Dual-Palette-Face-Palette-Multi-Forbidden-Fig_202dd9bd299a3d267057329870f96bcd1336fdae_1612323404.png
Stila,Stay All Day® Waterproof Liquid Eye Liner (Limited Edition),Rp 480.000,(1),3 shades,https://image-optimizer-id.production.sephora-asia.net/eyJlZGl0cyI6eyJyZXNpemUiOnt9fX0=/images/product_images/zoom_1_Product_94800363878-Stila-Stay-All-Day-Waterproof-Liquid-E_94051adbbfa197ec2d047db3242051305cd63a43_1725962181.png
Nudestix,Nudefix Cream Concealer,Rp 590.000,(77),8 shades,https://image-optimizer-id.production.sephora-asia.net/eyJlZGl0cyI6eyJyZXNpemUiOnt9fX0=/images/product_images/zoom_1_Product_839174012737-Nudestix-Nudefix-Cream-Concealer-Nude_0436eb17f588c254eb689f7e993339ffd3cc8620_1733802422.png
Nudestix,Roses 'N Honey Makeup Kit Mini,Rp 650.000,(315),,https://image-optimizer-id.production.sephora-asia.net/eyJlZGl0cyI6eyJyZXNpemUiOnt9fX0=/images/product_images/zoom_1_Product_839174006262-Nudestix-Roses-N-Honey-Makeup-Kit-Mini-Limited-Edition-Default_3d514011edf196ccdd827d38b05b6c4d5e2281ae_1647945424.png
Dear Dahlia,Paradise Dual Eyeshadow Palette Mini,Rp 576.000,(5),2 shades,https://image-optimizer-id.production.sephora-asia.net/eyJlZGl0cyI6eyJyZXNpemUiOnt9fX0=/images/product_images/zoom_1_Product_8809546840178-Dear-Dahlia-Paradise-Dual-Eyeshadow-Palette-Mini-Coco-Delight_e623fb4c46ff041a4daa35e6ada1848a078b0b24_1612362877.png
Benefit Cosmetics,Gogotint Cheek & Lip Tint,Rp 435.000,(303),,https://image-optimizer-id.production.sephora-asia.net/eyJlZGl0cyI6eyJyZXNpemUiOnt9fX0=/images/product_images/zoom_1_356a192b7913b04c54574d18c28d46e6395428ab_1602589177.png
Sephora Collection,Glossed Lip Gloss,Rp 288.000,(1637),11 shades,https://image-optimizer-id.production.sephora-asia.net/eyJlZGl0cyI6eyJyZXNpemUiOnt9fX0=/images/product_images/zoom_1_Product_3378872153191-Sephora-Collection-Glossed-Lip-Gloss-10-Wild-Glitter-Finish_34919466d5cfd94823db0402808415fc315f2e4f_1603771428.png
Nudestix,Citrus-C Mask & Daily Moisturizer,Rp 800.000,(67),,https://image-optimizer-id.production.sephora-asia.net/eyJlZGl0cyI6eyJyZXNpemUiOnt9fX0=/images/product_images/zoom_1_Product_839174050050-Nudestix-Citus-C-Mask--Daily-Moisturizer-60ml_576af526ebd66e3fd493fa416a2d0c91a654f36a_1623903469.png
MAKE UP FOR EVER,Rouge Artist,Rp 400.000,(574),37 shades,https://image-optimizer-id.production.sephora-asia.net/eyJlZGl0cyI6eyJyZXNpemUiOnt9fX0=/images/product_images/zoom_1_Product_3548752169196-Make-Up-For-Ever-Rouge-Artist-Lipstick-118-Burning-Clay_52b13d4f4c1e85c0e0ce317c77b2e3e94dabfc26_1603771572.png
Estée Lauder,Take It Away Makeup Remover Lotion,Rp 695.000,(13),,https://image-optimizer-id.production.sephora-asia.net/eyJlZGl0cyI6eyJyZXNpemUiOnt9fX0=/images/product_images/zoom_22894_EsteeLauder_Web_97c1f7fc77fbc23338b60361d00cdfb5b35f7497_1617887714.png
Benefit Cosmetics,Playtint Lip & Cheek Stain,Rp 435.000,(415),,https://image-optimizer-id.production.sephora-asia.net/eyJlZGl0cyI6eyJyZXNpemUiOnt9fX0=/images/product_images/zoom_9_Product_602004129512-Benefit-Cosmetics-Playtint-Lip--Cheek-Stain-6ml_65bec116e84137a43f9f2b0b38bfd01725e8e959_1629086644.png
MAC Cosmetics,Studio Fix 24-Hour Smooth Wear Concealer,Rp 500.000,(62),7 shades,https://image-optimizer-id.production.sephora-asia.net/eyJlZGl0cyI6eyJyZXNpemUiOnt9fX0=/images/product_images/zoom_2_Product_200175_2520Mac_2520Cosmetics_2520Studio_2520Fix_252024_2520Hour_2520Smooth_2520W_9b12e1ac47e413976cd7038a1769de4a0a3f9d03_1656398744.png
Bobbi Brown,Skin Full Cover Concealer,Rp 590.000,(1521),3 shades,https://image-optimizer-id.production.sephora-asia.net/eyJlZGl0cyI6eyJyZXNpemUiOnt9fX0=/images/product_images/zoom_1_Product_716170273839-Bobbi-Brown-Skin-Full-Cover-Concealer-Beige_936c4f62dbb497bed3d26e53d67950789ee37103_1664348411.png
DIOR,Diorshow Pump 'N' Volume XXL Volume 24h Wear Squeezable Mascara,Rp 700.000,(53),2 shades,https://image-optimizer-id.production.sephora-asia.net/eyJlZGl0cyI6eyJyZXNpemUiOnt9fX0=/images/product_images/zoom_1_Product_3348901591874-Dior-Diorshow-Pump-N-Volume-XXL-Volume-24h-Wear-Squeezable-Mascara_58886f348216c040f1f9b1c09e261d890c8eb8f2_1658461965.png
Dear Dahlia,Blooming Edition Paradise Soft Dream Blush,Rp 528.000,(30),2 shades,https://image-optimizer-id.production.sephora-asia.net/eyJlZGl0cyI6eyJyZXNpemUiOnt9fX0=/images/product_images/zoom_1_Product_8809546846484-DEAR-DAHLIA-Blooming-Edition-Paradise-Soft-Dream-Blush-Pleasure_5188edf2cda0d26a8558fec6f43f2c917e2b6460_1666076193.png
Estée Lauder,Double Wear Sheer Long-Wear Makeup SPF 20,Rp 870.000,(110),5 shades,https://image-optimizer-id.production.sephora-asia.net/eyJlZGl0cyI6eyJyZXNpemUiOnt9fX0=/images/product_images/zoom_1_Product_887167533257-Estee-Lauder-Double-Wear-Sheer-Matte-Long-Wear-Makeup-SPF-20-Founda_87891693bfdfb4681ce144c0f467c375c8f127b2_1655965393.png
MAC Cosmetics,Squirt Plumping Gloss Stick,Rp 455.000,(188),10 shades,https://image-optimizer-id.production.sephora-asia.net/eyJlZGl0cyI6eyJyZXNpemUiOnt9fX0=/images/product_images/zoom_1_Product_773602692194-MAC-Cosmetics-Squirt-Plumping-Gloss-Stick-Amped-Pink_778922186ac3b19e175829be65ff3064c0777869_1682412820.png
Benefit Cosmetics,Moone Rich Berry Blush,Rp 580.000,(179),2 sizes,https://image-optimizer-id.production.sephora-asia.net/eyJlZGl0cyI6eyJyZXNpemUiOnt9fX0=/images/product_images/zoom_1_Product_602004138446-Benefit-Cosmetics-Moone-Rich-Berry-Blush-6g_7d1a13b69f498295e155134326d2da28eb730fc0_1653646740.png
Clinique,Clinique For Men Moisturizing Lotion,Rp 630.000,(5),,https://image-optimizer-id.production.sephora-asia.net/eyJlZGl0cyI6eyJyZXNpemUiOnt9fX0=/images/product_images/zoom_17646_Clinique_WEB_641b905b93f380dce4954089d58300a790f4f183_1664874291.png
Clinique,Even Better City Block Brightening Aqua Gel + Anti-Pollution Primer SPF 45/PA+++,Rp 670.000,(45),,https://image-optimizer-id.production.sephora-asia.net/eyJlZGl0cyI6eyJyZXNpemUiOnt9fX0=/images/product_images/zoom_1_Product_192333017579-Clinique-Even-Better-City-Block-Brightening-Aqua-Gel--Anti-Pollutio_f5cc4ca7a08802a44729e798b76e449b34036777_1680664433.png
Sephora Collection,Big By Definition Waterproof Mascara,Rp 336.000,(321),,https://image-optimizer-id.production.sephora-asia.net/eyJlZGl0cyI6eyJyZXNpemUiOnt9fX0=/images/product_images/zoom_1_Product_3378872182887-Sephora-Collection-Big-By-Definition_bd0de86960ed5c87111f95bae2630fc61f09b88b_1735206991.png
Stila,Heaven's Dew Gel Lip Oil,Rp 485.000,(17),9 shades,https://image-optimizer-id.production.sephora-asia.net/eyJlZGl0cyI6eyJyZXNpemUiOnt9fX0=/images/product_images/zoom_1_Product_94800364844-Stila-Heavens-Dew-Gel-Lip-Oil-Ballerin_21d9f273956a1173513ed1d44acd8cd0dabeb279_1755850115.png
MAKE UP FOR EVER,Artist Face Powders Blush,Rp 500.000,(216),10 shades,https://image-optimizer-id.production.sephora-asia.net/eyJlZGl0cyI6eyJyZXNpemUiOnt9fX0=/images/product_images/zoom_310_af53d4aa0b9131f18f84130767ee5b1dcbcb63be_1690788610.png
Anastasia Beverly Hills,Cosmos Eyeshadow Palette,Rp 1.100.000,(164),,https://image-optimizer-id.production.sephora-asia.net/eyJlZGl0cyI6eyJyZXNpemUiOnt9fX0=/images/product_images/zoom_2_Product_689304191753-Anastasia-Beverly-Hills-Cosmos-Eye-Shadow-Palette-Default_ee84578e60159a875778c97783305d8d1ec61ab3_1684725062.png
Shu Uemura,Unlimited Nude Mopo Care-In Powder Foundation Refill,Rp 780.000,(7),3 shades,https://image-optimizer-id.production.sephora-asia.net/eyJlZGl0cyI6eyJyZXNpemUiOnt9fX0=/images/product_images/zoom_1_Product_4935421796859-SHU-Unlimited-Nude-Mopo-Care-In-Powder-Foundation-Refill-564_a119a0af33c39f38d5883a6061302aa944f11eb1_1670213329.png
Anastasia Beverly Hills,Glow Seeker Highlighter,Rp 750.000,(1499),3 shades,https://image-optimizer-id.production.sephora-asia.net/eyJlZGl0cyI6eyJyZXNpemUiOnt9fX0=/images/product_images/zoom_prd_Sea_request_49614_2024083008182785_689304241816_GlowSeek_9405d876a351cf4ba7e959b05c062a2da7a9b2e4_1726210534.png
Dear Dahlia,Perfect Designing Eyeliner Glitter,Rp 564.000,(19),3 shades,https://image-optimizer-id.production.sephora-asia.net/eyJlZGl0cyI6eyJyZXNpemUiOnt9fX0=/images/product_images/zoom_1_Product_8809546847221-Dear-Dahlia-Pencil-Glitter-Eyeliner-Sunset_7a2593d07b93c76d4798790169ff35b5b15cd1fd_1681110009.png
GUERLAIN,Parure Gold Skin Control Compact Foundation,Rp 1.680.000,(15),7 shades,https://image-optimizer-id.production.sephora-asia.net/eyJlZGl0cyI6eyJyZXNpemUiOnt9fX0=/images/product_images/zoom_0C-PRIMARY-VISUAL_5597ddb1cf0fc8596848150b448665cd4bc54dcf_1705563927.png
Huda Beauty,Legit Lashes Double-Ended Volumizing and Lengthening Mascara,Rp 650.000,(2368),2 types,https://image-optimizer-id.production.sephora-asia.net/eyJlZGl0cyI6eyJyZXNpemUiOnt9fX0=/images/product_images/zoom_1_Product_6291106034066-Huda-Beauty-Legit-Lashes-Double-Ended-Volumizing-and-Lengthening-M_d16f245822a14c8a48c062843efc940aec49b171_1678958542.png
Laura Mercier,Pure Canvas Illuminating Primer,Rp 830.000,(110),,https://image-optimizer-id.production.sephora-asia.net/eyJlZGl0cyI6eyJyZXNpemUiOnt9fX0=/images/product_images/zoom_1_Product_194250067453-LAURA-MERCIER-Pure-Canvas-Primer-Illu_a16357f4c2bcffcdd59ce702e8e3b3b41bc345cc_1714969239.png
Laura Mercier,Real Flawless Foundation,Rp 950.000,(981),19 shades,https://image-optimizer-id.production.sephora-asia.net/eyJlZGl0cyI6eyJyZXNpemUiOnt9fX0=/images/product_images/zoom_1_Product_194250010596-Laura-Mercier-Real-Flawless-Foundation-3C2-Toffee_f8d7b7d0511963148e20a9ca2afde85607b15c8f_1697619087.png
MAKE UP FOR EVER,Aqua Resist Color Ink Liquid Eyeliner,Rp 450.000,(8),5 shades,https://image-optimizer-id.production.sephora-asia.net/eyJlZGl0cyI6eyJyZXNpemUiOnt9fX0=/images/product_images/zoom_1_Product_3548752208918-Make-Up-For-Ever-Aqua-Resist-Color-I_21a0cd254a10d21960a552aaf1ec0bb609212a8d_1713951723.png
ESQA,Cloud Kiss Refillable Powder Lipstick,Rp 115.000,(5),8 shades,https://image-optimizer-id.production.sephora-asia.net/eyJlZGl0cyI6eyJyZXNpemUiOnt9fX0=/images/product_images/zoom_7_1_Packshot-Rouge-Rush_afe5942be4069599ce5d24e331653d8d657d944b_1718697500.png
KAJA,Love Swipe Lightweight Cushiony Lip Mousse,Rp 349.000,(175),4 shades,https://image-optimizer-id.production.sephora-asia.net/eyJlZGl0cyI6eyJyZXNpemUiOnt9fX0=/images/product_images/zoom_LoveSwipe02_1_c5be7ebc24474731a8f71044861c7444381abcf9_1706673428.png
MAKE UP FOR EVER,Artist Mono Shadow Shimmer,Rp 350.000,,3 shades,https://image-optimizer-id.production.sephora-asia.net/eyJlZGl0cyI6eyJyZXNpemUiOnt9fX0=/images/product_images/zoom_710_86e55aec99bfd3868b399afe0c5069bd2a7b7d18_1714018973.png
Sephora Collection,Light and Reusable False Lashes,Rp 207.000,(128),4 shades,https://image-optimizer-id.production.sephora-asia.net/eyJlZGl0cyI6eyJyZXNpemUiOnt9fX0=/images/product_images/zoom_1_Product_3378872218982-Sephora-Collection-Light-and-Reusable-False-Lashes-Dramatic_1051171d63938a77dbefe25b524ff2acc3899c92_1695194856.png
Nudestix,Nudies Matte + Glow Core,Rp 570.000,(249),5 shades,https://image-optimizer-id.production.sephora-asia.net/eyJlZGl0cyI6eyJyZXNpemUiOnt9fX0=/images/product_images/zoom_1_Product_839174013024-Nudestix-Nudies-Matte-Glow-Core-All-O_50e0a74203a3a5f1f0f37b5ae9d2107e49d609d2_1719239238.png
Sephora Collection,NEW Top Coat,Rp 199.000,(36),,https://image-optimizer-id.production.sephora-asia.net/eyJlZGl0cyI6eyJyZXNpemUiOnt9fX0=/images/product_images/zoom_1_Product_3378872213840-Sephora-Collection-Top-Coat-10-ML_90899618b2ca5ef0f83e3a60e794fda739e4ae6f_1709869763.png
Laura Mercier,Flawless Fusion Concealer,Rp 550.000,(1839),13 shades,https://image-optimizer-id.production.sephora-asia.net/eyJlZGl0cyI6eyJyZXNpemUiOnt9fX0=/images/product_images/zoom_1_Product_736150174291-Laura-Mercier-Flawless-Fusion-Ultra-Longwear-Concealer-1-5W_ac815caea90f4cae4af7e985f600aacce7a60f34_1698055676.png
GUERLAIN,Parure Gold Skin Control Compact Foundation Refill,Rp 1.250.000,(1),7 shades,https://image-optimizer-id.production.sephora-asia.net/eyJlZGl0cyI6eyJyZXNpemUiOnt9fX0=/images/product_images/zoom_0C-REFILL_95573b8c2189e21d4d9394161f15af5467c02880_1705565012.png
Natasha Denona,Berry Pop Lipstick,Rp 555.000,(17),,https://image-optimizer-id.production.sephora-asia.net/eyJlZGl0cyI6eyJyZXNpemUiOnt9fX0=/images/product_images/zoom_1_Product_7290113705494-NATASHA-DENONA-Berry-Pop-Lipstick-Cherry-Mauve-b23148_ff032ab23c7c34a8fc2caf079b27d3bb9e075b60_1705914965.png
Sephora Collection,Rouge Is Not My Name Satin Lipstick,Rp 297.000,(992),20 shades,https://image-optimizer-id.production.sephora-asia.net/eyJlZGl0cyI6eyJyZXNpemUiOnt9fX0=/images/product_images/zoom_1_Product_3378872183310-Sephora-Collection-Rouge-Is-Not-My-Name-Satin-Lipstick-03-Big-Hit_29423f3ec76fcc6b8352bae0ecf16ccd1253510c_1665564893.png
Stila,All About The Blur Blurring & Smoothing Primer,Rp 690.000,(8),,https://image-optimizer-id.production.sephora-asia.net/eyJlZGl0cyI6eyJyZXNpemUiOnt9fX0=/images/product_images/zoom_1_Product_94800361980-Stila-All-About-The-Blur-Blurring--Smoothing-Primer-30ml_34d731899a3d7bb2dd972fc2868edff99070ba45_1684982367.png
Dear Dahlia,Endless Skin Setting Spray,Rp 324.000,(21),2 sizes,https://image-optimizer-id.production.sephora-asia.net/eyJlZGl0cyI6eyJyZXNpemUiOnt9fX0=/images/product_images/zoom_2_da4b9237bacccdf19c0760cab7aec4a8359010b0_1701158946.png
Laura Mercier,Petal Soft Lipstick Crayon,Rp 600.000,(154),3 shades,https://image-optimizer-id.production.sephora-asia.net/eyJlZGl0cyI6eyJyZXNpemUiOnt9fX0=/images/product_images/zoom_1_Product_736150183682-Laura-Mercier-Petal-Soft-Lipstick-Crayon-324-Louise_8ae000e1be9a31f4e70b5bd9175d9bae89657cac_1697777816.png
Benefit Cosmetics,Splashtint Dewy Lip Tint,Rp 435.000,(447),12 shades,https://image-optimizer-id.production.sephora-asia.net/eyJlZGl0cyI6eyJyZXNpemUiOnt9fX0=/images/product_images/zoom_1_Product_602004148360-Benefit-Cosmetics-Splashtint-Dewy-Lip_51a94893040a22677f65b5241c319800fc1a7d28_1746609084.png
MAC Cosmetics,Lovestruck Luck Eye Shadow Palette,Rp 830.000,,,https://image-optimizer-id.production.sephora-asia.net/eyJlZGl0cyI6eyJyZXNpemUiOnt9fX0=/images/product_images/zoom_1_Product_773602703470-MAC-Cosmetics-Lovestruck-Luck-Eye-Sha_aac5dfe2658cbc38e5243db4cb7deb50a48a5ce1_1707721959.png
Natasha Denona,Mini Triochrome Eyeshadow Palette (Limited Edition),Rp 555.000,(22),,https://image-optimizer-id.production.sephora-asia.net/eyJlZGl0cyI6eyJyZXNpemUiOnt9fX0=/images/product_images/zoom_1_356a192b7913b04c54574d18c28d46e6395428ab_1694681901.png
Stila,Heaven's Dew All Over Glimmer,Rp 599.000,(21),3 shades,https://image-optimizer-id.production.sephora-asia.net/eyJlZGl0cyI6eyJyZXNpemUiOnt9fX0=/images/product_images/zoom_8_fe5dbbcea5ce7e2988b8c69bcfdfde8904aabc1f_1686306223.png
Yves Saint Laurent,Touche Eclat Radiance Perfecting Pen,"Rp 925.000
   Rp 814.000 
    12% OFF",(4418),8 shades,https://image-optimizer-id.production.sephora-asia.net/eyJlZGl0cyI6eyJyZXNpemUiOnt9fX0=/images/product_images/zoom_TOUCHE_ECLAT_5MAD_6075ae93158575d240ea442105eb896a428e8974_1711611473.png
MAKE UP FOR EVER,Artist Face Powders Highlighter,Rp 500.000,(217),4 shades,https://image-optimizer-id.production.sephora-asia.net/eyJlZGl0cyI6eyJyZXNpemUiOnt9fX0=/images/product_images/zoom_100_310b86e0b62b828562fc91c7be5380a992b2786a_1690538895.png
Sephora Collection,Individual False Lashes,Rp 207.000,(30),,https://image-optimizer-id.production.sephora-asia.net/eyJlZGl0cyI6eyJyZXNpemUiOnt9fX0=/images/product_images/zoom_1_Product_3378872218944-Sephora-Collection-Individual-False-Lashes-Default_d3005d65615f6c1cfadb90b1e533c39997d64053_1695199387.png
Anastasia Beverly Hills,Frozen & Fuller Looking Brow Trio,Rp 534.000,(48),5 shades,https://image-optimizer-id.production.sephora-asia.net/eyJlZGl0cyI6eyJyZXNpemUiOnt9fX0=/images/product_images/zoom_prd_Sea_request_49622_2024072609262373_689304199100_Taupe_01_4ec9eb1d02c46e0434b6932de0fefa2637356383_1724205284.png
Yves Saint Laurent,All Hours Precise Angles Concealer,"Rp 975.000
   Rp 858.000 
    12% OFF",(471),17 shades,https://image-optimizer-id.production.sephora-asia.net/eyJlZGl0cyI6eyJyZXNpemUiOnt9fX0=/images/product_images/zoom_3614274099706-img-main_946e4d33728f6c42736c28d9e3e0b7f9196669f5_1733993165.png
Natasha Denona,Hy-Gen Skincare Glow Beautifier,Rp 899.000,(23),4 shades,https://image-optimizer-id.production.sephora-asia.net/eyJlZGl0cyI6eyJyZXNpemUiOnt9fX0=/images/product_images/zoom_1_Product_7290113705678-Natasha-Denona-HY-GEN-Skincare-Glow-_73ff49b00e57b51fcdc7f9bb88de09db4ca691a4_1724224839.png
Laura Mercier,Tinted Moisturizer Natural Skin Perfector SPF30,Rp 900.000,(2),2 shades,https://image-optimizer-id.production.sephora-asia.net/eyJlZGl0cyI6eyJyZXNpemUiOnt9fX0=/images/product_images/zoom_1_Product_736150171368-Laura-Mercier-Tinted-Moisturizer-SPF-30-PA-3C1-Fawn_cb7f3db23c26d4905286c399a1b760fc2cca2dc2_1698137729.png
Anastasia Beverly Hills,Sculpted Brow & Lash Duo,Rp 727.000,(47),,https://image-optimizer-id.production.sephora-asia.net/eyJlZGl0cyI6eyJyZXNpemUiOnt9fX0=/images/product_images/zoom_prd_Sea_request_49622_2024072609274060_689304199155_01_e8d92731a28eb641201c4dfbac3f18d0d197e1f4_1724210724.png
KAJA,Don't Settle Flexible & Seamless Concealer,Rp 319.000,(162),5 shades,https://image-optimizer-id.production.sephora-asia.net/eyJlZGl0cyI6eyJyZXNpemUiOnt9fX0=/images/product_images/zoom_KJ_Don_tsettle_PrimaryPackaging_04_3d84dbac7d228ee7a134251c74db1233520fc6df_1706609403.png
FRESH,Petal Kissed Lips,Rp 572.000,(1),,https://image-optimizer-id.production.sephora-asia.net/eyJlZGl0cyI6eyJyZXNpemUiOnt9fX0=/images/product_images/zoom_CG24_Petal_Kissed_Lips_92b044aa20dbe250624d817c3f2e5b1c4aedd87d_1718682317.png
Benefit Cosmetics,Pore Mixed Medley Set (Limited Edition),Rp 805.000,(5),,https://image-optimizer-id.production.sephora-asia.net/eyJlZGl0cyI6eyJyZXNpemUiOnt9fX0=/images/product_images/zoom_1_Product_602004156174-Benefit-Cosmetics-Pore-Mixed-Medley-S_0f550ab723b9bd515cf860c2bfd8b1044d4a5d01_1729161038.png
NARS,Gold Dust Light Reflecting™ Setting Powder (Holiday Limited Edition),Rp 695.000,(14),,https://image-optimizer-id.production.sephora-asia.net/eyJlZGl0cyI6eyJyZXNpemUiOnt9fX0=/images/product_images/zoom_1_Product_194251148632-NARS-Gold-Dust-Light-Reflecting-Setti_3460d5c39b82a0c7373f0c670721d14f8cc743df_1730622916.png
Stila,Stay All Day Foundation & Concealer,Rp 825.000,(3),2 shades,https://image-optimizer-id.production.sephora-asia.net/eyJlZGl0cyI6eyJyZXNpemUiOnt9fX0=/images/product_images/zoom_1_Product_94800352667-Stila-Stay-All-Day-Foundation-Conceale_32d86af7dc3a007bbee392b2b8429dd38cf8393e_1731896521.png
Dear Dahlia,Skin Luminous Highlighter,Rp 697.000,(2),2 shades,https://image-optimizer-id.production.sephora-asia.net/eyJlZGl0cyI6eyJyZXNpemUiOnt9fX0=/images/product_images/zoom_prd_Sea_request_49678_2024061308372408__5be007dcf240a943faa2d201196274a09d4ba713_1729141234.png
GUERLAIN,Contour G 24 Lip Pencil,Rp 480.000,,6 shades,https://image-optimizer-id.production.sephora-asia.net/eyJlZGl0cyI6eyJyZXNpemUiOnt9fX0=/images/product_images/zoom_G043986-CONTOUR-G-24-LIP-PEN-04__6906f3eeb7229c5f5baa136a3a370bc9871fc044_1722409572.png
Dear Dahlia,Lip Paradise Sensual Lip Glow,Rp 637.000,(7),4 shades,https://image-optimizer-id.production.sephora-asia.net/eyJlZGl0cyI6eyJyZXNpemUiOnt9fX0=/images/product_images/zoom_prd_Sea_request_49678_2024061308314944__3b4fbeb565fe51d97d27d1ee85e204742c2f88f1_1729140145.png
GIVENCHY,Prisme Libre Skin Caring Glow Cushion,Rp 1.270.000,(14),6 shades,https://image-optimizer-id.production.sephora-asia.net/eyJlZGl0cyI6eyJyZXNpemUiOnt9fX0=/images/product_images/zoom_1_Product_3274872450127-GIVENCHY-Prisme-Libre-Skin-Caring-Gl_98f298f686f2b9ae064a37e54c93056838de59a2_1728383532.png
GIVENCHY,Prisme Libre Skin Caring Glow Cushion,Rp 1.270.000,(14),6 shades,https://image-optimizer-id.production.sephora-asia.net/eyJlZGl0cyI6eyJyZXNpemUiOnt9fX0=/images/product_images/zoom_1_Product_3274872450127-GIVENCHY-Prisme-Libre-Skin-Caring-Gl_98f298f686f2b9ae064a37e54c93056838de59a2_1728383532.png
bareMinerals,Original Mineral Veil Pressed Setting Powder,Rp 660.000,(5),4 shades,https://image-optimizer-id.production.sephora-asia.net/eyJlZGl0cyI6eyJyZXNpemUiOnt9fX0=/images/product_images/zoom_117367_1_923ce67b0d84e65e63c5576f005cf08fcc51c7b8_1737098622.png
MAC Cosmetics,Skinfinish Sunstruck Matte Bronzer,Rp 850.000,,,https://image-optimizer-id.production.sephora-asia.net/eyJlZGl0cyI6eyJyZXNpemUiOnt9fX0=/images/product_images/zoom_773602681341_SkinfinishSunstruck_Bronzer_MatteRichGolden_1_fc50d4db5c549dc6a21bd7cf62b3c15fcba564b6_1730798240.png
bareMinerals,Complexion Rescue Tinted Moisturizer Mineral SPF 30,Rp 700.000,(1),10 shades,https://image-optimizer-id.production.sephora-asia.net/eyJlZGl0cyI6eyJyZXNpemUiOnt9fX0=/images/product_images/zoom_BM_SP24_AUS_CRTM_Silo_2000x2000_R300_9dc115514cd0c494c32bbea84d62f2f6a8d43fc9_1737099521.png
MAC Cosmetics,Dazzleshadow Liquid Lunar New Year (Limited Edition),Rp 500.000,,,https://image-optimizer-id.production.sephora-asia.net/eyJlZGl0cyI6eyJyZXNpemUiOnt9fX0=/images/product_images/zoom_1_Product_773602738250-MAC-Cosmetics-Dazzleshadow-Liquid-Eye_622ab6dbb4adbcffddc3843cb1c6f378d7deb35f_1738577638.png
Bobbi Brown,Long-Wear Cream Shadow Stick (Holiday Limited Edition),Rp 580.000,(315),5 shades,https://image-optimizer-id.production.sephora-asia.net/eyJlZGl0cyI6eyJyZXNpemUiOnt9fX0=/images/product_images/zoom_1_Product_716170329871-Bobbi-Brown-Long-Wear-Cream-Shadow-St_cdbfce7e255d542d43660c80316cba2e443cf40b_1731313582.png
Farmacy,Tea Harvest Green Clean Trio,Rp 1.010.000,(73),,https://image-optimizer-id.production.sephora-asia.net/eyJlZGl0cyI6eyJyZXNpemUiOnt9fX0=/images/product_images/zoom_s2700060-av-01_2547910a86c1a1c6092f4c8a8409173f62447e88_1738548940.png
Armani Beauty,Eyes to Kill Mascara,Rp 840.000,(132),,https://image-optimizer-id.production.sephora-asia.net/eyJlZGl0cyI6eyJyZXNpemUiOnt9fX0=/images/product_images/zoom_01_Packshot_d66d9b06cf661387b7db77da1295f7c6c3ee06e5_1746432811.png
Nudestix,Pinkglow - 2 Pcs Stax Set,Rp 762.000,(2),,https://image-optimizer-id.production.sephora-asia.net/eyJlZGl0cyI6eyJyZXNpemUiOnt9fX0=/images/product_images/zoom_1_Product_839174015059-Nudestix-Pinkglow-2-Pcs-Stax-Set-Defa_0d9a2eec8aa216611253189f7086d510f702d37c_1732517955.png
Sephora Collection,12H Colorful Eyeshadow Stick & Liner,Rp 310.000,(44),13 shades,https://image-optimizer-id.production.sephora-asia.net/eyJlZGl0cyI6eyJyZXNpemUiOnt9fX0=/images/product_images/zoom_1_Product_3378872255222-Sephora-Collection-12H-Colorful-Eyes_fe085433fd5f59deccd2d2868a07cab6b4f381a3_1745219261.png
Sephora Collection,Hydrate & Glow Face Primer,Rp 362.000,(91),,https://image-optimizer-id.production.sephora-asia.net/eyJlZGl0cyI6eyJyZXNpemUiOnt9fX0=/images/product_images/zoom_1_Product_3378872233527-Sephora-collection-Hydrate-Glow-Face_13007a956c74386fea10578758d7b34cf4f9c658_1741160298.png
Benefit Cosmetics,Hoola Wave Bronzing Balm,Rp 630.000,(1707),5 shades,https://image-optimizer-id.production.sephora-asia.net/eyJlZGl0cyI6eyJyZXNpemUiOnt9fX0=/images/product_images/zoom_1_Product_602004161147-Benefit-Cosmetics-Hoola-Wave-Bronzing_5b22b2ab6f79bd141d293c2626892a7cd40f80ca_1751881257.png
NARS,Afterglow Tempting Eyeshadow Palette,Rp 960.000,(14),,https://image-optimizer-id.production.sephora-asia.net/eyJlZGl0cyI6eyJyZXNpemUiOnt9fX0=/images/product_images/zoom_1_Product_194251149011-NARS-Afterglow-Tempting-Eyeshadow-Pal_dfeff810e00950d719035898891f7297a718aa68_1749789681.png
Stila,Shine & Define Nude Lip Duo (Holiday Limited Edition),Rp 690.000,(1),,https://image-optimizer-id.production.sephora-asia.net/eyJlZGl0cyI6eyJyZXNpemUiOnt9fX0=/images/product_images/zoom_1_Product_94800364707-Stila-Shine-Define-Nude-Lip-Duo-Holida_c83c44fd00b3d0c6d6be36dcc2f28244a8e6667c_1732518852.png
Bobbi Brown,Extra Color Shine,Rp 600.000,(13),10 shades,https://image-optimizer-id.production.sephora-asia.net/eyJlZGl0cyI6eyJyZXNpemUiOnt9fX0=/images/product_images/zoom_IMAGE01_H4XD12_nudemauve_7bee18546643e7f35545cfed69719defd7fdbfa7_1737529012.png
Laura Mercier,Translucent Loose Setting Powder Ultra-Blur Jumbo,Rp 1.200.000,(4),3 shades,https://image-optimizer-id.production.sephora-asia.net/eyJlZGl0cyI6eyJyZXNpemUiOnt9fX0=/images/product_images/zoom_LM_1Q25_TLSPUBJ_TRANSLUCENT_PUFF_HONEY_FRONT_SILO_CLOSED_R15_9bdc90613a075bea3d274adfeb7242bb6bd0a9ba_1748334707.png
Benefit Cosmetics,Lil' Lash Icons Mini Mascara Set (Limited Edition),Rp 810.000,(3),,https://image-optimizer-id.production.sephora-asia.net/eyJlZGl0cyI6eyJyZXNpemUiOnt9fX0=/images/product_images/zoom_1_Product_602004159755-Benefit-Cosmetics-Lil-Lash-Icons-Mini_fa3c9c31b74624f8ac8e7a72e4962a7a66371198_1750042345.png
Tom Ford Beauty,Brow Sculptor,Rp 1.150.000,(134),,https://image-optimizer-id.production.sephora-asia.net/eyJlZGl0cyI6eyJyZXNpemUiOnt9fX0=/images/product_images/zoom_1_Product_198325_2520TomFord_2520Brow_2520Sculptor_2520Espre_2b7fc1828fec6c77c50c6ae6596282609c00de32_1757501470.png
Tom Ford Beauty,Emotionproof Eye Primer,Rp 845.000,(17),,https://image-optimizer-id.production.sephora-asia.net/eyJlZGl0cyI6eyJyZXNpemUiOnt9fX0=/images/product_images/zoom_1_Product_888066109680-Tom-Ford-Beauty-Emotionproof-Eye-Prim_ac5c8a7c91eb77d923d55b77583b4bb38368d1af_1757502712.png
Laura Mercier,Tinted Moisturizer Blurred Matte SPF 30,Rp 950.000,(12),9 shades,https://image-optimizer-id.production.sephora-asia.net/eyJlZGl0cyI6eyJyZXNpemUiOnt9fX0=/images/product_images/zoom_1_Product_194250106015-Laura-Mercier-Tinted-Moisturizer-Blur_34b513e66b5f12a63260bb5e988b5ae505c1f9de_1750923171.png
KAJA,Soft Blur Cushion Foundation,Rp 529.000,(1),5 shades,https://image-optimizer-id.production.sephora-asia.net/eyJlZGl0cyI6eyJyZXNpemUiOnt9fX0=/images/product_images/zoom_KJ_SOFT_BLUR_CUSHION_FOUNDATION_PRIMARY_PACKAGING_3NW_MEDIUM_ed56b53d9031ae25b0a4cfdc730b9d1104f14e11_1748424585.png
NARS,Hot Escape Afterglow Lip Oil,Rp 460.000,(4),4 shades,https://image-optimizer-id.production.sephora-asia.net/eyJlZGl0cyI6eyJyZXNpemUiOnt9fX0=/images/product_images/zoom_1_Product_194251151298-NARS-Hot-Escape-Afterglow-Lip-Oil-Lim_1ffdbbce5dc4f648e20ef165aeaf6b2acf8e390f_1747708471.png
Laura Mercier,Caviar Extravagant Mascara,Rp 550.000,(379),,https://image-optimizer-id.production.sephora-asia.net/eyJlZGl0cyI6eyJyZXNpemUiOnt9fX0=/images/product_images/zoom_zoom_1_Product_194250078541-Laura-Mercier-Caviar-Extravagant_271bef0487d835d140dccffbaad243f3de20cd3b_1748234637.png
Sephora Collection,Nail Hardener,Rp 199.000,(53),2 shades,https://image-optimizer-id.production.sephora-asia.net/eyJlZGl0cyI6eyJyZXNpemUiOnt9fX0=/images/product_images/zoom_1_Product_3378872234746-Sephora-Collection-Nail-Hardener-Cle_e28dc60841730f3e2a16156926600ddd0b939266_1731051399.png
Bobbi Brown,Mini Shadow Stick Duo In Antique Rose And Toast,Rp 525.000,(5),,https://image-optimizer-id.production.sephora-asia.net/eyJlZGl0cyI6eyJyZXNpemUiOnt9fX0=/images/product_images/zoom_IMAGE01_H7L201_MiniLWCSSDuo_c64aeab245809d34a6bd598878caa36191887c7e_1737516594.png
MAC Cosmetics,Studio Fix Pro Set & Blur Pressed Powder Duo,Rp 850.000,(3),,https://image-optimizer-id.production.sephora-asia.net/eyJlZGl0cyI6eyJyZXNpemUiOnt9fX0=/images/product_images/zoom_1_Product_773602726127-MAC-Cosmetics-Studio-Fix-Pro-Set-Blue_5577c7f965aad5f8c5aeb2199a82036d5ff7e8c7_1731491693.png
Kylie Cosmetics,Kylie Crème Lipstick,Rp 540.000,(18),2 shades,https://image-optimizer-id.production.sephora-asia.net/eyJlZGl0cyI6eyJyZXNpemUiOnt9fX0=/images/product_images/zoom_1_Product_4064941008774-kylie-cosmetic-Creme-Lipstick-115-In_0eecb712dbf147127a6203e1774b818fdfa9e9b5_1732264071.png
Shu Uemura,Unlimited Loose Mopo Blue,"Rp 835.000
   Rp 709.750 
    15% OFF",(1),,https://image-optimizer-id.production.sephora-asia.net/eyJlZGl0cyI6eyJyZXNpemUiOnt9fX0=/images/product_images/zoom_MOPO_Blue_88dcee359d349927d921a6a9e553b9d9ff2d63c0_1729756565.png
bareMinerals,Mineralist Micro-Defining Eyebrow Pencil,Rp 420.000,,3 shades,https://image-optimizer-id.production.sephora-asia.net/eyJlZGl0cyI6eyJyZXNpemUiOnt9fX0=/images/product_images/zoom_BM_SU23_MMBP_Coffee_bb4655410ff2cec2a2b75d372eaf99ccae13be52_1737109808.png
Yves Saint Laurent,Couture Mini Clutch Holiday Edition,"Rp 1.520.000
   Rp 1.216.000 
    20% OFF",,,https://image-optimizer-id.production.sephora-asia.net/eyJlZGl0cyI6eyJyZXNpemUiOnt9fX0=/images/product_images/zoom_3614274185225_cmc_collector_holiday2024_main-v2_9ad328ba749fecfedd2e8e552d2e4d4535c85035_1731311172.png
bareMinerals,Mineralist Lasting Lip Liner,Rp 380.000,(86),4 shades,https://image-optimizer-id.production.sephora-asia.net/eyJlZGl0cyI6eyJyZXNpemUiOnt9fX0=/images/product_images/zoom_BM_SU22_MMLL_CherishedRose_2d0a14fdcf81cd6948e9a21a25905e95b5d09a7d_1737111181.png
Kylie Cosmetics,Kylie Matte Liquid Lipstick,Rp 500.000,(19),3 shades,https://image-optimizer-id.production.sephora-asia.net/eyJlZGl0cyI6eyJyZXNpemUiOnt9fX0=/images/product_images/zoom_1_Product_4064941007579-kylie-cosmetic-Matte-Liquid-Lipstick_73452acf8518784bbd0a560285226d38b96cf41f_1732265754.png
Benefit Cosmetics,Blossy Bop Blush,Rp 580.000,(45),,https://image-optimizer-id.production.sephora-asia.net/eyJlZGl0cyI6eyJyZXNpemUiOnt9fX0=/images/product_images/zoom_1_Product_602004152947-Benefit-Cosmetics-Blossy-Bop-Blush-Bl_c7938ce44015162537924b67c252e7b84eea8345_1752198880.png
MAKE UP FOR EVER,Morning Punch Routine #2,Rp 1.050.000,,7 types,https://image-optimizer-id.production.sephora-asia.net/eyJlZGl0cyI6eyJyZXNpemUiOnt9fX0=/images/product_images/zoom_VB-5-Morning-Punch-Routine-2_3dad777b26bff0168ba57907649ebb0190220172_1742201581.png
IT Cosmetics,Confidence In A Cleanser,"Rp 390.000
   Rp 331.500 
    15% OFF",(568),2 sizes,https://image-optimizer-id.production.sephora-asia.net/eyJlZGl0cyI6eyJyZXNpemUiOnt9fX0=/images/product_images/zoom_1_Product_194368_2520Confidence_2520In_2520A_2520Cleanser_25_c085fd278fddc9303c2a625d748aec0194b14ec2_1750229193.png
MAC Cosmetics,Connect In Colour Palette (Limited Edition),Rp 850.000,(2),,https://image-optimizer-id.production.sephora-asia.net/eyJlZGl0cyI6eyJyZXNpemUiOnt9fX0=/images/product_images/zoom_1_Product_773602743865-MAC-Cosmetics-Connect-In-Colour-Palet_82c004caf084b50502130870d3f2bf72293a3bac_1741943050.png
Anastasia Beverly Hills,Lash Sculpt Lengthening & Volumizing Mascara,Rp 299.000,(1537),2 sizes,https://image-optimizer-id.production.sephora-asia.net/eyJlZGl0cyI6eyJyZXNpemUiOnt9fX0=/images/product_images/zoom_1_Product_689304192057-Anastasia-Beverly-Hills-Lash-Sculpt-Lengthening-Volumizing-Mascara-_2e3ed7b975bbed45d2ca5258ab026bffe57a657a_1691996333.png
Benefit Cosmetics,Benetint Cheek & Lip Tint,Rp 435.000,(4074),2 sizes,https://image-optimizer-id.production.sephora-asia.net/eyJlZGl0cyI6eyJyZXNpemUiOnt9fX0=/images/product_images/zoom_1_356a192b7913b04c54574d18c28d46e6395428ab_1602585265.png
Stila,Stay All Day® Liquid Lipstick,Rp 480.000,(1),10 shades,https://image-optimizer-id.production.sephora-asia.net/eyJlZGl0cyI6eyJyZXNpemUiOnt9fX0=/images/product_images/zoom_1_Product_94800364431-Stila-Stay-All-Day-Liquid-Lipstick-Pat_6d7b32de3fc3d061c40763234c6c250d095b9346_1751536642.png
Benefit Cosmetics,Gimme Brow + Volumizing Eyebrow Gel Mini,Rp 280.000,(310),4 shades,https://image-optimizer-id.production.sephora-asia.net/eyJlZGl0cyI6eyJyZXNpemUiOnt9fX0=/images/product_images/zoom_zoom_2_Product_205550-Benefit-Cosmetics-Gimme-Brow-Volumizing-Eyebrow-Gel-Mini-Shade-03_93ee524b6f1b708368f8a97b72f75b1392345268_1602589383.png
MAKE UP FOR EVER,Star Lit Diamond Powder,Rp 440.000,(133),5 shades,https://image-optimizer-id.production.sephora-asia.net/eyJlZGl0cyI6eyJyZXNpemUiOnt9fX0=/images/product_images/zoom_zoom_2_Product_201187_20Make_20Up_20For_20Ever_20Star_20Lit_20Diamond_20Powder_20Highlight_d37a4e01669770758a6f29304732ded43c0ff175_1602589413.png
Anastasia Beverly Hills,Brow Powder Duo,Rp 550.000,(5355),11 shades,https://image-optimizer-id.production.sephora-asia.net/eyJlZGl0cyI6eyJyZXNpemUiOnt9fX0=/images/product_images/zoom_12989_Anastasia_WEB_c3a739210e2162032d5d121aee498d088b1b866c_1603334901.png
Anastasia Beverly Hills,Highlighting Duo Pencil,Rp 563.000,(532),2 shades,https://image-optimizer-id.production.sephora-asia.net/eyJlZGl0cyI6eyJyZXNpemUiOnt9fX0=/images/product_images/zoom_shell_20lace_53546d46f9037c5958f2729ce45b59749feff511_1602589756.png
MAKE UP FOR EVER,Ultra HD Lip Booster,Rp 430.000,(134),,https://image-optimizer-id.production.sephora-asia.net/eyJlZGl0cyI6eyJyZXNpemUiOnt9fX0=/images/product_images/zoom_ULTRA-HD-LIP-BOOSTER-01_00ea3c9860ece542e88808024494e1d8820b07bc_1602589169.png
NARS,Soft Matte Complete Foundation,Rp 762.550,(2256),10 shades,https://image-optimizer-id.production.sephora-asia.net/eyJlZGl0cyI6eyJyZXNpemUiOnt9fX0=/images/product_images/zoom_1_Product_194251004051-NARS-Soft-Matte-Complete-Foundation-Fiji_93600b34fdc9d93c9062a890b2f6327626568e9e_1604423043.png
Nudestix,Magnetic Luminous Eye Color,Rp 550.000,(405),12 shades,https://image-optimizer-id.production.sephora-asia.net/eyJlZGl0cyI6eyJyZXNpemUiOnt9fX0=/images/product_images/zoom_1_Product_839174005401-Nudestix-MAGNETIC-LUMINOUS-EYE-COLOR-LILITH-Lilith_0d014b62df7db52eb135e09040804871c19a2e28_1693811634.png
Benefit Cosmetics,They're Real Magnet Black Mascara,Rp 520.000,(5050),2 sizes,https://image-optimizer-id.production.sephora-asia.net/eyJlZGl0cyI6eyJyZXNpemUiOnt9fX0=/images/product_images/zoom_1_Product_602004123909-Benefit-Cosmetics-Theyre-Real-Magnet-Powerful-Lifting--Lengthening-_a6ffa45cef6e6937372e5e6b0baf8c209be5edd5_1611638504.png
Dear Dahlia,Blooming Edition Lip Paradise Sheer Dew Tinted Lipstick,Rp 612.000,(55),3 shades,https://image-optimizer-id.production.sephora-asia.net/eyJlZGl0cyI6eyJyZXNpemUiOnt9fX0=/images/product_images/zoom_1_Product_8809546843803-Dear-Dahlia-Blooming-Edition-Lip-Paradise-Sheer-Dew-Tinted-Lipstic_227cd08b4f945bbebe89b1ede3f13c552c6628c9_1612362036.png
MAC Cosmetics,FIX+ Setting Spray Matte,Rp 610.000,(217),,https://image-optimizer-id.production.sephora-asia.net/eyJlZGl0cyI6eyJyZXNpemUiOnt9fX0=/images/product_images/zoom_1_Product_200168_2520Mac_2520Cosmetics_2520Prep_2520and_2520Prime_2520Fixplus_2520Mattifyi_86ec015bfb589b758744e9033ad91428a87862f4_1617253983.png
Anastasia Beverly Hills,Brow Freeze Brow Styling Wax,Rp 280.000,(3296),2 sizes,https://image-optimizer-id.production.sephora-asia.net/eyJlZGl0cyI6eyJyZXNpemUiOnt9fX0=/images/product_images/zoom_1_Product_689304348454-ANASTASIA-Brow-Freeze-Brow-Styling-Wax-2-50g_2811be3b61a1155c2c18e7586f66bb06be2d7619_1706172644.png
GIVENCHY,Rose Perfecto Beautifying Lip Balm,Rp 670.000,(1132),12 shades,https://image-optimizer-id.production.sephora-asia.net/eyJlZGl0cyI6eyJyZXNpemUiOnt9fX0=/images/product_images/zoom_1_Product_3274872454347-GIVENCHY-Rose-Perfecto-Lip-Balm-N501_a42e07e6d4aa4fc11d42fa473657021050c634b0_1726803791.png
GUERLAIN,KissKiss Shine Bloom,Rp 750.000,(5),4 shades,https://image-optimizer-id.production.sephora-asia.net/eyJlZGl0cyI6eyJyZXNpemUiOnt9fX0=/images/product_images/zoom_3346470434882_ffcd1ecb5ff7d9d33e071a6c6b4656409f9d32c7_1631782325.png
ESQA,Mist Universe Setting Spray,Rp 155.000,(15),,https://image-optimizer-id.production.sephora-asia.net/eyJlZGl0cyI6eyJyZXNpemUiOnt9fX0=/images/product_images/zoom_1000x1000_5__e3495366ffd6f1356461769ebc1807c9bf830db3_1632451775.png
Sephora Collection,12H Colorful Contour Eye Pencil Waterproof Eyeliner,Rp 259.000,(105),7 shades,https://image-optimizer-id.production.sephora-asia.net/eyJlZGl0cyI6eyJyZXNpemUiOnt9fX0=/images/product_images/zoom_1_Product_3378872166399-Sephora-Collection-12H-Colorful-Contour-Eye-Pencil-Waterproof-Eyel_166032216a4285f21a5fa9bcb7e978e74e1c34fa_1633327825.png
GUERLAIN,Rouge G Luxurious Velvet Lips Refill,Rp 560.000,(53),5 shades,https://image-optimizer-id.production.sephora-asia.net/eyJlZGl0cyI6eyJyZXNpemUiOnt9fX0=/images/product_images/zoom_3346470434769_43a9efefc13a668ea4743cc61440c7aa66629fd2_1644817998.png
DIOR,Addict Lip Maximizer Serum,Rp 720.000,(104),,https://image-optimizer-id.production.sephora-asia.net/eyJlZGl0cyI6eyJyZXNpemUiOnt9fX0=/images/product_images/zoom_1_Product_3348901598156-Dior-Addict-Lip-Maximizer-Serum-000-Universal-Clear_18bf8cd5114491dda18604da1c3f3f3c23bcd96b_1642663730.png
Shu Uemura,Anti/Oxi+ Pollutant And Dullness Clarifying Cleansing Oil,Rp 835.000,(130),2 sizes,https://image-optimizer-id.production.sephora-asia.net/eyJlZGl0cyI6eyJyZXNpemUiOnt9fX0=/images/product_images/zoom_1_Product_4935421773249-Shu-Uemura-AntiOxi-Pollutant-And-Dullness-Clarifying-Cleansing-Oil_19952a753f1162347e28ff24354ed6ce6a63d212_1630049264.png
Bobbi Brown,Pot Rouge For Lips & Cheeks,Rp 590.000,(630),6 shades,https://image-optimizer-id.production.sephora-asia.net/eyJlZGl0cyI6eyJyZXNpemUiOnt9fX0=/images/product_images/zoom_E80E420007_RoseWN_2000x2000_842f70ea8a77edd8a42cd9985494e3b51d24e116_1717483414.png
Benefit Cosmetics,Crystah Strawberry Pink Blush,Rp 315.000,(571),2 sizes,https://image-optimizer-id.production.sephora-asia.net/eyJlZGl0cyI6eyJyZXNpemUiOnt9fX0=/images/product_images/zoom_1_Product_602004140791-Benefit-Cosmetics-Crystah-Strawberry-Pink-Blush-Mini-2-5g_8527c6ca196e81422f44d88745fa5dfaa8e78f5f_1653645753.png
Benefit Cosmetics,Willa Soft Neutral-Rose Blush,Rp 580.000,(290),2 sizes,https://image-optimizer-id.production.sephora-asia.net/eyJlZGl0cyI6eyJyZXNpemUiOnt9fX0=/images/product_images/zoom_1_Product_602004138415-Benefit-Cosmetics-Willa-Soft-Neutral-Rose-Blush-6g_731eb8f9a95a7ae6805de2127ae922022040a6a6_1653879560.png
MAC Cosmetics,Powder Kiss Velvet Blur Slim Stick,Rp 530.000,(197),15 shades,https://image-optimizer-id.production.sephora-asia.net/eyJlZGl0cyI6eyJyZXNpemUiOnt9fX0=/images/product_images/zoom_1_Product_773602672400-MAC-Cosmetics-Powder-Kiss-Velvet-Blur-Slim-Stick-Ruby-New_1da18ea8f818a2f2dcc5c772e8eaf0b37475a74a_1657262832.png
Bobbi Brown,Mini Skin Long-Wear Weightless Foundation SPF 15 PA++,Rp 450.000,(16),4 shades,https://image-optimizer-id.production.sephora-asia.net/eyJlZGl0cyI6eyJyZXNpemUiOnt9fX0=/images/product_images/zoom_1_Product_716170290485-Bobbi-Brown-Weightless-Skin-Foundatio_2b472f3a874ac328a28a278783f71abecde7461d_1732069444.png
Bobbi Brown,Skin Weightless Powder Foundation,Rp 980.000,(152),7 shades,https://image-optimizer-id.production.sephora-asia.net/eyJlZGl0cyI6eyJyZXNpemUiOnt9fX0=/images/product_images/zoom_1_Product_716170271453-Bobbi-Brown-Skin-Weightless-Powder-Foundation-Warm-Natural_ef1a84cb2609bb97faff85b8dd4685135b796a6e_1650873313.png
Sephora Collection,Mini Big By Definition Mascara,Rp 194.000,(242),,https://image-optimizer-id.production.sephora-asia.net/eyJlZGl0cyI6eyJyZXNpemUiOnt9fX0=/images/product_images/zoom_2_Product_3378872189046-Sephora-Collection-Mini-Big-By-Definition-Mascara-Ultra-Black_5817781e12e15f4f24c3f483208368d9fd432c21_1652270444.png
MAKE UP FOR EVER,Aqua Resist Graphic Pen,Rp 450.000,(323),,https://image-optimizer-id.production.sephora-asia.net/eyJlZGl0cyI6eyJyZXNpemUiOnt9fX0=/images/product_images/zoom_1_Product_3548752187640-Make-Up-For-Ever-Aqua-Resist-Graphic-Pen-Eyeliner-1_f7219067e5615d897bf6b1959ebce7db611fdf47_1652347633.png
MAKE UP FOR EVER,Aqua Resist Color Ink,Rp 450.000,(315),6 shades,https://image-optimizer-id.production.sephora-asia.net/eyJlZGl0cyI6eyJyZXNpemUiOnt9fX0=/images/product_images/zoom_1_356a192b7913b04c54574d18c28d46e6395428ab_1652359013.png
Huda Beauty,Lip Blush Creamy Lip & Cheek Stain,Rp 525.000,(451),5 shades,https://image-optimizer-id.production.sephora-asia.net/eyJlZGl0cyI6eyJyZXNpemUiOnt9fX0=/images/product_images/zoom_3_77de68daecd823babbb58edb1c8e14d7106e83bb_1683882515.png
Nudestix,Nudies Matte Lux All Over Face Blush Color,Rp 699.000,(309),5 shades,https://image-optimizer-id.production.sephora-asia.net/eyJlZGl0cyI6eyJyZXNpemUiOnt9fX0=/images/product_images/zoom_41_761f22b2c1593d0bb87e0b606f990ba4974706de_1719562490.png
Estée Lauder,Pure Color Matte Lipstick,Rp 650.000,(62),6 shades,https://image-optimizer-id.production.sephora-asia.net/eyJlZGl0cyI6eyJyZXNpemUiOnt9fX0=/images/product_images/zoom_1_Product_887167615328-Estee-Lauder-Pure-Color-Matte-Lipstic_649670d56a440c1c67203504accc257e8dc90e49_1727084791.png
Rare Beauty,Always An Optimist 4-in-1 Mist Mini,Rp 331.000,(1167),,https://image-optimizer-id.production.sephora-asia.net/eyJlZGl0cyI6eyJyZXNpemUiOnt9fX0=/images/product_images/zoom_1_Product_840122905162-RARE-BEAUTY-Always-An-Optimist-4-in-1-Mist-Mini-35ml_ee401978dbe7690111dcb89b252f9e5a0474092f_1680446591.png
GIVENCHY,Le Rouge Interdit Baume Lip Balm,Rp 760.000,(437),2 shades,https://image-optimizer-id.production.sephora-asia.net/eyJlZGl0cyI6eyJyZXNpemUiOnt9fX0=/images/product_images/zoom_1_Product_3274872449688-GIVENCHY-Le-Rouge-Interdit-Baume-Lip-Balm-N00-b67780_9501f7c1511a1c2e345a308e0348f7937af534c5_1691392799.png
DIOR,Forever Couture Skin Glow Cushion Foundation Refill,Rp 900.000,(63),6 shades,https://image-optimizer-id.production.sephora-asia.net/eyJlZGl0cyI6eyJyZXNpemUiOnt9fX0=/images/product_images/zoom_1_356a192b7913b04c54574d18c28d46e6395428ab_1692681493.png
Sephora Collection,12H Retractable Waterproof Eyeliner,Rp 240.000,(7133),15 shades,https://image-optimizer-id.production.sephora-asia.net/eyJlZGl0cyI6eyJyZXNpemUiOnt9fX0=/images/product_images/zoom_2_Product_3378872179696-Sephora-Collection-Waterproof-12H-Retractable-Eyeliner-13-Matte-Ol_3f03315d443d2492310b8150ac353827492768c2_1682307925.png
MAKE UP FOR EVER,Rouge Artist Velvet Nude Lipstick,Rp 400.000,(86),7 shades,https://image-optimizer-id.production.sephora-asia.net/eyJlZGl0cyI6eyJyZXNpemUiOnt9fX0=/images/product_images/zoom_1_Product_3548752193627-Make-Up-For-Ever-Rouge-Artist-Velvet-Nude-Lipstick-105-Tender-Nude_7a10d3d8ae8fbb733a1d1861b15696aa90600c0c_1675929888.png
Rare Beauty,Always An Optimist 4-in-1 Mist Mini,Rp 331.000,(1167),,https://image-optimizer-id.production.sephora-asia.net/eyJlZGl0cyI6eyJyZXNpemUiOnt9fX0=/images/product_images/zoom_1_Product_840122905162-RARE-BEAUTY-Always-An-Optimist-4-in-1-Mist-Mini-35ml_ee401978dbe7690111dcb89b252f9e5a0474092f_1680446591.png
Nudestix,Nudies Matte Lux All Over Face Blush Color,Rp 699.000,(309),5 shades,https://image-optimizer-id.production.sephora-asia.net/eyJlZGl0cyI6eyJyZXNpemUiOnt9fX0=/images/product_images/zoom_41_761f22b2c1593d0bb87e0b606f990ba4974706de_1719562490.png
Stila,Stay All Day Waterproof Brow Color,Rp 480.000,,3 shades,https://image-optimizer-id.production.sephora-asia.net/eyJlZGl0cyI6eyJyZXNpemUiOnt9fX0=/images/product_images/zoom_1_Product_94800364080-Stila-Stay-All-Day-Waterproof-Brow-Col_661d41fe36540bd59d9cfa924864871a83cd9fee_1731666489.png
Huda Beauty,Lip Blush Creamy Lip & Cheek Stain,Rp 525.000,(451),5 shades,https://image-optimizer-id.production.sephora-asia.net/eyJlZGl0cyI6eyJyZXNpemUiOnt9fX0=/images/product_images/zoom_3_77de68daecd823babbb58edb1c8e14d7106e83bb_1683882515.png
GIVENCHY,Le Rouge Interdit Baume Lip Balm,Rp 760.000,(437),2 shades,https://image-optimizer-id.production.sephora-asia.net/eyJlZGl0cyI6eyJyZXNpemUiOnt9fX0=/images/product_images/zoom_1_Product_3274872449688-GIVENCHY-Le-Rouge-Interdit-Baume-Lip-Balm-N00-b67780_9501f7c1511a1c2e345a308e0348f7937af534c5_1691392799.png
DIOR,Forever Couture Skin Glow Cushion Foundation Refill,Rp 900.000,(63),6 shades,https://image-optimizer-id.production.sephora-asia.net/eyJlZGl0cyI6eyJyZXNpemUiOnt9fX0=/images/product_images/zoom_1_356a192b7913b04c54574d18c28d46e6395428ab_1692681493.png
Shu Uemura,Unlimited Mattifying Makeup Fix Mist,Rp 700.000,(41),,https://image-optimizer-id.production.sephora-asia.net/eyJlZGl0cyI6eyJyZXNpemUiOnt9fX0=/images/product_images/zoom_2_Product_4936968806087-Shu-Uemura-Unlimited-Mattifying-Makeup-Fix-Mist-100ml_955ca65ff9d85dccec864913364be8193391fb0b_1679038883.png
Sephora Collection,Original Colorful Eyeshadow Mono Matte,"Rp 216.000
   Rp 108.000 
    50% OFF",(5),2 shades,https://image-optimizer-id.production.sephora-asia.net/eyJlZGl0cyI6eyJyZXNpemUiOnt9fX0=/images/product_images/zoom_1_Product_3378872200871-Sephora-Collection-Colorful-Eyeshado_b0ff1493998d19994907da5d3c4d3cc8a0644a4c_1716879563.png
Natasha Denona,Hy-Per Natural Face Palette,Rp 1.220.000,(415),,https://image-optimizer-id.production.sephora-asia.net/eyJlZGl0cyI6eyJyZXNpemUiOnt9fX0=/images/product_images/zoom_1_356a192b7913b04c54574d18c28d46e6395428ab_1717142375.png
Bobbi Brown,Skin Corrector Stick,Rp 590.000,(808),3 shades,https://image-optimizer-id.production.sephora-asia.net/eyJlZGl0cyI6eyJyZXNpemUiOnt9fX0=/images/product_images/zoom_EPXL12_DarkPeach_412ea69505b82a2468427566e641954f8e9d9b3e_1717484421.png
Sephora Collection,Make It Bronze,Rp 388.000,(192),4 shades,https://image-optimizer-id.production.sephora-asia.net/eyJlZGl0cyI6eyJyZXNpemUiOnt9fX0=/images/product_images/zoom_1_Product_3378872218098-Sephora-Collection-Make-It-Bronze-04_0a9710b5504eecf165628d32298a317c19240e65_1718079724.png
Lancôme,Hypnose Palette 5,Rp 1.250.000,,3 types,https://image-optimizer-id.production.sephora-asia.net/eyJlZGl0cyI6eyJyZXNpemUiOnt9fX0=/images/product_images/zoom_LC_GNF_LIGHT_PEARL_R22_SACH1ML_31__68e493dcd95e78054700e04091f96e778d9e8ef1_1711878181.png
Bobbi Brown,Sheer Finish Loose Powder,Rp 760.000,(7),3 shades,https://image-optimizer-id.production.sephora-asia.net/eyJlZGl0cyI6eyJyZXNpemUiOnt9fX0=/images/product_images/zoom_1_Product_716170284613-Bobbi-Brown-Sheer-Finish-Loose-Powder_dffa11fa752f80d54ae167c1a9b5b45c1b5e63e0_1716361596.png
Sephora Collection,Original Colorful Special Effect Multichrome Liquid Eyeshadow,Rp 252.000,(25),2 shades,https://image-optimizer-id.production.sephora-asia.net/eyJlZGl0cyI6eyJyZXNpemUiOnt9fX0=/images/product_images/zoom_1_Product_3378872216827-Sephora-Collection-Colorful-Special-_bcf54367f01ce833fed5fc49cb55e3ba4aaf3b37_1724409282.png
Anastasia Beverly Hills,Lifted & Defined Brow Duo (Holiday Limited Edition),Rp 470.000,(43),2 shades,https://image-optimizer-id.production.sephora-asia.net/eyJlZGl0cyI6eyJyZXNpemUiOnt9fX0=/images/product_images/zoom_prd_Sea_request_49622_2024072609311005_689304199292_taupe_01_1130e9562a719e529c70e66a1b72a92eeadb2be0_1724826368.png
MAKE UP FOR EVER,Rouge Artist For Ever Stick Matte,Rp 450.000,(86),9 shades,https://image-optimizer-id.production.sephora-asia.net/eyJlZGl0cyI6eyJyZXNpemUiOnt9fX0=/images/product_images/zoom_1_Product_3548752209489-Make-Up-For-Ever-Rouge-Artist-For-Ev_253dbcb496b85a58458e3a1b800d6a34c2a9983f_1725958839.png
MAKE UP FOR EVER,Rouge Artist For Ever Stick Satin,Rp 450.000,(70),9 shades,https://image-optimizer-id.production.sephora-asia.net/eyJlZGl0cyI6eyJyZXNpemUiOnt9fX0=/images/product_images/zoom_1_Product_3548752210201-Make-Up-For-Ever-Rouge-Artist-For-Ev_88b35287bd86a871c2267931871139845773171e_1725959156.png
Sephora Collection,Love The Lift Waterproof Mascara,Rp 336.000,(8),,https://image-optimizer-id.production.sephora-asia.net/eyJlZGl0cyI6eyJyZXNpemUiOnt9fX0=/images/product_images/zoom_615427_love_the_lift_waterproof_packshot_lr_rgb2000_v1_b97ef3a30587cb567db5682dfcfeebeb67a570d8_1741163632.png
Laura Mercier,Caviar Perfecting Lip Liner,Rp 480.000,(237),10 shades,https://image-optimizer-id.production.sephora-asia.net/eyJlZGl0cyI6eyJyZXNpemUiOnt9fX0=/images/product_images/zoom_LM_3Q24_CPLL_Silo_Open_LuxuriousMauve_3000x3000_R150_c747dc03357ba5f9c6b1b1029bce8a303226c416_1742550909.png
Laura Mercier,Caviar Smoothing Matte Lipstick,Rp 750.000,(269),14 shades,https://image-optimizer-id.production.sephora-asia.net/eyJlZGl0cyI6eyJyZXNpemUiOnt9fX0=/images/product_images/zoom_LM_SP24_CSML_Silo_Open_FullPack_520_ScarletVelvet_3000x3000__d322a9647f50690e6248c81224c8505a96b49866_1742546388.png
MAC Cosmetics,Strobe Beam Liquid Blush,Rp 495.000,(6),10 shades,https://image-optimizer-id.production.sephora-asia.net/eyJlZGl0cyI6eyJyZXNpemUiOnt9fX0=/images/product_images/zoom_1_Product_773602732319-MAC-Cosmetics-Strobe-Beam-Liquid-Blus_ec86b146f9c0888b63f25b5334087e7c1e8de45b_1741146928.png
Shu Uemura,Shavonne Wong X Shu Uemura Kinu Care Glowup Gleam 2 Lipstick (Limited Edition),Rp 625.000,,,https://image-optimizer-id.production.sephora-asia.net/eyJlZGl0cyI6eyJyZXNpemUiOnt9fX0=/images/product_images/zoom_zpBY6191IUE_4a71aa6077e694902afbf9076365acbbf5d82269_1748423955.png
Natasha Denona,Mini Eye Sculpt Eyeshadow Palette,Rp 555.000,(272),,https://image-optimizer-id.production.sephora-asia.net/eyJlZGl0cyI6eyJyZXNpemUiOnt9fX0=/images/product_images/zoom_1_Product_7290113707672-Natasha-Denona-Mini-Eye-Sculpt-Eyesh_41b9b802316b87d480f51954b3868cce9a52a23f_1747277106.png
MAC Cosmetics,Dazzleshadow Eye Sticks,Rp 440.000,,7 shades,https://image-optimizer-id.production.sephora-asia.net/eyJlZGl0cyI6eyJyZXNpemUiOnt9fX0=/images/product_images/zoom_1_Product_773602754496-MAC-Cosmetics-Dazzleshadow-Eye-Sticks_a4012df5f842335b5f573bcf495c9a243e30bec9_1747794185.png
Estée Lauder,Double Wear Stay-In-Place Concealer,Rp 520.000,(167),6 shades,https://image-optimizer-id.production.sephora-asia.net/eyJlZGl0cyI6eyJyZXNpemUiOnt9fX0=/images/product_images/zoom_1_Product_887167681309-Estee-Lauder-Double-Wear-Stay-In-Plac_e2aba4ba98b7bd53b07aacd61b9cd2dce9675e53_1744617772.png
Estée Lauder,Pure Color Matte Lipstick,Rp 650.000,(62),6 shades,https://image-optimizer-id.production.sephora-asia.net/eyJlZGl0cyI6eyJyZXNpemUiOnt9fX0=/images/product_images/zoom_1_Product_887167615328-Estee-Lauder-Pure-Color-Matte-Lipstic_649670d56a440c1c67203504accc257e8dc90e49_1727084791.png
ESQA,Wonder Crush Serum Liquid Blush,Rp 110.000,(16),6 shades,https://image-optimizer-id.production.sephora-asia.net/eyJlZGl0cyI6eyJyZXNpemUiOnt9fX0=/images/product_images/zoom_PC-Product-SpringFling_27d5cdfcfd3638277bf722d83c0ae8e608ac70eb_1727836452.png
Laura Mercier,Caviar Stick Eye Shadow Matte,Rp 580.000,(524),10 shades,https://image-optimizer-id.production.sephora-asia.net/eyJlZGl0cyI6eyJyZXNpemUiOnt9fX0=/images/product_images/zoom_1_Product_194250058765-Laura-Mercier-Caviar-Stick-Eye-Shadow_b2445ac092d08dba9446f0afdc78de7120f7e984_1750912105.png
Natasha Denona,Baby Bronze Eyeshadow Palette (Holiday Limited Edition),Rp 399.000,(121),,https://image-optimizer-id.production.sephora-asia.net/eyJlZGl0cyI6eyJyZXNpemUiOnt9fX0=/images/product_images/zoom_Image_1_13b4510e5f30b2e47e93c70660d228973c3cce7c_1699330959.png
MAKE UP FOR EVER,Artist Face Powder Bronzer,Rp 590.000,(163),4 shades,https://image-optimizer-id.production.sephora-asia.net/eyJlZGl0cyI6eyJyZXNpemUiOnt9fX0=/images/product_images/zoom_1_Product_3548752200561-Make-Up-For-Ever-Artist-Face-Powder-Bronzer-25-Brave-Maple-cc9d7f_5680375ada787c42bd02a8530a4ffebf4189c699_1706000728.png
Yves Saint Laurent,Dessin Des Sourcils Eyebrow Pencil,Rp 675.000,(50),,https://image-optimizer-id.production.sephora-asia.net/eyJlZGl0cyI6eyJyZXNpemUiOnt9fX0=/images/product_images/zoom_YSL_Dessin_Des_Sourcils_Eyebrow_Pencil_02_333951d5f8cba94d59a946ea3a11e7a3b881e4c7_1711591722.png
DIOR,Rouge Dior Balm Universal Lip Balm - Hydrating Floral Lip Care,Rp 800.000,(31),2 shades,https://image-optimizer-id.production.sephora-asia.net/eyJlZGl0cyI6eyJyZXNpemUiOnt9fX0=/images/product_images/zoom_3348901725910-ROUGE-DIOR-BALM-001-WITH-SHADOW_96e96f140a9278b52e6e8ae5c0db8001ed017ede_1722482666.png
MAC Cosmetics,Glow Play Cushiony Blush,Rp 590.000,(67),8 shades,https://image-optimizer-id.production.sephora-asia.net/eyJlZGl0cyI6eyJyZXNpemUiOnt9fX0=/images/product_images/zoom_IMAGE01_773602686339_GlowPlay_CushionyBlush_ThatsPeachy_1770f5038f7db6d7ef5fcd682356a98f3da5e7b2_1721379437.png
NARS,Total Seduction Eyeshadow Stick,Rp 505.000,(156),16 shades,https://image-optimizer-id.production.sephora-asia.net/eyJlZGl0cyI6eyJyZXNpemUiOnt9fX0=/images/product_images/zoom_1_Product_194251147017-NARS-Total-Seduction-Eyeshadow-Stick-_9b174559874b55c698d5d60d36829df2119701a6_1747642112.png
Huda Beauty,Icy Nude Eyeshadow Palette,Rp 1.450.000,(500),,https://image-optimizer-id.production.sephora-asia.net/eyJlZGl0cyI6eyJyZXNpemUiOnt9fX0=/images/product_images/zoom_1_HB_ICY-NUDE-PDP-FINAL_PACKSHOT_9e7afb72e993d972768dfe27635ba239d61508df_1736846619.png
Anastasia Beverly Hills,Ultimate Brow Freeze Set Mini (Limited Edition),Rp 448.000,(18),,https://image-optimizer-id.production.sephora-asia.net/eyJlZGl0cyI6eyJyZXNpemUiOnt9fX0=/images/product_images/zoom_1_Product_689304870115-Anastasia-Beverly-Hills-Ultimate-Brow_2e327b02d5bb055aa65c18dc23f1d7d773b70be9_1738307546.png
bareMinerals,BAREPRO 16 HR WEAR ​All Over Skin-Perfecting​ Matte Concealer​ Mineral SPF 25 PA+++,Rp 550.000,,14 shades,https://image-optimizer-id.production.sephora-asia.net/eyJlZGl0cyI6eyJyZXNpemUiOnt9fX0=/images/product_images/zoom_BM_SP24_BPCSPF_Silo_Open_Light200Neutral_INTL_3000x3000_R150_48ef793201b31ba599621502f4c07b797b84d520_1737083556.png
bareMinerals,Mineralist Hydra-Smoothing Lipstick,Rp 450.000,,4 shades,https://image-optimizer-id.production.sephora-asia.net/eyJlZGl0cyI6eyJyZXNpemUiOnt9fX0=/images/product_images/zoom_60768_93018_Intuition_d1167a8769f4bac47f49cb76e1b4f2c379ba5493_1737111366.png
Natasha Denona,Golden Glimmer Gloss,Rp 570.000,(123),,https://image-optimizer-id.production.sephora-asia.net/eyJlZGl0cyI6eyJyZXNpemUiOnt9fX0=/images/product_images/zoom_1_Product_7290113705708-Natasha-Denona-Golden-Glimmer-Gloss-_7ca663dd1f70a6186d75812b2e9d0557782cd9b1_1733475305.png
MAC Cosmetics,Skinfinish Metallic Cream Blush (Holiday Limited Edition),Rp 590.000,(4),2 shades,https://image-optimizer-id.production.sephora-asia.net/eyJlZGl0cyI6eyJyZXNpemUiOnt9fX0=/images/product_images/zoom_1_Product_773602727025-MAC-Cosmetics-Skinfinish-Metallic-Cre_1a919a4b47635363d5eb4bc8117c8d114781844f_1731485459.png
Anastasia Beverly Hills,Smooth Blur Bronzer,Rp 675.000,(467),7 shades,https://image-optimizer-id.production.sephora-asia.net/eyJlZGl0cyI6eyJyZXNpemUiOnt9fX0=/images/product_images/zoom_689304101554_Smooth_Blur_Bronzer_Warm_Sand_Vibes_02_725ba30f575475f2739f169edfd3e468e9ad4c2a_1750659918.png
Tom Ford Beauty,Lip Color Satin Matte Lipstick,Rp 975.000,,8 shades,https://image-optimizer-id.production.sephora-asia.net/eyJlZGl0cyI6eyJyZXNpemUiOnt9fX0=/images/product_images/zoom_1_Product_888066101691-Tom-Ford-Beauty-Lip-Color-Satin-Matte_96e155aa97689ac57dadc050b67d01a166559006_1757314706.png
Sephora Collection,Tint & Volume Brow Gel,Rp 285.000,(471),6 shades,https://image-optimizer-id.production.sephora-asia.net/eyJlZGl0cyI6eyJyZXNpemUiOnt9fX0=/images/product_images/zoom_1_Product_3378872209775-Sephora-Collection-Tint-Volume-Brow-Gel-04-Midnight-Brown_38127881ed22197f0f8746267f669d95b7c6b8c0_1690165682.png
MAC Cosmetics,GlowPlay Lightful C3 Tone-Up Primer SPF 50+/PA+++,Rp 650.000,(2),,https://image-optimizer-id.production.sephora-asia.net/eyJlZGl0cyI6eyJyZXNpemUiOnt9fX0=/images/product_images/zoom_IMAGE01_MAC_FY25_GlowPlayPrimer_Lavender_0b997d4ca2b17a31ce1377569125b7f2dd5b88c5_1758164938.png
MAC Cosmetics,Skinfinish Sunstruck Matte Bronzer Powder,Rp 850.000,(3),3 shades,https://image-optimizer-id.production.sephora-asia.net/eyJlZGl0cyI6eyJyZXNpemUiOnt9fX0=/images/product_images/zoom_1_Product_773602681334-MAC-Cosmetics-Skinfinish-Sunstruck-Ma_7adabc6a1fb1089f08d631bcc2027c9869e2cd5d_1731489010.png
Sephora Collection,Oil Infusion Hydrating Lip Oil,Rp 207.000,(42),,https://image-optimizer-id.production.sephora-asia.net/eyJlZGl0cyI6eyJyZXNpemUiOnt9fX0=/images/product_images/zoom_1_Product_3378870193946-Sephora-Collection-Oil-Infusion-Hydr_7a8dbc50e38cdfcdb65621aef6fcdf092c59f494_1758932933.png
Sephora Collection,Best Skin Ever Perfect Natural Finish Longwear Foundation,Rp 453.000,(263),23 shades,https://image-optimizer-id.production.sephora-asia.net/eyJlZGl0cyI6eyJyZXNpemUiOnt9fX0=/images/product_images/zoom_1_Product_3378872253044-Sephora-Collection-Best-Skin-Ever-Pe_cf54c83c61d06c1d46426c4e34b06c0e5fd60f11_1759224399.png
Shiseido,Synchro-Skin Self Refreshing Foundation,Rp 820.000,,8 shades,https://image-optimizer-id.production.sephora-asia.net/eyJlZGl0cyI6eyJyZXNpemUiOnt9fX0=/images/product_images/zoom_1_Product_729238217553-Shiseido-Synchro-Skin-Self-Refreshing_61cebeae6720a6e0d418f3fb57730bd78e702426_1758856580.png
Benefit Cosmetics,Connect Pore Mini Pore Trio (Holiday Limited Edition),Rp 735.000,,,https://image-optimizer-id.production.sephora-asia.net/eyJlZGl0cyI6eyJyZXNpemUiOnt9fX0=/images/product_images/zoom_1_Product_602004164834-Benefit-Cosmetics-Connect-Pore-Mini-P_2bf5463ecfb631b33ee5d3adaec4dee35b095e21_1759914374.png
Armani Beauty,Luminous Silk Prima Glow Cushion Refill,Rp 925.000,,5 shades,https://image-optimizer-id.production.sephora-asia.net/eyJlZGl0cyI6eyJyZXNpemUiOnt9fX0=/images/product_images/zoom_1_COVER_SHADE_0_e4a42786463c61dc8668d0f60a23f2503823df0a_1760408442.png
Benefit Cosmetics,Badgal Royalty Mascara Duo (Holiday Limited Edition),Rp 615.000,,,https://image-optimizer-id.production.sephora-asia.net/eyJlZGl0cyI6eyJyZXNpemUiOnt9fX0=/images/product_images/zoom_1_Product_602004164766-Benefit-Cosmetics-Badgal-Royalty-Masc_2e272986ed5ce596cc588f1291b045215e83556c_1759913447.png
Revitalash,Revitalash Advanced 3 month 2 ml,Rp 1.399.000,(45),,https://image-optimizer-id.production.sephora-asia.net/eyJlZGl0cyI6eyJyZXNpemUiOnt9fX0=/images/product_images/zoom_2ml_-_1_715a492b270a5d81243d59687c887d8ff1d1727d_1660562885.png
MAKE UP FOR EVER,Ultra HD Loose Powder,Rp 660.000,(810),,https://image-optimizer-id.production.sephora-asia.net/eyJlZGl0cyI6eyJyZXNpemUiOnt9fX0=/images/product_images/zoom_ULTRA-HD-MICROFINISHING-LOOSE-POWDER_ea10adc16a7b91805e3df60272f53f4bc51f6fbf_1602589169.png
Benefit Cosmetics,Chachatint Cheek & Lip Tint,Rp 435.000,(559),,https://image-optimizer-id.production.sephora-asia.net/eyJlZGl0cyI6eyJyZXNpemUiOnt9fX0=/images/product_images/zoom_1_Product_602004106643-Benefit-Chachatint-Cheek-Lip-Stain-6ml_bb186727dc57669069aab24009d696a170ee64c0_1623846370.png
Nudestix,Plumping Lip Glace Lip Gloss,Rp 590.000,(143),5 shades,https://image-optimizer-id.production.sephora-asia.net/eyJlZGl0cyI6eyJyZXNpemUiOnt9fX0=/images/product_images/zoom_1_Product_839174001397-Nudestix-Plumping-Lip-Glace-Lip-Gloss-Nude-Cherry_7e12845e38d6d2680a905abeb120b8934b5b2a69_1693821286.png
Benefit Cosmetics,BadgalBang 24hr Pencil,Rp 420.000,(184),2 shades,https://image-optimizer-id.production.sephora-asia.net/eyJlZGl0cyI6eyJyZXNpemUiOnt9fX0=/images/product_images/zoom_1_Product_602004105455-Benefit-BADgal-Bang-Pencil-Eyeliner-Black_0c113ea96f4ce4856e0ded0b6568621248a5de6d_1603741940.png
Benefit Cosmetics,They're Real! Mascara Deluxe Mini,Rp 290.000,(183),,https://image-optimizer-id.production.sephora-asia.net/eyJlZGl0cyI6eyJyZXNpemUiOnt9fX0=/images/product_images/zoom_zoom_2_Product_602004042552-Benefit-They-re-Real-Mascara-Mini_6991a6b3071feb2c15596defd284a19638e5f181_1602585275.png
Anastasia Beverly Hills,Modern Renaissance Eye Shadow Palette,Rp 1.100.000,(9384),,https://image-optimizer-id.production.sephora-asia.net/eyJlZGl0cyI6eyJyZXNpemUiOnt9fX0=/images/product_images/zoom_zoom_689304181709_MR3_WEB_e762fe89777bb2c6845f4f44124e32720b8ecb98_1602589759.png
MAKE UP FOR EVER,Greyness Reduce Step 1 Face Primer,Rp 745.000,(106),,https://image-optimizer-id.production.sephora-asia.net/eyJlZGl0cyI6eyJyZXNpemUiOnt9fX0=/images/product_images/zoom_1_Product_3548752174398-Make-Up-For-Ever-Grayness-Reducer-Step-1-Face-Primer-30ml_09a70fe17313caad8c690c9243a9320f2429ac5c_1609846315.png
Anastasia Beverly Hills,Brow Pen,Rp 495.000,(318),3 shades,https://image-optimizer-id.production.sephora-asia.net/eyJlZGl0cyI6eyJyZXNpemUiOnt9fX0=/images/product_images/zoom_closeup_689304040235_Anastasia_Beverly_Hills_Brow_Pen_Blonde_Product_80781aa3461345f2dba22fb0308c7d41935f96e4_1603816303.png
Benefit Cosmetics,Roller Lash Mini,Rp 290.000,(1275),,https://image-optimizer-id.production.sephora-asia.net/eyJlZGl0cyI6eyJyZXNpemUiOnt9fX0=/images/product_images/zoom_Roller_Lash_Mini_Open_LO_RES_20copy_3250c86e552fe42d09d3fb199d97cfaa7f66a964_1602589029.png
Stila,Glitter & Glow Liquid Eye Shadow,Rp 499.000,(1499),4 shades,https://image-optimizer-id.production.sephora-asia.net/eyJlZGl0cyI6eyJyZXNpemUiOnt9fX0=/images/product_images/zoom_Stila_20Glitter_20Glow_20Liquid_20Eye_20Shadow_20Kitten_20Karma_20-_20PRODUCT_20IMAGE_201_574b6ba915370a52af89379b2e241fd7110a69cc_1603770926.png
Dear Dahlia,Lip Paradise Effortless Matte Lipstick,Rp 612.000,(72),10 shades,https://image-optimizer-id.production.sephora-asia.net/eyJlZGl0cyI6eyJyZXNpemUiOnt9fX0=/images/product_images/zoom_1_Product_8809546843285-Dear-Dahlia-Lip-Paradise-Effortless-Matte-Lipstick-M104-Camilla_19cfc7e1b8b06ead5f21db7f6668ef7ef63f4ed3_1612345658.png
Bobbi Brown,Highlighting Powder,Rp 950.000,(773),2 shades,https://image-optimizer-id.production.sephora-asia.net/eyJlZGl0cyI6eyJyZXNpemUiOnt9fX0=/images/product_images/zoom_1_Product_201373_2520Bobbi_2520Brown_2520Highlighting_2520Powder_2520Pink_0a56dde661bfb80a8bf927e685eb313cbe0dac04_1617902439.png
Sephora Collection,False Eyelashes,Rp 173.000,(1),,https://image-optimizer-id.production.sephora-asia.net/eyJlZGl0cyI6eyJyZXNpemUiOnt9fX0=/images/product_images/zoom_eyelashes_20-_20dramatic_201_b3e34177c14e77ce4f5549d3faf0e6c9b3ee8a7d_1602589664.png
Dear Dahlia,Perfect Brow Longwear Sculpting Pencil,Rp 552.000,(9),3 shades,https://image-optimizer-id.production.sephora-asia.net/eyJlZGl0cyI6eyJyZXNpemUiOnt9fX0=/images/product_images/zoom_1_Product_8809546841458-Dear-Dahlia-Perfect-Brow-Longwear-Sculpting-Pencil-Chestnut_7f94eca419dd2f8ed1dd71b006024a5b73fa09eb_1612342832.png
Dear Dahlia,Blooming Edition Glass Shine Lip Topper,Rp 456.000,(10),,https://image-optimizer-id.production.sephora-asia.net/eyJlZGl0cyI6eyJyZXNpemUiOnt9fX0=/images/product_images/zoom_1_Product_8809546845487-Dear-Dahlia-Blooming-Edition-Glass-Shine-Lip-Topper-Dewdrop_6cae4bd2bfb83c13f5f7528dc9ee99bc07d4074c_1641391537.png
Anastasia Beverly Hills,Stick Highlighter,Rp 694.000,(44),6 shades,https://image-optimizer-id.production.sephora-asia.net/eyJlZGl0cyI6eyJyZXNpemUiOnt9fX0=/images/product_images/zoom_1_Product_689304186223-Anastasia-Stick-Highlighter-Pink-Diamond_6740e8e49b86d2ea6f400c46ea4a2aba1fd0c0d6_1660117404.png
Clinique,Even Better Refresh™ Hydrating and Repairing Makeup,Rp 740.000,(3),,https://image-optimizer-id.production.sephora-asia.net/eyJlZGl0cyI6eyJyZXNpemUiOnt9fX0=/images/product_images/zoom_1_Product_192333017760-Clinique-Even-Better-Refresh-Hydratin_333f364ba4bebc359713be6eb511191669cbe80a_1732177912.png
Dear Dahlia,Blooming Edition Garden Of Light Palette,Rp 1.032.000,(22),2 shades,https://image-optimizer-id.production.sephora-asia.net/eyJlZGl0cyI6eyJyZXNpemUiOnt9fX0=/images/product_images/zoom_1_Product_8809546845432-Dear-Dahlia-Blooming-Edition-Garden-Of-Light-Palette-Dawn_1acc34871fe5e5e4935252a2afe08bfa267dc7c0_1636549991.png
MAKE UP FOR EVER,Ultra HD Setting Powder,Rp 660.000,(341),6 shades,https://image-optimizer-id.production.sephora-asia.net/eyJlZGl0cyI6eyJyZXNpemUiOnt9fX0=/images/product_images/zoom_1_Product-Updated_3548752174831-Make-Up-For-Ever-Ultra-HD-Setting-Powder-3-Banana_781aef18ee8f1bea3a43a51d89e3a5cba47fea1b_1618914450.png
Dear Dahlia,Blooming Edition Paradise Dual Palette Blusher Duo,Rp 576.000,(73),4 shades,https://image-optimizer-id.production.sephora-asia.net/eyJlZGl0cyI6eyJyZXNpemUiOnt9fX0=/images/product_images/zoom_1_Product_8809546842851-Dear-Dahlia-Blooming-Edition-Paradise-Dual-Palette-Blusher-Duo-Can_022143f41c39301ca1ba645770c1f21abca38047_1612342981.png
Clinique,Even Better Refresh™ Hydrating and Repairing Makeup,Rp 740.000,(3),,https://image-optimizer-id.production.sephora-asia.net/eyJlZGl0cyI6eyJyZXNpemUiOnt9fX0=/images/product_images/zoom_1_Product_192333017760-Clinique-Even-Better-Refresh-Hydratin_333f364ba4bebc359713be6eb511191669cbe80a_1732177912.png
Dear Dahlia,Blooming Edition Garden Of Light Palette,Rp 1.032.000,(22),2 shades,https://image-optimizer-id.production.sephora-asia.net/eyJlZGl0cyI6eyJyZXNpemUiOnt9fX0=/images/product_images/zoom_1_Product_8809546845432-Dear-Dahlia-Blooming-Edition-Garden-Of-Light-Palette-Dawn_1acc34871fe5e5e4935252a2afe08bfa267dc7c0_1636549991.png
Dear Dahlia,Lip Paradise Effortless Matte Lipstick Romantic Delight Collection,Rp 612.000,(34),3 shades,https://image-optimizer-id.production.sephora-asia.net/eyJlZGl0cyI6eyJyZXNpemUiOnt9fX0=/images/product_images/zoom_ashley_2_6d878d1d3f43be297457a4079a3ca9bec0e93b96_1669366099.png
Benefit Cosmetics,Pompom Pomegranate Rose Blush,Rp 580.000,(271),,https://image-optimizer-id.production.sephora-asia.net/eyJlZGl0cyI6eyJyZXNpemUiOnt9fX0=/images/product_images/zoom_1_Product_602004138118-Benefit-Cosmetics-Pompom-Pomegranate-Rose-Blush-6g_da2b064cc561c4c473ac865af5e632578a02a7cb_1653647918.png
Bobbi Brown,Natural Brow Shaper,Rp 590.000,(2),3 sizes,https://image-optimizer-id.production.sephora-asia.net/eyJlZGl0cyI6eyJyZXNpemUiOnt9fX0=/images/product_images/zoom_1000x1000_1__d0058861fc9d37751bbf516c1f7fe87b60c37d17_1665735764.png
MAC Cosmetics,Lightful C³ Natural Silk Powder Foundation SPF 15/PA++ Refill Only,Rp 710.000,(17),3 shades,https://image-optimizer-id.production.sephora-asia.net/eyJlZGl0cyI6eyJyZXNpemUiOnt9fX0=/images/product_images/zoom_1_Product_773602585779-MAC-Cosmetics-Lightful-C3-Natural-Silk-Powder-Foundation-SPF-15-PA-_9700c1393609f3c558c2eb5a130ce822507068d8_1667812273.png
Shu Uemura,Blanc:Chroma Lightening & Polishing Cleansing Oil (New),"Rp 2.025.000
   Rp 1.721.250 
    15% OFF",(43),2 sizes,https://image-optimizer-id.production.sephora-asia.net/eyJlZGl0cyI6eyJyZXNpemUiOnt9fX0=/images/product_images/zoom_1_Product_4935421773317-Shu-Uemura-BlancChroma-Lightening-Polishing-Cleansing-Oil-450ml_53039f4dd442b393a7858df472329ec4ece2f142_1661241617.png
Bobbi Brown,Vitamin Enriched Eye Base - Eye cream and Primer,Rp 950.000,(374),,https://image-optimizer-id.production.sephora-asia.net/eyJlZGl0cyI6eyJyZXNpemUiOnt9fX0=/images/product_images/zoom_1_Product_716170215129-Bobbi-Brown-Vitamin-Enriched-Eye-Base-15ml_4d9196ddcbf260d976cb426333b1ed2a3b78e57a_1617900224.png
Nudestix,Citrus Clean Balm & Make-Up Melt,Rp 720.000,(91),,https://image-optimizer-id.production.sephora-asia.net/eyJlZGl0cyI6eyJyZXNpemUiOnt9fX0=/images/product_images/zoom_1_Product_839174050005-Nudestix-Citrus-Clean-Balm--Make-Up-Melt-60ml_ff061a117a8bd79059d5bf5d567de740b3d4ca31_1630308501.png
Bobbi Brown,Bronzing Powder,Rp 850.000,(394),3 shades,https://image-optimizer-id.production.sephora-asia.net/eyJlZGl0cyI6eyJyZXNpemUiOnt9fX0=/images/product_images/zoom_1_Product_716170319933-BOBBI-BROWN-Bronzing-Powder-Golden-Li_bd7b165f7e8c696c0a489db757a09ec3940d763f_1716815664.png
Lavie Lash,Lavie Lash by Slam Wiyono - Bundle B,Rp 358.800,,,https://image-optimizer-id.production.sephora-asia.net/eyJlZGl0cyI6eyJyZXNpemUiOnt9fX0=/images/product_images/zoom_LAVIE_LASH_BY_SLAM_WIYONO_BUNDLE_B_95532dbc0776890208a5e34810fd21730433e92b_1647485640.png
NARS,Pure Radiant Protection Aqua Glow Cushion SPF50+ (Refill Only),Rp 605.000,(70),6 shades,https://image-optimizer-id.production.sephora-asia.net/eyJlZGl0cyI6eyJyZXNpemUiOnt9fX0=/images/product_images/zoom_NARS_SP21_PRPAGC_PDPCrop_Soldier_FINLAND_GLBL_2400x2400_b3e10cbfd1ab7b30fd2847fa65d2efcd18578a44_1621253075.png
Clinique,All About Clean™ Rinse-Off Foaming Cleanser,Rp 620.000,(52),,https://image-optimizer-id.production.sephora-asia.net/eyJlZGl0cyI6eyJyZXNpemUiOnt9fX0=/images/product_images/zoom_1_Product_20714015459-Clinique-New-product-name-All-About-Clean-Rinse-Off-Foaming-Cleanse-_ce867c9b1691c3359abd9cead4e22153464aab03_1681374361.png
MAC Cosmetics,Studio Fix Mattifine 12Hr Shine-Control Primer,Rp 650.000,(59),,https://image-optimizer-id.production.sephora-asia.net/eyJlZGl0cyI6eyJyZXNpemUiOnt9fX0=/images/product_images/zoom_1_Product_773602030507-Mac-Studio-Fix-Mattifine-12Hr-Shine-Control-Primer-30ml_4053fde369e7e209a302b6d4aade96ee5c0822a8_1671099180.png
MAC Cosmetics,M·A·Cstack Waterproof Mascara,Rp 520.000,(21),2 sizes,https://image-optimizer-id.production.sephora-asia.net/eyJlZGl0cyI6eyJyZXNpemUiOnt9fX0=/images/product_images/zoom_1_Product_773602613700-MAC-Cosmetics-M-A-Cstack-Waterproof-Mascara-12ml_ffe3653100df607ea9f79603c4768c1aa6137100_1679037987.png
MAC Cosmetics,Extended Play Gigablack Lash Mascara,Rp 500.000,(55),,https://image-optimizer-id.production.sephora-asia.net/eyJlZGl0cyI6eyJyZXNpemUiOnt9fX0=/images/product_images/zoom_1_Product_773602282852-MAC-Extended-Play-Gigablack-Lash-Mascara-Gigablash_40d63b914e90bf59695fd2bef7d4cd75e817b22c_1661315808.png
Shu Uemura,Brow Sword Naginata Eyebrow Pencil,Rp 770.000,(12),4 shades,https://image-optimizer-id.production.sephora-asia.net/eyJlZGl0cyI6eyJyZXNpemUiOnt9fX0=/images/product_images/zoom_1_Product_4935421787925-Shu-Uemura-Brow-Sword-Naginata-Eyebrow-Pencil-Stone-Gray_cc2bbdc0c6af1280e9ffb1edc295bddd584c2f30_1657523719.png
Dear Dahlia,Petal Drop Liquid Blush,Rp 480.000,(73),8 shades,https://image-optimizer-id.production.sephora-asia.net/eyJlZGl0cyI6eyJyZXNpemUiOnt9fX0=/images/product_images/zoom_1_Product_8809546848280-Dear-Dahlia-Petal-Drop-Liquid-Blush-_7ae9230a056b46d0958620da3154e56a886822d4_1711359668.png
Huda Beauty,Glowish Bright Light Sheer Concealer,Rp 575.000,(1000),14 shades,https://image-optimizer-id.production.sephora-asia.net/eyJlZGl0cyI6eyJyZXNpemUiOnt9fX0=/images/product_images/zoom_1_Product_6294018401148-Huda-Beauty-Glowish-Bright-Light-Sheer-Concealer-09-Extra-Tan_6164529fd39e924d8817c99db30e6e99a13246df_1700549405.png
MAC Cosmetics,MACStack Mascara,Rp 520.000,(49),,https://image-optimizer-id.production.sephora-asia.net/eyJlZGl0cyI6eyJyZXNpemUiOnt9fX0=/images/product_images/zoom_773602593040_MACStackMascara_Macro_BlackStack_CleanBristile_1_596ee34eed392fa6fd2d81d0118090914e21c2ab_1648638974.png
MAC Cosmetics,Powder Kiss Soft Matte Eyeshadow,Rp 365.000,(57),2 shades,https://image-optimizer-id.production.sephora-asia.net/eyJlZGl0cyI6eyJyZXNpemUiOnt9fX0=/images/product_images/zoom_3_Product_773602576258-MAC-Cosmetics-Powder-Kiss-Soft-Matte-Eyeshadow-What-Clout_a2f27a640d3ab5baa7e809bca8b6785ee1ca59c8_1663752879.png
Laura Mercier,Flawless Lumiere Tone-Up Cushion Refill,Rp 880.000,,2 shades,https://image-optimizer-id.production.sephora-asia.net/eyJlZGl0cyI6eyJyZXNpemUiOnt9fX0=/images/product_images/zoom_1_Product_194250052190-Laura-Mercier-Tone-Up-Cushion-Refill-Fair-Rose_a8188069e68e9fa1caa8ec8a09506760fde5868f_1697613693.png
DIOR,Show 24h Buildable Volume Mascara,Rp 800.000,(39),2 shades,https://image-optimizer-id.production.sephora-asia.net/eyJlZGl0cyI6eyJyZXNpemUiOnt9fX0=/images/product_images/zoom_1_Product_3348901591959-DIOR-Show-24h-Buildable-Volume-Mascara-798-Brown_cac94b8d894178a08da987e9d30cf11aab717a63_1658461750.png
Natasha Denona,I Need A Nude Lip Crayon Lip Liner Pencil,Rp 499.000,(215),8 shades,https://image-optimizer-id.production.sephora-asia.net/eyJlZGl0cyI6eyJyZXNpemUiOnt9fX0=/images/product_images/zoom_1_Product_7290113704572-Natasha-Denona-I-Need-A-Nude-Lip-Crayon-Lip-Liner-Pencil-P6-Emily-_66cefd9d4ba1b88d7477b747636d2dadbe9f451e_1686200268.png
MAKE UP FOR EVER,Gentle Eye Gel Makeup Remover,Rp 470.000,(249),2 sizes,https://image-optimizer-id.production.sephora-asia.net/eyJlZGl0cyI6eyJyZXNpemUiOnt9fX0=/images/product_images/zoom_1_Product_3548752191852-Make-Up-For-Ever-Gentle-Eye-Gel-Makeup-Remover-125ml_e8634edfab543236fd330633277c991301c2919c_1675930344.png
MAC Cosmetics,Studio Fix Every Wear All Over Face Pen,Rp 735.000,(29),6 shades,https://image-optimizer-id.production.sephora-asia.net/eyJlZGl0cyI6eyJyZXNpemUiOnt9fX0=/images/product_images/zoom_1_Product_773602684465-MAC-Cosmetics-Studio-Fix-Every-Wear-All-Over-Face-Pen-NC20_7e2c81da539aff8dce8f3ce1cad4fff351f896e7_1683705681.png
GUERLAIN,Rouge G Luxurious Velvet Metal Lipstick,Rp 560.000,(21),4 shades,https://image-optimizer-id.production.sephora-asia.net/eyJlZGl0cyI6eyJyZXNpemUiOnt9fX0=/images/product_images/zoom_1_Product_3346470436992--Rouge-G-Luxurious-Velvet-Metal-Lipstick-880_7217b0fe3f5e14629f4dcaba52dfc770862349d0_1669175588.png
Laura Mercier,Lip Glacé Balm Gloss,Rp 495.000,(138),2 shades,https://image-optimizer-id.production.sephora-asia.net/eyJlZGl0cyI6eyJyZXNpemUiOnt9fX0=/images/product_images/zoom_1_Product_194250022216-Laura-Mercier-Lip-Glace-Balm-Gloss-150-Melon-Sorbe_6217bdb31ad9cf44c75678d677aff8ae2d625a44_1697739678.png
Estée Lauder,The Brow Multi-Tasker,Rp 470.000,(1),2 shades,https://image-optimizer-id.production.sephora-asia.net/eyJlZGl0cyI6eyJyZXNpemUiOnt9fX0=/images/product_images/zoom_DB_ELL_f3ef2d2bcb47c1b254002393b73c7101dd01a2a3_1655349371.png
MAC Cosmetics,Mineralize Blush,Rp 590.000,,2 shades,https://image-optimizer-id.production.sephora-asia.net/eyJlZGl0cyI6eyJyZXNpemUiOnt9fX0=/images/product_images/zoom_1_356a192b7913b04c54574d18c28d46e6395428ab_1672224011.png
MAKE UP FOR EVER,HD Skin Concealer,Rp 540.000,(944),22 shades,https://image-optimizer-id.production.sephora-asia.net/eyJlZGl0cyI6eyJyZXNpemUiOnt9fX0=/images/product_images/zoom_1_4_a26f83404b3689e9473b90563ae874b959b849ed_1691566608.png
Clinique,Quickliner™ For Brows Eyebrow Pencil,Rp 395.000,,2 shades,https://image-optimizer-id.production.sephora-asia.net/eyJlZGl0cyI6eyJyZXNpemUiOnt9fX0=/images/product_images/zoom_1000_x_1000_4__c77e41147c8a84b25df2b2abb740fd4b7d3768ac_1691987181.png
Huda Beauty,Hoodie #23 False Eyelashes,Rp 399.000,(101),,https://image-optimizer-id.production.sephora-asia.net/eyJlZGl0cyI6eyJyZXNpemUiOnt9fX0=/images/product_images/zoom_1_Product_6291106034257-Huda-Beauty-Hoodie-23-False-Eyelashes-Default_a72d1ee7006d999b2ae1435b8333bb0c4dbabd23_1686621491.png
Nudestix,Blot & Blur Matte Stick,Rp 690.000,(100),,https://image-optimizer-id.production.sephora-asia.net/eyJlZGl0cyI6eyJyZXNpemUiOnt9fX0=/images/product_images/zoom_1_Product_839174008075-NUDESTIX-Blot-Blur-Matte-Stick-10g_d1615d618d940d583b0c73acd99980c17b085b0f_1688464909.png
Clinique,High Impact™ Gel Tech Eyeliner,Rp 395.000,(3),,https://image-optimizer-id.production.sephora-asia.net/eyJlZGl0cyI6eyJyZXNpemUiOnt9fX0=/images/product_images/zoom_01_Intense_Black_888d1f3f142564368be1f4da6db163d0c5161c5e_1715331195.png
Natasha Denona,Xenon Palette,Rp 1.399.000,(377),,https://image-optimizer-id.production.sephora-asia.net/eyJlZGl0cyI6eyJyZXNpemUiOnt9fX0=/images/product_images/zoom_1_356a192b7913b04c54574d18c28d46e6395428ab_1694684250.png
Sephora Collection,Lashes Starter Kit,Rp 375.000,(37),,https://image-optimizer-id.production.sephora-asia.net/eyJlZGl0cyI6eyJyZXNpemUiOnt9fX0=/images/product_images/zoom_1_Product_3378872219163-Sephora-Collection-Lashes-Starter-Kit-Default_22a12c8ab0e173f8813efddf6e7e548e5101b93f_1695192324.png
La Mer,The Lip Volumizer,Rp 1.750.000,(80),2 types,https://image-optimizer-id.production.sephora-asia.net/eyJlZGl0cyI6eyJyZXNpemUiOnt9fX0=/images/product_images/zoom_1_Product_747930158981-La-Mer-The-Lip-Volumizer-Sheer-Berry-_942b8d1f5afbea6f0fee9cc558ee7842b338a178_1740994702.png
Kayali,Sparkling Kiss Set,Rp 890.000,(53),,https://image-optimizer-id.production.sephora-asia.net/eyJlZGl0cyI6eyJyZXNpemUiOnt9fX0=/images/product_images/zoom_6294018404576_02_0179d5839100c54fb153063ab3d3eb7c7253605d_1713846587.png
Laura Mercier,Shimmer Caviar Stick Eye Color,Rp 580.000,(2762),12 shades,https://image-optimizer-id.production.sephora-asia.net/eyJlZGl0cyI6eyJyZXNpemUiOnt9fX0=/images/product_images/zoom_LM_SP24_CSEC_Silo_Open_MetallicTaupe_2000x2000_R300_c7334d6585c8f225ad03f326acb50a15024cb2fc_1750930937.png
Stila,Stay All Day® Blurring Setting Spray,Rp 660.000,(11),,https://image-optimizer-id.production.sephora-asia.net/eyJlZGl0cyI6eyJyZXNpemUiOnt9fX0=/images/product_images/zoom_1_Product_94800362628-Stila-Stay-All-Day-Blurring-Setting-Spray-100ml_234a5ecc5ef925fb919ac62f7819f5cae29e8051_1705910033.png
Shu Uemura,Rouge Unlimited Kinu Matte Lipstick,Rp 625.000,(8),5 shades,https://image-optimizer-id.production.sephora-asia.net/eyJlZGl0cyI6eyJyZXNpemUiOnt9fX0=/images/product_images/zoom_1_Product_4936968811333-Shu-Uemura-Rouge-Unlimited-Kinu-Matte-Lipstick-RD163-872228_5b0f7fb56c8d3683d43e5915c227dc5487673c08_1692847687.png
MAC Cosmetics,Mineralize Skinfinish Natural,Rp 710.000,(7),2 shades,https://image-optimizer-id.production.sephora-asia.net/eyJlZGl0cyI6eyJyZXNpemUiOnt9fX0=/images/product_images/zoom_773602337071_MineralizeSkinfinishNatural_Medium_5_177370ea00f0eb1975ec38829d951773d550b0af_1719198317.png
Laura Mercier,Tinted Moisturizer Light Revealer Natural Skin Illuminator,Rp 950.000,(33),9 shades,https://image-optimizer-id.production.sephora-asia.net/eyJlZGl0cyI6eyJyZXNpemUiOnt9fX0=/images/product_images/zoom_5n1_45c6ea8b76dceefea2dee3bd58ab58c428d2cc56_1698053282.png
Stila,Suede Shade™ Liquid Eye Shadow (Limited Edition),Rp 499.000,(5),5 shades,https://image-optimizer-id.production.sephora-asia.net/eyJlZGl0cyI6eyJyZXNpemUiOnt9fX0=/images/product_images/zoom_14_fa35e192121eabf3dabf9f5ea6abdbcbc107ac3b_1700743024.png
Nudestix,Dreamy Easy Eyes 3 Pc Mini Eye Kit,Rp 590.000,(55),,https://image-optimizer-id.production.sephora-asia.net/eyJlZGl0cyI6eyJyZXNpemUiOnt9fX0=/images/product_images/zoom_1_Product_839174008389-Nudestix-Dreamy-Easy-Eye-Kit-Limited-_b193aa54a3e9d6040bb726a19423211374c911e2_1719240190.png
Sephora Collection,Shimmer Bronzer,Rp 414.000,(60),3 shades,https://image-optimizer-id.production.sephora-asia.net/eyJlZGl0cyI6eyJyZXNpemUiOnt9fX0=/images/product_images/zoom_1_Product_3378872221449-Sephora-Collection-Shimmer-Bronzer-0_0616f64a75739eacf49324a41ef52b2bc9164909_1718179425.png
Estée Lauder,Pure Color Explicit Silk Matte Lipstick,Rp 695.000,(8),5 shades,https://image-optimizer-id.production.sephora-asia.net/eyJlZGl0cyI6eyJyZXNpemUiOnt9fX0=/images/product_images/zoom_1_Product_887167709751-Estee-Lauder-Pure-Color-Explicit-Silk_95a56cc62e73a6516df195f1bb3489a60eb95008_1727059027.png
Laura Mercier,Tinted Moisturizer Oil Free Natrural Skin Perfector SPF20,Rp 900.000,,2 shades,https://image-optimizer-id.production.sephora-asia.net/eyJlZGl0cyI6eyJyZXNpemUiOnt9fX0=/images/product_images/zoom_1_Product_194250002232-Laura-Mercier-Tinted-Moisturizer-Oil-Free-SPF-20-PA-4N1-Wheat_063fb11076e1ef073618a8343372cdc308b461f3_1698140430.png
Laura Mercier,Lip Glacé Balm Gloss,Rp 495.000,(138),2 shades,https://image-optimizer-id.production.sephora-asia.net/eyJlZGl0cyI6eyJyZXNpemUiOnt9fX0=/images/product_images/zoom_1_Product_194250022216-Laura-Mercier-Lip-Glace-Balm-Gloss-150-Melon-Sorbe_6217bdb31ad9cf44c75678d677aff8ae2d625a44_1697739678.png
MAC Cosmetics,Mineralize Blush,Rp 590.000,,2 shades,https://image-optimizer-id.production.sephora-asia.net/eyJlZGl0cyI6eyJyZXNpemUiOnt9fX0=/images/product_images/zoom_1_356a192b7913b04c54574d18c28d46e6395428ab_1672224011.png
Nudestix,Blot & Blur Matte Stick,Rp 690.000,(100),,https://image-optimizer-id.production.sephora-asia.net/eyJlZGl0cyI6eyJyZXNpemUiOnt9fX0=/images/product_images/zoom_1_Product_839174008075-NUDESTIX-Blot-Blur-Matte-Stick-10g_d1615d618d940d583b0c73acd99980c17b085b0f_1688464909.png
Lancôme,L'Absolu Rouge Cream Lipstick,"Rp 715.000
   Rp 643.500 
    10% OFF",(46),,https://image-optimizer-id.production.sephora-asia.net/eyJlZGl0cyI6eyJyZXNpemUiOnt9fX0=/images/product_images/zoom_1_Product_3614273307840-Lancome-LAbsolu-Rouge-Cream-Lipstick_294b55a89d8cea0444be8f8b07a07dcc47d4520a_1709710572.png
KAJA,"Play Bento Cream Bronzer, Powder Blush & Highlighter Sculpting Trio",Rp 440.000,(973),2 shades,https://image-optimizer-id.production.sephora-asia.net/eyJlZGl0cyI6eyJyZXNpemUiOnt9fX0=/images/product_images/zoom_PlayBento01_1_94811774b54771f9181f0b9a0a075318cc207a54_1707993320.png
Stila,Calligraphy Lip Stain,Rp 499.000,(39),8 shades,https://image-optimizer-id.production.sephora-asia.net/eyJlZGl0cyI6eyJyZXNpemUiOnt9fX0=/images/product_images/zoom_1_Product_94800363090-Stila-Calligraphy-Lip-Stain-Hedy-a55f4_820035385db2f30c8808f4e7d2fe87ac412f246d_1725958914.png
Laura Mercier,Caviar Tightline Eyeliner,Rp 500.000,,,https://image-optimizer-id.production.sephora-asia.net/eyJlZGl0cyI6eyJyZXNpemUiOnt9fX0=/images/product_images/zoom_1_Product_194250054880-Laura-Mercier-Caviar-Tightline-Eyeliner-Plum-48303d_b742c162c6e06db3bc6671cb923d6dd9bc5a868a_1697687552.png
Sephora Collection,Colorful Special Effect Liquid Eyeshadow,Rp 252.000,(28),4 shades,https://image-optimizer-id.production.sephora-asia.net/eyJlZGl0cyI6eyJyZXNpemUiOnt9fX0=/images/product_images/zoom_1_Product_3378872216704-Sephora-Collection-Colorful-Special-_9c563cdc65b0e2ba579c7482bdc3afa79448ead8_1724408325.png
Anastasia Beverly Hills,Natural & Polished Deluxe Brow Kit (Limited Edition),Rp 925.000,,2 shades,https://image-optimizer-id.production.sephora-asia.net/eyJlZGl0cyI6eyJyZXNpemUiOnt9fX0=/images/product_images/zoom_1_Product_689304180290-Anastasia-Beverly-Hills-Natural-Polis_d84c2cfb434de8537c5c74350d5d59c1d55e0a23_1721975523.png
Anastasia Beverly Hills,Sparkle Gloss Duo Kit,Rp 547.000,(19),,https://image-optimizer-id.production.sephora-asia.net/eyJlZGl0cyI6eyJyZXNpemUiOnt9fX0=/images/product_images/zoom_prd_Sea_request_49622_2024072609264542_689304199117_01_dbd7e8bddf0edd1be28fbf4da90c18e4634e7cd9_1724205953.png
Bobbi Brown,All Nudes Eye Shadow Palette,Rp 950.000,(2),3 shades,https://image-optimizer-id.production.sephora-asia.net/eyJlZGl0cyI6eyJyZXNpemUiOnt9fX0=/images/product_images/zoom_BareNudesEyeShadowPalette_HY6R010001_4000x4000_NoShadow_1f4bdc4e3c8629ec62862c07e18bb8e37f61d283_1721635149.png
MAC Cosmetics,Lusterglass Lipstick,Rp 495.000,(184),2 shades,https://image-optimizer-id.production.sephora-asia.net/eyJlZGl0cyI6eyJyZXNpemUiOnt9fX0=/images/product_images/zoom_1_Product_773602609789-MAC-Cosmetics-Lustreglass-Sheer-Shine_5dfb8fd31e9b2aeb382bc2788fb3e214da96906a_1718676727.png
Huda Beauty,Juicy Coco Lip Duo,Rp 595.000,(47),,https://image-optimizer-id.production.sephora-asia.net/eyJlZGl0cyI6eyJyZXNpemUiOnt9fX0=/images/product_images/zoom_1_Product_6294018406051_HUDA-BEAUTY_JUICY-COCO-LIP-DUO_Image_399d0bc2350296c1af44569a60498be7c4b02f06_1728887150.png
Clinique,High Impact Shadow Play™ Shadow + Definer,Rp 580.000,(9),4 shades,https://image-optimizer-id.production.sephora-asia.net/eyJlZGl0cyI6eyJyZXNpemUiOnt9fX0=/images/product_images/zoom_Caf_Au_Lait_20f11c1ac28f8ec24d3818a1192ff97b1568cb92_1715328299.png
Stila,Heaven's Hue Hydro-Luminator,Rp 599.000,(4),3 shades,https://image-optimizer-id.production.sephora-asia.net/eyJlZGl0cyI6eyJyZXNpemUiOnt9fX0=/images/product_images/zoom_1_Product_94800363915-Stila-Heavens-Hue-Hydro-Luminator-Star_52ea904ae00ad09a8310fde5ec3df307ec3f18fa_1724817089.png
Shu Uemura,Unlimited Washi Veil Setting Powder,Rp 1.220.000,,,https://image-optimizer-id.production.sephora-asia.net/eyJlZGl0cyI6eyJyZXNpemUiOnt9fX0=/images/product_images/zoom_shu_unlimited_washi-veil-setting-powder_02_open_493696887101_44026c0631101936830ca0ae719fe663ccf30bef_1725087491.png
Anastasia Beverly Hills,Tinted Lip Gloss Trio (Holiday Limited Edition),Rp 877.000,(4),,https://image-optimizer-id.production.sephora-asia.net/eyJlZGl0cyI6eyJyZXNpemUiOnt9fX0=/images/product_images/zoom_prd_Sea_request_49622_2024072609312630_689304199308_01_d1364fe374e64897b7435f50a283985f8e8bad68_1724828604.png
Benefit Cosmetics,Badgal Bang Volumizing Mascara,Rp 520.000,(2961),,https://image-optimizer-id.production.sephora-asia.net/eyJlZGl0cyI6eyJyZXNpemUiOnt9fX0=/images/product_images/zoom_1_Product_602004155733-Benefit-Cosmetics-BADgal-Bang-Volumiz_5c728230d5a7bfae7aa3e15e9eb47d5b6b47d20b_1727404469.png
MAKE UP FOR EVER,HD Skin Blush & Glow Palette Holiday,Rp 1.520.000,(19),,https://image-optimizer-id.production.sephora-asia.net/eyJlZGl0cyI6eyJyZXNpemUiOnt9fX0=/images/product_images/zoom_1_Product_3548752212076-Make-Up-For-Ever-HD-Skin-Blush-Glow-_d83d7562538edc71d241072a40b15cb3410a20f2_1729499547.png
Bobbi Brown,Cream Glow Highlighter,Rp 610.000,(1),,https://image-optimizer-id.production.sephora-asia.net/eyJlZGl0cyI6eyJyZXNpemUiOnt9fX0=/images/product_images/zoom_IMAGE01_H7AF08_Bare_Glaze_93e9c580b8823fef8360b5234c392aa8b6dd048f_1731320282.png
Anastasia Beverly Hills,Blushed Lip Set (Holiday Limited Edition),Rp 966.000,(51),,https://image-optimizer-id.production.sephora-asia.net/eyJlZGl0cyI6eyJyZXNpemUiOnt9fX0=/images/product_images/zoom_prd_Sea_request_49622_2024072609315122_689304199322_01_d14bc51467b684a1cb9bb61f0d29776844e63c20_1724829078.png
Shu Uemura,Unlimited Washi Veil Setting Powder,Rp 1.220.000,,,https://image-optimizer-id.production.sephora-asia.net/eyJlZGl0cyI6eyJyZXNpemUiOnt9fX0=/images/product_images/zoom_shu_unlimited_washi-veil-setting-powder_02_open_493696887101_44026c0631101936830ca0ae719fe663ccf30bef_1725087491.png
Benefit Cosmetics,Badgal Bang Volumizing Mascara,Rp 520.000,(2961),,https://image-optimizer-id.production.sephora-asia.net/eyJlZGl0cyI6eyJyZXNpemUiOnt9fX0=/images/product_images/zoom_1_Product_602004155733-Benefit-Cosmetics-BADgal-Bang-Volumiz_5c728230d5a7bfae7aa3e15e9eb47d5b6b47d20b_1727404469.png
Bobbi Brown,Cream Glow Highlighter,Rp 610.000,(1),,https://image-optimizer-id.production.sephora-asia.net/eyJlZGl0cyI6eyJyZXNpemUiOnt9fX0=/images/product_images/zoom_IMAGE01_H7AF08_Bare_Glaze_93e9c580b8823fef8360b5234c392aa8b6dd048f_1731320282.png
Anastasia Beverly Hills,Mini Sugar Palette,Rp 635.000,(110),,https://image-optimizer-id.production.sephora-asia.net/eyJlZGl0cyI6eyJyZXNpemUiOnt9fX0=/images/product_images/zoom_prd_Sea_request_52652_2024083008331371_689304199803_MiniSuga_60738a1841f8f21d06d5fd9680688db45e7f3b8e_1726210890.png
bareMinerals,Barepro 16 Hr Skin Perfecting Powder Foundation,Rp 750.000,(199),8 shades,https://image-optimizer-id.production.sephora-asia.net/eyJlZGl0cyI6eyJyZXNpemUiOnt9fX0=/images/product_images/zoom_130423_1_6168c3c20fff4dde7337e2bb79682afd82332c5a_1737361507.png
Kylie Cosmetics,Matte Lipstick,Rp 540.000,(15),2 shades,https://image-optimizer-id.production.sephora-asia.net/eyJlZGl0cyI6eyJyZXNpemUiOnt9fX0=/images/product_images/zoom_1_Product_4064941009597-kylie-cosmetic-Matte-Lipstick-808-Ky_a0b3e537088e83f11e7bc774004ca15f028199ca_1732499796.png
bareMinerals,Original Loose Powder Foundation SPF 15 PA++,Rp 730.000,,10 shades,https://image-optimizer-id.production.sephora-asia.net/eyJlZGl0cyI6eyJyZXNpemUiOnt9fX0=/images/product_images/zoom_Product_OLF_89fb1e94e02ae0da8049d76947dc8a61c0a45ab3_1737102677.png
bareMinerals,Mineralist Lasting Eyeliner,Rp 400.000,,2 shades,https://image-optimizer-id.production.sephora-asia.net/eyJlZGl0cyI6eyJyZXNpemUiOnt9fX0=/images/product_images/zoom_120790_41701488101_Mineralist_Eye_Liner_WOW_DIAMOND_Open_x3a_399423fe7d318ea3daa6dab20314a0970bb3f535_1737110420.png
LANEIGE,Flawless Blend Tone Targeting Serum Primer,Rp 690.000,,,https://image-optimizer-id.production.sephora-asia.net/eyJlZGl0cyI6eyJyZXNpemUiOnt9fX0=/images/product_images/zoom_1_Product_8809925147911-Laneige-Flawless-Blend-Tone-Targetin_33d3ef34ee8043374b86119b427454308a1658b8_1742530278.png
Natasha Denona,Golden Highlighter Trio,Rp 1.075.000,(155),,https://image-optimizer-id.production.sephora-asia.net/eyJlZGl0cyI6eyJyZXNpemUiOnt9fX0=/images/product_images/zoom_1_Product_7290113700574-Natasha-Denona-Golden-Highlighter-Tr_0d4025353a46d0f8043215add1585f401f91b8c3_1733470722.png
NARS,Beauty Transform Quad-Eyeshadow,Rp 900.000,,,https://image-optimizer-id.production.sephora-asia.net/eyJlZGl0cyI6eyJyZXNpemUiOnt9fX0=/images/product_images/zoom_1_Product_194251147130-NARS-Asia-Exclusive-2025-Quad-Eyeshad_dce61f56d1ece2ee5338317e1367c3db2a530e45_1751366849.png
KAJA,Wink Dazzle,Rp 379.000,(397),4 shades,https://image-optimizer-id.production.sephora-asia.net/eyJlZGl0cyI6eyJyZXNpemUiOnt9fX0=/images/product_images/zoom_KJ_WinkDazzle_PrimaryPackaging_IceIllusion02_2aeb06bbcb80fd48e70503f10eaebeb294b28e8e_1733739184.png
Bobbi Brown,Essential Eye Shadow Trios,Rp 875.000,(1),4 shades,https://image-optimizer-id.production.sephora-asia.net/eyJlZGl0cyI6eyJyZXNpemUiOnt9fX0=/images/product_images/zoom_1_Product_716170329420-Bobbi-Brown-Essential-Eye-Shadow-Trio_82556bec0b6b4d9d08e422f2f90db9536d2ab2b1_1732072391.png
bareMinerals,Original Matte Loose Powder Foundation SPF 15 PA++,Rp 730.000,,6 shades,https://image-optimizer-id.production.sephora-asia.net/eyJlZGl0cyI6eyJyZXNpemUiOnt9fX0=/images/product_images/zoom_Product_OLMF_9e7ebd8d9580b94cf4166f66714ebc7dd4b23957_1737105636.png
ESQA,Flawless Cushion Serum SPF 50+ PA+++,Rp 208.000,(15),11 shades,https://image-optimizer-id.production.sephora-asia.net/eyJlZGl0cyI6eyJyZXNpemUiOnt9fX0=/images/product_images/zoom_7_PANCAKE_fc8613dacacae73f6f24230d003c30689eeaeea6_1732781755.png
Lancôme,Idôle Skintint,"Rp 785.000
   Rp 745.750 
    5% OFF",(1),6 shades,https://image-optimizer-id.production.sephora-asia.net/eyJlZGl0cyI6eyJyZXNpemUiOnt9fX0=/images/product_images/zoom_Bundle_1_-_22C_e3401ee763d73ecf50ee9b8859c1097e2743012e_1757413389.png
LANEIGE,Neo Essential Blurring Finish Powder,Rp 400.000,(75),,https://image-optimizer-id.production.sephora-asia.net/eyJlZGl0cyI6eyJyZXNpemUiOnt9fX0=/images/product_images/zoom_NEO_Powder_-_Sociolla_1_1005eef32aea5709df4fd73654645616901e3b58_1738634231.png
NARS,[Amour Collection] Explicit Lipstick,Rp 635.000,,,https://image-optimizer-id.production.sephora-asia.net/eyJlZGl0cyI6eyJyZXNpemUiOnt9fX0=/images/product_images/zoom_1_Product_194251146621-NARS-Explicit-Lipstick-Holiday-Limite_b64ac6436d1256c671f5cf1b9d0b99fc54789fd2_1738223075.png
ESQA,Flawless Cushion Serum SPF 50+ PA++++ Velvet Matte,Rp 208.000,(2),7 shades,https://image-optimizer-id.production.sephora-asia.net/eyJlZGl0cyI6eyJyZXNpemUiOnt9fX0=/images/product_images/zoom_foto_PDP_47__7dc74312c1ddf0dcb572c1dee842ddb60d98ea0c_1739153848.png
bareMinerals,Gen Nude Powder Blush,Rp 500.000,,7 shades,https://image-optimizer-id.production.sephora-asia.net/eyJlZGl0cyI6eyJyZXNpemUiOnt9fX0=/images/product_images/zoom_19223_85820_GenNude_Blush_ThatPeachTho_FS_Open_2000x2000_R30_10979f8fe44d7ff04175b24694ed46a09d8f9675_1737095256.png
MAKE UP FOR EVER,Anywhere Caffeine PERFECT DUO,Rp 820.000,(1),11 shades,https://image-optimizer-id.production.sephora-asia.net/eyJlZGl0cyI6eyJyZXNpemUiOnt9fX0=/images/product_images/zoom_VB-1-Anywhere-Caffeine-PERFECT-DUO_f131a94b536e8ef73732c9579256be83b68e0e2b_1741245371.png
MAKE UP FOR EVER,Bundle 4 Morning Punch Routine #1,Rp 1.050.000,,7 types,https://image-optimizer-id.production.sephora-asia.net/eyJlZGl0cyI6eyJyZXNpemUiOnt9fX0=/images/product_images/zoom_VB-4-Morning-Punch-Routine-1_35e5df811050836228292d6f315994030b584a42_1742199760.png
NARS,Light Reflecting™ Luminizing Powder,Rp 686.000,(1),5 shades,https://image-optimizer-id.production.sephora-asia.net/eyJlZGl0cyI6eyJyZXNpemUiOnt9fX0=/images/product_images/zoom_1_Product_194251146065-NARS-Light-Reflecting-Luminizing-Powd_0fe6c9de95e003fd7c550bfc590c6d86df641f2d_1753349956.png
Sephora Collection,Size up Mascara,Rp 336.000,(919),4 shades,https://image-optimizer-id.production.sephora-asia.net/eyJlZGl0cyI6eyJyZXNpemUiOnt9fX0=/images/product_images/zoom_1_Product_3378872249702-Sephora-collection-Size-up-Mascara-B_42c8ceb90d8eb6913251e432b4241000552077b8_1741316116.png
Bobbi Brown,Precise Brow Pencil,Rp 550.000,(26),3 shades,https://image-optimizer-id.production.sephora-asia.net/eyJlZGl0cyI6eyJyZXNpemUiOnt9fX0=/images/product_images/zoom_IMAGE01_H07Z11_blackbrown_090dd10691e355acb6568b564e9565e7a67ffaa4_1737518296.png
MAKE UP FOR EVER,Wherever Walnut PERFECT DUO,Rp 820.000,,11 shades,https://image-optimizer-id.production.sephora-asia.net/eyJlZGl0cyI6eyJyZXNpemUiOnt9fX0=/images/product_images/zoom_VB-2-Wherever-Walnut-PERFECT-DUO_1b4dc6fb5ed6e6f75a38b21304b499f0208c33df_1741251244.png
bareMinerals,Prime Time Daily Protecting SPF 30 Primer Daily Protecting,Rp 580.000,,,https://image-optimizer-id.production.sephora-asia.net/eyJlZGl0cyI6eyJyZXNpemUiOnt9fX0=/images/product_images/zoom_BM_SP23_PTPDP_Silo_2000x2000_R72_d9046837545bfae5df6a4895396c17f484f47680_1750844484.png
IT Cosmetics,Your Skin But Better Setting Spray +,"Rp 699.000
   Rp 594.150 
    15% OFF",(28),,https://image-optimizer-id.production.sephora-asia.net/eyJlZGl0cyI6eyJyZXNpemUiOnt9fX0=/images/product_images/zoom_1_Product_3605972350527-IT-Cosmetics-Your-Skin-But-Better-Se_0decf019e46d34eb87f8bfbe4c08e04fa81aafd6_1750232723.png
Lancôme,L'Absolu Rouge Drama Matte - Valentine's Day Limited Edition,"Rp 715.000
   Rp 607.750 
    15% OFF",,2 shades,https://image-optimizer-id.production.sephora-asia.net/eyJlZGl0cyI6eyJyZXNpemUiOnt9fX0=/images/product_images/zoom_Tanpa_judul_1000_x_1000_piksel__61f3708476b17fb4807cc8ad0ae40a8bf6be495d_1750221414.png
Sephora Collection,Color Twister Glossed Lip Gloss,Rp 310.000,(17),,https://image-optimizer-id.production.sephora-asia.net/eyJlZGl0cyI6eyJyZXNpemUiOnt9fX0=/images/product_images/zoom_1_Product_3378872251774-Sephora-Collection-Color-Twister-Glo_f96000997b31be32aa6c3e397f688021a3752db0_1752224173.png
Clinique,Even Better Clinical Vitamin Makeup SPF 50 PA++++,Rp 790.000,(3),6 shades,https://image-optimizer-id.production.sephora-asia.net/eyJlZGl0cyI6eyJyZXNpemUiOnt9fX0=/images/product_images/zoom_1_Product_192333255292-Clinique-Even-Better-Clinical-Vitamin_517434ce4bbd16ea3475206e5586df0ca36ef1cf_1742538454.png
Lancôme,Bi-Facil Eye Makeup Remover,Rp 815.000,(86),,https://image-optimizer-id.production.sephora-asia.net/eyJlZGl0cyI6eyJyZXNpemUiOnt9fX0=/images/product_images/zoom_zoom_17133_Lancome_WEB_8b54ee3aa66a2c1359730e818851edb6310ebc94_1602589076.png
Benefit Cosmetics,The POREfessional Face Primer,Rp 1.015.000,(2238),3 sizes,https://image-optimizer-id.production.sephora-asia.net/eyJlZGl0cyI6eyJyZXNpemUiOnt9fX0=/images/product_images/zoom_7160_BenefitCosmetics_WEB_355fd1df418e593d6a6172579a4cad35018fe2a1_1602585274.png
Lancôme,Hypnose Doll Lashes Waterproof,Rp 810.000,(109),,https://image-optimizer-id.production.sephora-asia.net/eyJlZGl0cyI6eyJyZXNpemUiOnt9fX0=/images/product_images/zoom_9460_Lancome_WEB_50760271f57c0ab5e4669268b8a9850fb1f778ae_1602589075.png
Nudestix,Intense Matte Lip & Cheek Pencil,Rp 550.000,(150),13 shades,https://image-optimizer-id.production.sephora-asia.net/eyJlZGl0cyI6eyJyZXNpemUiOnt9fX0=/images/product_images/zoom_1_Product_839174010566-Nudestix-Intense-Matte-Lip-Cheek-Pencil-SWEET-CHEEKS-Update_a2b53c7b4f14a1c7e6c0b9733bd3e8025a4ebcea_1684740138.png
Stila,Convertible Color Two-in-One Lipstick and Blush,Rp 530.000,(83),3 shades,https://image-optimizer-id.production.sephora-asia.net/eyJlZGl0cyI6eyJyZXNpemUiOnt9fX0=/images/product_images/zoom_zoom_1_Product_158833_20Stila_20Convertible_20Color_20Two_20in_20One_20Lipstick_20and_20Bl_cb12f01bcf2c320890a009d60797479a209b12e6_1602589059.png
Sephora Collection,Colorful Eyeshadow Mono Glitter,Rp 233.000,(107),26 shades,https://image-optimizer-id.production.sephora-asia.net/eyJlZGl0cyI6eyJyZXNpemUiOnt9fX0=/images/product_images/zoom_102_Fairy_Aura_14de5913db9e98b99331ccf87c44ca67d34bd9ae_1740642987.png
Stila,Convertible Color Two-in-One Lipstick and Blush,Rp 530.000,(83),3 shades,https://image-optimizer-id.production.sephora-asia.net/eyJlZGl0cyI6eyJyZXNpemUiOnt9fX0=/images/product_images/zoom_zoom_1_Product_158833_20Stila_20Convertible_20Color_20Two_20in_20One_20Lipstick_20and_20Bl_cb12f01bcf2c320890a009d60797479a209b12e6_1602589059.png
Lancôme,Hypnose Doll Lashes Waterproof,Rp 810.000,(109),,https://image-optimizer-id.production.sephora-asia.net/eyJlZGl0cyI6eyJyZXNpemUiOnt9fX0=/images/product_images/zoom_9460_Lancome_WEB_50760271f57c0ab5e4669268b8a9850fb1f778ae_1602589075.png
GIVENCHY,Rose Perfecto Liquid Lip Balm,Rp 670.000,(1008),8 shades,https://image-optimizer-id.production.sephora-asia.net/eyJlZGl0cyI6eyJyZXNpemUiOnt9fX0=/images/product_images/zoom_1_Product_3274872476677-GIVENCHY-Rose-Perfecto-Liquid-Lip-Ba_1ded3ce8a31e038689e2823ab1f5a580defae49e_1728380286.png
MAC Cosmetics,Colour Excess Gel Pencil,Rp 475.000,(56),10 shades,https://image-optimizer-id.production.sephora-asia.net/eyJlZGl0cyI6eyJyZXNpemUiOnt9fX0=/images/product_images/zoom_1_Product_773602594467-MAC-Cosmetics-Colour-Excess-Gel-Pencil-Nudge-Nudge-Ink-Ink_d8315e844e8f01dc5bd11b86166d15a490ff43b9_1667812865.png
NUXE,Very Rose Lip Balm,Rp 345.000,(26),,https://image-optimizer-id.production.sephora-asia.net/eyJlZGl0cyI6eyJyZXNpemUiOnt9fX0=/images/product_images/zoom_1_356a192b7913b04c54574d18c28d46e6395428ab_1658825814.png
DIOR,Diorshow On Set Brow,Rp 550.000,(52),3 shades,https://image-optimizer-id.production.sephora-asia.net/eyJlZGl0cyI6eyJyZXNpemUiOnt9fX0=/images/product_images/zoom_1_Product_3348901596145-Dior-Diorshow-On-Set-Brow-03-Brown_1899bbf6dd526fbddedf93502697cbe85ca95ea5_1658462323.png
MAC Cosmetics,Pro Longwear Fluidline Eyeliner And Brow Gel,Rp 475.000,(20),,https://image-optimizer-id.production.sephora-asia.net/eyJlZGl0cyI6eyJyZXNpemUiOnt9fX0=/images/product_images/zoom_1_Product_773602625833-Mac-Pro-Longwear-Fluidline-Eyeliner-And-Brow-Gel-Blacktrack-Soft-Fl_a2b537c28838817039267df4a40116afae1ef162_1671175387.png
Stila,Stay All Day® ArtiStix Graphic Liner,Rp 480.000,(37),3 shades,https://image-optimizer-id.production.sephora-asia.net/eyJlZGl0cyI6eyJyZXNpemUiOnt9fX0=/images/product_images/zoom_1_Product_94800361539-Stila-Stay-All-Day-Artistix-Graphic-Liner-Jitterbug_bcff8466f9dfdae4fc84347e3a649c7796f68f88_1671594444.png
MAC Cosmetics,Mini Strobe Cream Pinklite,Rp 250.000,(9),,https://image-optimizer-id.production.sephora-asia.net/eyJlZGl0cyI6eyJyZXNpemUiOnt9fX0=/images/product_images/zoom_2_da4b9237bacccdf19c0760cab7aec4a8359010b0_1672223172.png
DIOR,Cleansing Milk,Rp 850.000,(27),,https://image-optimizer-id.production.sephora-asia.net/eyJlZGl0cyI6eyJyZXNpemUiOnt9fX0=/images/product_images/zoom_1_Product_3348901600415-Dior-Cleansing-Milk-200ml_363c44adc5351dfb6c6be008bdab45da9f1f2bde_1654571846.png
Clinique,Cheek Pop Blush,Rp 500.000,(1213),6 shades,https://image-optimizer-id.production.sephora-asia.net/eyJlZGl0cyI6eyJyZXNpemUiOnt9fX0=/images/product_images/zoom_1_356a192b7913b04c54574d18c28d46e6395428ab_1749720381.png
Benefit Cosmetics,Fluff Up Brow Wax,Rp 475.000,(1893),2 sizes,https://image-optimizer-id.production.sephora-asia.net/eyJlZGl0cyI6eyJyZXNpemUiOnt9fX0=/images/product_images/zoom_1000x1000_6__d3a3dec1d8cde525676b87958283e33d3e3d4f1a_1673601494.png
Benefit Cosmetics,24-hr Brow Setter Brow Gel,Rp 475.000,(47),,https://image-optimizer-id.production.sephora-asia.net/eyJlZGl0cyI6eyJyZXNpemUiOnt9fX0=/images/product_images/zoom_24-hr-brow-setter_fdbd0e2c6806ac70959ce0674261c2dcb64e6c93_1602589220.png
Nudestix,Intense Matte Lip & Cheek Pencil,Rp 550.000,(150),13 shades,https://image-optimizer-id.production.sephora-asia.net/eyJlZGl0cyI6eyJyZXNpemUiOnt9fX0=/images/product_images/zoom_1_Product_839174010566-Nudestix-Intense-Matte-Lip-Cheek-Pencil-SWEET-CHEEKS-Update_a2b53c7b4f14a1c7e6c0b9733bd3e8025a4ebcea_1684740138.png
ESQA,Highlighter,Rp 105.000,(11),2 shades,https://image-optimizer-id.production.sephora-asia.net/eyJlZGl0cyI6eyJyZXNpemUiOnt9fX0=/images/product_images/zoom_budapest1_70534ccf61dacb5d3b821031ebd3416fa4b8573b_1602589576.png
Anastasia Beverly Hills,Brow Definer,Rp 485.000,(4648),10 shades,https://image-optimizer-id.production.sephora-asia.net/eyJlZGl0cyI6eyJyZXNpemUiOnt9fX0=/images/product_images/zoom_blonde_20a_b7e1a8c405dc38cba5c35216e7d4f3ad3fda922d_1602589754.png
Benefit Cosmetics,Lovetint Cheek & Lip Tint,Rp 435.000,(356),,https://image-optimizer-id.production.sephora-asia.net/eyJlZGl0cyI6eyJyZXNpemUiOnt9fX0=/images/product_images/zoom_1_Product_602004111807-Benefit-Lovetint-Cheek-Lip-Stain-6ml_f3f339952919652901f66d21e49702c7de7149fa_1603961766.png
Anastasia Beverly Hills,Mini Eye Primer,Rp 334.000,(700),,https://image-optimizer-id.production.sephora-asia.net/eyJlZGl0cyI6eyJyZXNpemUiOnt9fX0=/images/product_images/zoom_mini_20eye_20primer_4cb97624e640db133025b7be7ff53a6c961384ac_1602591639.png
MAKE UP FOR EVER,Aqua Resist Color Pencil Eyeliner,Rp 450.000,(1339),10 shades,https://image-optimizer-id.production.sephora-asia.net/eyJlZGl0cyI6eyJyZXNpemUiOnt9fX0=/images/product_images/zoom_01_20Graphite_20-_202_7295462640cb2344272fec8de7e5f5cc4546388e_1602591708.png
Anastasia Beverly Hills,Lash Brag Mascara - Jet Black,Rp 276.000,(1076),2 sizes,https://image-optimizer-id.production.sephora-asia.net/eyJlZGl0cyI6eyJyZXNpemUiOnt9fX0=/images/product_images/zoom_1_Product_689304192033-Anastasia-Beverly-Hills-Lash-Brag-Mascara---Jet-Black-5ml_5ca8bcfe30e02042d774736e360728b1136719b6_1603771263.png
Shiseido,Synchro Skin Invisible Silk Loose Powder,Rp 650.000,(426),2 types,https://image-optimizer-id.production.sephora-asia.net/eyJlZGl0cyI6eyJyZXNpemUiOnt9fX0=/images/product_images/zoom_1_Product_729238157972-Shiseido-Synchro-Skin-Invisible-Silk-Loose-Powder-01-Radiant_56dc68eb16bf9817c24e91078dc5f2188c0ecc68_1614246119.png
MAC Cosmetics,Powder Blush,Rp 490.000,(61),4 shades,https://image-optimizer-id.production.sephora-asia.net/eyJlZGl0cyI6eyJyZXNpemUiOnt9fX0=/images/product_images/zoom_1_Product_773602000722-MAC-Powder-Blush-Fleur-Powder_796761d7694ae435cff30bc6dc333a7ae7357acb_1617256586.png
Bobbi Brown,Creamy Corrector,Rp 590.000,(1578),2 shades,https://image-optimizer-id.production.sephora-asia.net/eyJlZGl0cyI6eyJyZXNpemUiOnt9fX0=/images/product_images/zoom_1_Product_201284_2520Bobbi_2520Brown_2520Creamy_2520Corrector_2520Peach_609b96a9485b7175f62531c54a9b3e9d1055c0df_1617902653.png
MAC Cosmetics,Studio Fix Fluid SPF 15 (15ml),Rp 380.000,(4),8 shades,https://image-optimizer-id.production.sephora-asia.net/eyJlZGl0cyI6eyJyZXNpemUiOnt9fX0=/images/product_images/zoom_IMAGE01_773602643820_StudioFixFluidKaizen_SPF15Mini_NC25_f7442370ad1a0024ba9645427cad0e03a3d8cd7d_1718352897.png
Natasha Denona,Glam Palette,Rp 1.399.000,(346),,https://image-optimizer-id.production.sephora-asia.net/eyJlZGl0cyI6eyJyZXNpemUiOnt9fX0=/images/product_images/zoom_1_Product_7290113702004-Natasha-Denona-Glam-Palette-Default_b4a4a911c5d1cebf7a1edfa9d171dcc23f4a2c73_1650968617.png
GIVENCHY,Prisme Libre Blush,Rp 845.000,(707),4 shades,https://image-optimizer-id.production.sephora-asia.net/eyJlZGl0cyI6eyJyZXNpemUiOnt9fX0=/images/product_images/zoom_1_Product_3274872416994-Givenchy-Prisme-Libre-Blush-No--02-Taffetas-Rose_ecd943a8c41ee18502c5d96c7adf1784c585d25c_1629307420.png
MAC Cosmetics,Connect In Colour Eye Shadow Palette,Rp 750.000,(25),3 shades,https://image-optimizer-id.production.sephora-asia.net/eyJlZGl0cyI6eyJyZXNpemUiOnt9fX0=/images/product_images/zoom_1_356a192b7913b04c54574d18c28d46e6395428ab_1686799261.png
Dear Dahlia,Satin Glow Lip Stain,Rp 492.000,(18),3 shades,https://image-optimizer-id.production.sephora-asia.net/eyJlZGl0cyI6eyJyZXNpemUiOnt9fX0=/images/product_images/zoom_1_Product_8809546847719-Dear-Dahlia-Satin-Glow-Lip-Stain-Serenity-c9695b_70bbb3f3a229576b1a60262129b66520d3729fdd_1688123641.png
DIOR,Forever Cushion Matte Refill,Rp 900.000,(79),6 shades,https://image-optimizer-id.production.sephora-asia.net/eyJlZGl0cyI6eyJyZXNpemUiOnt9fX0=/images/product_images/zoom_1N_658fbfd3bcffd37d5c2a6ba969f4cf76baf10f72_1692677525.png
MAC Cosmetics,Studio Radiance Serum-Powered Foundation,Rp 765.000,(134),9 shades,https://image-optimizer-id.production.sephora-asia.net/eyJlZGl0cyI6eyJyZXNpemUiOnt9fX0=/images/product_images/zoom_1_Product_773602657056-MAC-Cosmetics-Studio-Radiance-Serum-P_857f731dc7c0714b16a69a9b1dbfab1c517c744d_1731487430.png
Huda Beauty,Matte Obsessions Eyeshadow Palette,Rp 685.000,(490),2 types,https://image-optimizer-id.production.sephora-asia.net/eyJlZGl0cyI6eyJyZXNpemUiOnt9fX0=/images/product_images/zoom_1_Product_6294018400868-Huda-Beauty-Matte-Obsessions-Eyeshadow-Palette-Cool_3b633a8dca8087923053bbee69a568d37248f49d_1678849298.png
Benefit Cosmetics,Goof Proof Brow Powder,Rp 405.000,(222),7 shades,https://image-optimizer-id.production.sephora-asia.net/eyJlZGl0cyI6eyJyZXNpemUiOnt9fX0=/images/product_images/zoom_32_cb4e5208b4cd87268b208e49452ed6e89a68e0b8_1683023094.png
Sulwhasoo,Perfecting Cushion,Rp 1.100.000,(12),9 shades,https://image-optimizer-id.production.sephora-asia.net/eyJlZGl0cyI6eyJyZXNpemUiOnt9fX0=/images/product_images/zoom_maple_a587dd9cd6fcb0ed05812e07d0c452c0b18e20c1_1738649882.png
Anastasia Beverly Hills,Modern Renaissance Mini Eyeshadow Palette,Rp 635.000,(94),,https://image-optimizer-id.production.sephora-asia.net/eyJlZGl0cyI6eyJyZXNpemUiOnt9fX0=/images/product_images/zoom_689304191968_MiniModernRen_03_adb2391f1fa7720d676554181358ebd8935ee371_1695959935.png
Stila,Stay All Day® Waterproof Liquid Eye Liner - Micro Tip (Limited Edition),Rp 480.000,(4),5 shades,https://image-optimizer-id.production.sephora-asia.net/eyJlZGl0cyI6eyJyZXNpemUiOnt9fX0=/images/product_images/zoom_1_Product_94800363298-Stila-Stay-All-Day-Waterproof-Liquid-Eye-Liner-Micro-Tip-Limited-Edi_7b63c4cd71d1bbb6ee95754cdefe8bdc960e8d11_1700728425.png
Sephora Collection,Cuticle Care,Rp 181.000,(97),,https://image-optimizer-id.production.sephora-asia.net/eyJlZGl0cyI6eyJyZXNpemUiOnt9fX0=/images/product_images/zoom_1_Product_3378872213437-Sephora-Collection-Cuticle-Care-10ml_3f4814c042ad1d3ae8e3043070d4081a6e59f90d_1709863967.png
Sephora Collection,NEW Gentle Nail Polish Remover,Rp 256.000,(38),,https://image-optimizer-id.production.sephora-asia.net/eyJlZGl0cyI6eyJyZXNpemUiOnt9fX0=/images/product_images/zoom_1_Product_3378872213826-Sephora-Collection-Gentle-Nail-Polis_75d830e6803e7c21a2644608be2be6eea2e326cf_1709869086.png
NARS,Powermatte High-Intensity Lip Pencil,Rp 505.000,(350),13 shades,https://image-optimizer-id.production.sephora-asia.net/eyJlZGl0cyI6eyJyZXNpemUiOnt9fX0=/images/product_images/zoom_194251143354_1_e41fa5a4738cf04536e9084e25ed661ba8a74b6d_1722226869.png
Anastasia Beverly Hills,Brow Definer Mini,Rp 270.000,(93),12 shades,https://image-optimizer-id.production.sephora-asia.net/eyJlZGl0cyI6eyJyZXNpemUiOnt9fX0=/images/product_images/zoom_689304044233_DeluxeBrowDefiner_Taupe_1_f3ea6f2a2e3d9c40e524e3927b95de0503f557f9_1705646809.png
MAKE UP FOR EVER,HD Skin Cushion Foundation,Rp 795.000,(27),5 shades,https://image-optimizer-id.production.sephora-asia.net/eyJlZGl0cyI6eyJyZXNpemUiOnt9fX0=/images/product_images/zoom_1_Product_3548752207324-Make-Up-For-Ever-HD-Skin-Cushion-Foundation-1N00-fdead9_78fe24e7281308abbb269d6a2ff8250dcf46c682_1705999596.png
ESQA,Flawless Liquid Corrector NEW,Rp 129.000,(3),2 shades,https://image-optimizer-id.production.sephora-asia.net/eyJlZGl0cyI6eyJyZXNpemUiOnt9fX0=/images/product_images/zoom_Peach_9d572da1024594cb0ffa3ca7f0e020f962f27a26_1713946232.png
Sephora Collection,Original Love The Lift Waterproof Mascara,Rp 300.000,(158),,https://image-optimizer-id.production.sephora-asia.net/eyJlZGl0cyI6eyJyZXNpemUiOnt9fX0=/images/product_images/zoom_1_Product_3378872213536-Sephora-Collection-Love-The-Lift-Wat_53baa9ba7b60d958fe04a9b3e6e6499915b2f60c_1716867853.png
Shiseido,Revital Essence Skin Glow Primer,Rp 760.000,(1),,https://image-optimizer-id.production.sephora-asia.net/eyJlZGl0cyI6eyJyZXNpemUiOnt9fX0=/images/product_images/zoom_21282_S_SMU_RevitalEssence_Primer_Product_US_CMYK_24SS_39b56ddac8a6ec2ed9fed025e5bad386ee18db3c_1719375072.png
Natasha Denona,HY-Glam Powder Foundation,Rp 1.080.000,(53),15 shades,https://image-optimizer-id.production.sephora-asia.net/eyJlZGl0cyI6eyJyZXNpemUiOnt9fX0=/images/product_images/zoom_1_Product_7290113705883-Natasha-Denona-HY-Glam-Powder-Founda_170bec098a104f8239f164dca204b87f82e33852_1729062142.png
MAC Cosmetics,Pro Brow Definer 1MM Tip Brow Pencil,Rp 475.000,(17),7 shades,https://image-optimizer-id.production.sephora-asia.net/eyJlZGl0cyI6eyJyZXNpemUiOnt9fX0=/images/product_images/zoom_IMAGE01_773602693993_ProBrowDefiner_1MM-TipBrowPencil_Spiked_296fe91fd317dd586b6466ee80c2f418da2d25b6_1718357696.png
Estée Lauder,Double Wear Flawless Hydrating Primer SPF50 / PA+++,Rp 590.000,(7),,https://image-optimizer-id.production.sephora-asia.net/eyJlZGl0cyI6eyJyZXNpemUiOnt9fX0=/images/product_images/zoom_Double_Wear_Flawless_Hydrating_Primer_SPF50_PA__46798dfdcf259b4163d4cb3a865bbad304459b58_1715335931.png
Sephora Collection,About That Shine Sheer Shine Lipstick,Rp 310.000,(636),20 shades,https://image-optimizer-id.production.sephora-asia.net/eyJlZGl0cyI6eyJyZXNpemUiOnt9fX0=/images/product_images/zoom_1_Product_3378872217237-Sephora-Collection-About-That-Shine-_24d7d4defac6ac3f16ae6022e8cd0d46748c54ac_1722412864.png
DIOR,Eye and Lip Makeup Remover Bi-Phase Makeup Remover with Purifying Nymphéa Extract,Rp 750.000,(5),,https://image-optimizer-id.production.sephora-asia.net/eyJlZGl0cyI6eyJyZXNpemUiOnt9fX0=/images/product_images/zoom_1_Product_3348901600439-Dior-Eye-and-Lip-Makeup-Remover-125m_496e087548b9e77bf9bd69ab8fe869e9d0793e4a_1722218691.png
Sephora Collection,12HR Mattifying Finishing Powder,Rp 414.000,(110),9 shades,https://image-optimizer-id.production.sephora-asia.net/eyJlZGl0cyI6eyJyZXNpemUiOnt9fX0=/images/product_images/zoom_1_Product_3378872213314-Sephora-Collection-12HR-Mattifying-F_53a3472f62f9d2e6bcc7dea37cff923f34cc54a0_1722333634.png
MAC Cosmetics,Studio Fix Longwear Cushion Foundation SPF 50/PA+++ Prefill,Rp 750.000,(23),5 shades,https://image-optimizer-id.production.sephora-asia.net/eyJlZGl0cyI6eyJyZXNpemUiOnt9fX0=/images/product_images/zoom_1_Product_773602682447-MAC-Cosmetics-Studio-Fix-Cushion-Comp_d8d2aa4bca55e58fb625c08829054f26bccef7b3_1727682194.png
Estée Lauder,Double Wear Soft Glow Matte Cushion Makeup SPF 45/PA+++ & Refill,Rp 1.070.000,(40),5 shades,https://image-optimizer-id.production.sephora-asia.net/eyJlZGl0cyI6eyJyZXNpemUiOnt9fX0=/images/product_images/zoom_Cleansing_Oil_Black_Oil_14__41ff9c9c0cfb7cf28c571b27c246677699a04398_1721270984.png
MAC Cosmetics,Fix+ Magic Radiance,Rp 670.000,(13),,https://image-optimizer-id.production.sephora-asia.net/eyJlZGl0cyI6eyJyZXNpemUiOnt9fX0=/images/product_images/zoom_IMAGE01_773602710683_FixPlusOverhaul_MagicRadiance100ml_5e2cd58699b3509025741841701558f00f083252_1721287034.png
Yves Saint Laurent,Top Secrets Instant Moisture Glow Primer,Rp 1.375.000,(71),,https://image-optimizer-id.production.sephora-asia.net/eyJlZGl0cyI6eyJyZXNpemUiOnt9fX0=/images/product_images/zoom_ysl_dmi_skfc_tps_instant-moisture-glow_packshot_front_40ml_3_96b80871da33226dbe92d8af21390f6027de789d_1724647700.png
NARS,Light Reflecting Prismatic Powder - Loose,Rp 695.000,(8),,https://image-optimizer-id.production.sephora-asia.net/eyJlZGl0cyI6eyJyZXNpemUiOnt9fX0=/images/product_images/zoom_1_Product_194251142876-NARS-Light-Reflecting-Prismatic-Loose_3d598c50c7b9b1b5a0862d04b7183c642b391302_1727063736.png
NARS,Light Reflecting Prismatic Powder - Pressed,Rp 695.000,(35),,https://image-optimizer-id.production.sephora-asia.net/eyJlZGl0cyI6eyJyZXNpemUiOnt9fX0=/images/product_images/zoom_1_Product_194251144962-NARS-Light-Reflecting-Prismatic-Press_8db9dbcbb8c054b07bdcdf032c2d6aecbe0394a9_1727063313.png
GIVENCHY,Le Rouge Interdit Satin Lipstick,Rp 760.000,(446),9 shades,https://image-optimizer-id.production.sephora-asia.net/eyJlZGl0cyI6eyJyZXNpemUiOnt9fX0=/images/product_images/zoom_1_Product_3274872477308-GIVENCHY-Le-Rouge-Interdit-Satin-Lip_7d380dfd4e7ebc7b0742b3ccca98f3060c090d5f_1733985619.png
Natasha Denona,Roxa Palette,Rp 1.399.000,(302),,https://image-optimizer-id.production.sephora-asia.net/eyJlZGl0cyI6eyJyZXNpemUiOnt9fX0=/images/product_images/zoom_1_Product_7290113707610-Natasha-Denona-Roxa-Palette-Default_97997adc0f95a558521e30d9fcfdc47e60fb788d_1735617813.png
Kylie Cosmetics,Setting Spray Matte Finish,Rp 590.000,(5),,https://image-optimizer-id.production.sephora-asia.net/eyJlZGl0cyI6eyJyZXNpemUiOnt9fX0=/images/product_images/zoom_1_Product_4064941031710-kylie-cosmetic-Setting-Spray-Matte-F_c3dcfaf8679d7a42c5205205da8136e083887f34_1732504830.png
NARS,Pure Luxury Light Reflecting™ Cheek & Eye Palette II (Holiday Limited Edition),Rp 965.000,(5),,https://image-optimizer-id.production.sephora-asia.net/eyJlZGl0cyI6eyJyZXNpemUiOnt9fX0=/images/product_images/zoom_1_Product_194251147246-NARS-Pure-Luxury-Light-Reflecting-Che_a39b10c08e33d599c0b88396d1692bac6c71528f_1730624354.png
MAKE UP FOR EVER,HD Skin Pressed Powder,Rp 700.000,(199),6 shades,https://image-optimizer-id.production.sephora-asia.net/eyJlZGl0cyI6eyJyZXNpemUiOnt9fX0=/images/product_images/zoom_1_Product_3548752216296-Make-Up-For-Ever-HD-Skin-Pressed-Pow_531b193c1fa346b79117d8c6f3c97c85b88e1767_1747106500.png
Bobbi Brown,Pot Rouge Velvet Matte Blush,Rp 590.000,(54),6 shades,https://image-optimizer-id.production.sephora-asia.net/eyJlZGl0cyI6eyJyZXNpemUiOnt9fX0=/images/product_images/zoom_1_Product_716170335643-Bobbi-Brown-Pot-Rouge-Velvet-Matte-Bl_d32c4956f440fdee0ec771fe6688b48680ba99f4_1748408023.png
Shu Uemura,Unlimited Tsuya FDT + CO Ultime8,Rp 1.640.000,,2 shades,https://image-optimizer-id.production.sephora-asia.net/eyJlZGl0cyI6eyJyZXNpemUiOnt9fX0=/images/product_images/zoom_Sephora_PDP_-_June_-_Bundle5_d5f8af81a1935a3d2caf0586881a9b5d1fb62cee_1750920224.png
Sephora Collection,Colorful Eyeshadow Mono Shimmer,Rp 233.000,(27),6 shades,https://image-optimizer-id.production.sephora-asia.net/eyJlZGl0cyI6eyJyZXNpemUiOnt9fX0=/images/product_images/zoom_1_Product_3378872239949-Sephora-collection-Colorful-Eyeshado_d51f4ad4ff863063117b0a36f6eec7fa715eff15_1741255676.png
MAKE UP FOR EVER,Super Boost Lip Gloss,Rp 420.000,(499),11 shades,https://image-optimizer-id.production.sephora-asia.net/eyJlZGl0cyI6eyJyZXNpemUiOnt9fX0=/images/product_images/zoom_1_Product_3548752215961-Make-Up-For-Ever-Super-Boost-Lip-Glo_357b9d52ba9b84dc0f7037d682a68c335b610967_1740034952.png
Benefit Cosmetics,BADgal Bounce Voluminizing Mascara,Rp 290.000,(3302),2 sizes,https://image-optimizer-id.production.sephora-asia.net/eyJlZGl0cyI6eyJyZXNpemUiOnt9fX0=/images/product_images/zoom_1_Product_602004155993-Benefit-Cosmetics-BADgal-Bounce-Masca_e1b97562190ccd4f9fe40bf1a00b6feadad750cc_1740451101.png
GIVENCHY,Rose Perfecto Shine Serum Lipstick,Rp 700.000,(303),9 shades,https://image-optimizer-id.production.sephora-asia.net/eyJlZGl0cyI6eyJyZXNpemUiOnt9fX0=/images/product_images/zoom_1_Product_3274872463509-GIVENCHY-Rose-Perfecto-Shine-Serum-L_c98a3d5b32b81bebf31ab002f35153c4d265d323_1751353642.png
Armani Beauty,Power Fabric Setting Powder,Rp 1.285.000,,2 shades,https://image-optimizer-id.production.sephora-asia.net/eyJlZGl0cyI6eyJyZXNpemUiOnt9fX0=/images/product_images/zoom_GA_2023_Power-Fabric_-Powder_0_3614273517805_RVB-4000_4289b72c12593296675510e819b54fcac62e69a9_1745909156.png
Yves Saint Laurent,Loveshine Candy Duo Giftset,"Rp 1.580.000
   Rp 1.264.000 
    20% OFF",(11),,https://image-optimizer-id.production.sephora-asia.net/eyJlZGl0cyI6eyJyZXNpemUiOnt9fX0=/images/product_images/zoom_1_356a192b7913b04c54574d18c28d46e6395428ab_1746413483.png
Armani Beauty,Luminous Silk Acqua Highlighter,Rp 950.000,(197),2 shades,https://image-optimizer-id.production.sephora-asia.net/eyJlZGl0cyI6eyJyZXNpemUiOnt9fX0=/images/product_images/zoom_01_GA_2024_LS-Acqua-Highlighter_2_ClosedOpen_3614274168990_R_a7c4fc0d02ab05b4cb74db75a1e129889016ce37_1746523939.png
Benefit Cosmetics,Benetint Dark Cherry Lip & Cheek Tint,Rp 435.000,(3703),,https://image-optimizer-id.production.sephora-asia.net/eyJlZGl0cyI6eyJyZXNpemUiOnt9fX0=/images/product_images/zoom_1_Product_602004162984-Benefit-Cosmetics-Benetint-Rich-Berry_64d28d48f71cae12dcc06e038c0b4053872fa142_1746761523.png
Benefit Cosmetics,Benetint Raspberry Lip & Cheek Tint,Rp 435.000,(577),,https://image-optimizer-id.production.sephora-asia.net/eyJlZGl0cyI6eyJyZXNpemUiOnt9fX0=/images/product_images/zoom_1_Product_602004163011-Benefit-Cosmetics-Benetint-Raspberry-_257ab60ddac8e1f7ba43ef1a7c11de3bd011737b_1746772341.png
Sephora Collection,Gentle Jelly Cleanser,Rp 285.000,(99),,https://image-optimizer-id.production.sephora-asia.net/eyJlZGl0cyI6eyJyZXNpemUiOnt9fX0=/images/product_images/zoom_1_Product_3378872251736-Sephora-Collection-Gentle-Jelly-Clea_24221cbcd5428dec04de0ca94c21d58e41e52c73_1751438272.png
Tom Ford Beauty,Architecture Soft Matte Blurring Powder,Rp 1.750.000,(1),3 shades,https://image-optimizer-id.production.sephora-asia.net/eyJlZGl0cyI6eyJyZXNpemUiOnt9fX0=/images/product_images/zoom_1_Product_888066149334-Tom-Ford-Beauty-Architecture-Soft-Mat_b3c12eb7d3f0d8921c2f92a949a52be0bd1b2ff6_1757298878.png
Tom Ford Beauty,Lip Color Matte Lipstick,Rp 975.000,(864),7 shades,https://image-optimizer-id.production.sephora-asia.net/eyJlZGl0cyI6eyJyZXNpemUiOnt9fX0=/images/product_images/zoom_1_Product_888066106719-Tom-Ford-Lip-Color-Matte-Steel-Magnol_f1e82b4c48b2ca3ac2abdc6eaa89c03a9f19d64c_1757303989.png
Tom Ford Beauty,Shade And Illuminate Contour Duo,Rp 1.690.000,(376),2 shades,https://image-optimizer-id.production.sephora-asia.net/eyJlZGl0cyI6eyJyZXNpemUiOnt9fX0=/images/product_images/zoom_1_Product_888066144131-TOM-FORD-BEAUTY-Shade-And-Illuminate-_88aeff8e7b4c40b62be9ae6a88c59b7a8c267509_1757501862.png
Sephora Collection,Colorful Blush Glaze,Rp 300.000,(71),5 shades,https://image-optimizer-id.production.sephora-asia.net/eyJlZGl0cyI6eyJyZXNpemUiOnt9fX0=/images/product_images/zoom_1_Product_3378872258148-Sephora-Collection-Colorful-Blush-Gl_c89bf11e3e8fc9153d8724d9294222aef2979077_1752226922.png
MAKE UP FOR EVER,Super Boost Lip Gloss,Rp 420.000,(499),11 shades,https://image-optimizer-id.production.sephora-asia.net/eyJlZGl0cyI6eyJyZXNpemUiOnt9fX0=/images/product_images/zoom_1_Product_3548752215961-Make-Up-For-Ever-Super-Boost-Lip-Glo_357b9d52ba9b84dc0f7037d682a68c335b610967_1740034952.png
Benefit Cosmetics,BADgal Bounce Voluminizing Mascara,Rp 290.000,(3302),2 sizes,https://image-optimizer-id.production.sephora-asia.net/eyJlZGl0cyI6eyJyZXNpemUiOnt9fX0=/images/product_images/zoom_1_Product_602004155993-Benefit-Cosmetics-BADgal-Bounce-Masca_e1b97562190ccd4f9fe40bf1a00b6feadad750cc_1740451101.png
Sephora Collection,Colorful Face Palette,Rp 582.000,(228),3 shades,https://image-optimizer-id.production.sephora-asia.net/eyJlZGl0cyI6eyJyZXNpemUiOnt9fX0=/images/product_images/zoom_1_Product_3378872237037-Sephora-collection-Colorful-Face-Pal_900b99c61be923ac39d016ac8d281c224346e865_1741231687.png
Sephora Collection,Colorful Eyeshadow Mono Shimmer,Rp 233.000,(27),6 shades,https://image-optimizer-id.production.sephora-asia.net/eyJlZGl0cyI6eyJyZXNpemUiOnt9fX0=/images/product_images/zoom_1_Product_3378872239949-Sephora-collection-Colorful-Eyeshado_d51f4ad4ff863063117b0a36f6eec7fa715eff15_1741255676.png
Yves Saint Laurent,Loveshine Candy Duo Giftset,"Rp 1.580.000
   Rp 1.264.000 
    20% OFF",(11),,https://image-optimizer-id.production.sephora-asia.net/eyJlZGl0cyI6eyJyZXNpemUiOnt9fX0=/images/product_images/zoom_1_356a192b7913b04c54574d18c28d46e6395428ab_1746413483.png
Armani Beauty,Luminous Silk Acqua Highlighter,Rp 950.000,(197),2 shades,https://image-optimizer-id.production.sephora-asia.net/eyJlZGl0cyI6eyJyZXNpemUiOnt9fX0=/images/product_images/zoom_01_GA_2024_LS-Acqua-Highlighter_2_ClosedOpen_3614274168990_R_a7c4fc0d02ab05b4cb74db75a1e129889016ce37_1746523939.png
Benefit Cosmetics,Benetint Dark Cherry Lip & Cheek Tint,Rp 435.000,(3703),,https://image-optimizer-id.production.sephora-asia.net/eyJlZGl0cyI6eyJyZXNpemUiOnt9fX0=/images/product_images/zoom_1_Product_602004162984-Benefit-Cosmetics-Benetint-Rich-Berry_64d28d48f71cae12dcc06e038c0b4053872fa142_1746761523.png
Benefit Cosmetics,Benetint Raspberry Lip & Cheek Tint,Rp 435.000,(577),,https://image-optimizer-id.production.sephora-asia.net/eyJlZGl0cyI6eyJyZXNpemUiOnt9fX0=/images/product_images/zoom_1_Product_602004163011-Benefit-Cosmetics-Benetint-Raspberry-_257ab60ddac8e1f7ba43ef1a7c11de3bd011737b_1746772341.png
Natasha Denona,Hy-Blush Cloudy Cream Cheek Duo,Rp 775.000,(760),6 shades,https://image-optimizer-id.production.sephora-asia.net/eyJlZGl0cyI6eyJyZXNpemUiOnt9fX0=/images/product_images/zoom_1_Product_7290113705753-Natasha-Denona-Hy-Blush-Cloudy-Cream_0e2ce7abac7e22c065963ad8cc0b7007574044ef_1754984993.png
MAKE UP FOR EVER,HD Skin Pressed Powder,Rp 700.000,(199),6 shades,https://image-optimizer-id.production.sephora-asia.net/eyJlZGl0cyI6eyJyZXNpemUiOnt9fX0=/images/product_images/zoom_1_Product_3548752216296-Make-Up-For-Ever-HD-Skin-Pressed-Pow_531b193c1fa346b79117d8c6f3c97c85b88e1767_1747106500.png
Shu Uemura,Unlimited Tsuya FDT + CO Ultime8,Rp 1.640.000,,2 shades,https://image-optimizer-id.production.sephora-asia.net/eyJlZGl0cyI6eyJyZXNpemUiOnt9fX0=/images/product_images/zoom_Sephora_PDP_-_June_-_Bundle5_d5f8af81a1935a3d2caf0586881a9b5d1fb62cee_1750920224.png
Armani Beauty,Luminous Silk Glow Blush,Rp 1.000.000,(202),5 shades,https://image-optimizer-id.production.sephora-asia.net/eyJlZGl0cyI6eyJyZXNpemUiOnt9fX0=/images/product_images/zoom_01_GA_2023_Luminous-Silk_Glow-Blush_11_Open_3614273954280_RV_336975b8257d4a212d8d3a97a3e3ef9150c9bb6c_1745477535.png
Armani Beauty,Power Fabric Setting Powder,Rp 1.285.000,,2 shades,https://image-optimizer-id.production.sephora-asia.net/eyJlZGl0cyI6eyJyZXNpemUiOnt9fX0=/images/product_images/zoom_GA_2023_Power-Fabric_-Powder_0_3614273517805_RVB-4000_4289b72c12593296675510e819b54fcac62e69a9_1745909156.png
Laura Mercier,Tinted Moisturizer Natural Dewy SPF 30,Rp 950.000,(14),8 shades,https://image-optimizer-id.production.sephora-asia.net/eyJlZGl0cyI6eyJyZXNpemUiOnt9fX0=/images/product_images/zoom_LM_1Q25_TMND_FULL_INTL_1w_BLONDE_R150_3000x3000_0c9370d8311a0c00f6bb47b2fa5e7a44d22da8c0_1748230947.png
Kylie Cosmetics,Tinted Butter Balm,Rp 465.000,(55),6 shades,https://image-optimizer-id.production.sephora-asia.net/eyJlZGl0cyI6eyJyZXNpemUiOnt9fX0=/images/product_images/zoom_1_Product_4064941088806-KYLIE-COSMETICS-Tinted-Butter-Balm-2_72f135a2addcdcda6128b985fbe62191b3a669fa_1732507354.png
Huda Beauty,Creamy Obsessions Eyeshadow Palette,Rp 685.000,(384),2 types,https://image-optimizer-id.production.sephora-asia.net/eyJlZGl0cyI6eyJyZXNpemUiOnt9fX0=/images/product_images/zoom_6294018404583_01_66e93db0304ed07841a22ef1cc49886929976743_1710484791.png
Laura Mercier,Pure Canvas Blurring Primer,Rp 450.000,(105),2 sizes,https://image-optimizer-id.production.sephora-asia.net/eyJlZGl0cyI6eyJyZXNpemUiOnt9fX0=/images/product_images/zoom_zoom_1_Product_194250067521-LAURA-MERCIER-Pure-Canvas-Primer_8d76de146dfc0f0280921637c23c2375afcc94da_1758784987.png
Sephora Collection,Best Skin Ever High Coverage Concealer,Rp 362.000,(60),,https://image-optimizer-id.production.sephora-asia.net/eyJlZGl0cyI6eyJyZXNpemUiOnt9fX0=/images/product_images/zoom_1_Product_3378872252672-Sephora-Collection-Best-Skin-Ever-Hi_e89fea685eb0759b3ec303f4c96aeb1c94995eb8_1759721170.png
Shiseido,UV Protective Compact Foundation SPF 35 PA+++ Refill,Rp 635.000,(1),6 shades,https://image-optimizer-id.production.sephora-asia.net/eyJlZGl0cyI6eyJyZXNpemUiOnt9fX0=/images/product_images/zoom_1_Product_730852212893-Shiseido-UV-Protecat-Compact-Foundati_77aa7a8a146f566be7f8ac219a6c0316d890ef94_1758860175.png
Dr. Dennis Gross,All-Physical Lightweight Wrinkle Defense SPF 30 PA++++,Rp 850.000,(28),,https://image-optimizer-id.production.sephora-asia.net/eyJlZGl0cyI6eyJyZXNpemUiOnt9fX0=/images/product_images/zoom_1_Product_695866564881-Dr-Dennis-Gross-All-Physical-Lightwei_b4dbbfd847b111ca12d470a07725c4f6ee024b38_1758871905.png
Benefit Cosmetics,Ring Around A Brow,Rp 630.000,,4 shades,https://image-optimizer-id.production.sephora-asia.net/eyJlZGl0cyI6eyJyZXNpemUiOnt9fX0=/images/product_images/zoom_250901_Holiday25_RingAroundABrow_Stylized_Shade3_1191_1644x1_d31b4b77f326fc40ef57ed8905b77b2f33d1b8e0_1759904571.png
Benefit Cosmetics,Rollin’ With Benetint Tint & Lip Shine Duo (Holiday Limited Edition),Rp 630.000,(1),,https://image-optimizer-id.production.sephora-asia.net/eyJlZGl0cyI6eyJyZXNpemUiOnt9fX0=/images/product_images/zoom_1_Product_602004164711-Benefit-Cosmetics-Rollin-With-Benetin_e5a3c449557f4ef6fc75d58c250b88dc46955b1b_1759909465.png
Benefit Cosmetics,"Game, Set, Bounce Mini Mascara & Brow Setter Duo (Holiday Limited Edition)",Rp 385.000,,,https://image-optimizer-id.production.sephora-asia.net/eyJlZGl0cyI6eyJyZXNpemUiOnt9fX0=/images/product_images/zoom_1_Product_602004164735-Benefit-Cosmetics-Game-Set-Bounce-Min_79c48e20ccc735b391218955df40702790f409b8_1759911234.png
Bobbi Brown,Sheer Finish Pressed Powder,Rp 760.000,(312),4 shades,https://image-optimizer-id.production.sephora-asia.net/eyJlZGl0cyI6eyJyZXNpemUiOnt9fX0=/images/product_images/zoom_1_Product_716170245706-Bobbi-Brown-Sheer-Finish-Pressed-Powder-Soft-Sand_a38c5e67eb845c6ef8b99764fe16eda4e50bad06_1617898528.png
KAJA,Cheeky Stamp Cushion Blush,"Rp 415.000
   Rp 290.500 
    30% OFF",(1610),3 shades,https://image-optimizer-id.production.sephora-asia.net/eyJlZGl0cyI6eyJyZXNpemUiOnt9fX0=/images/product_images/zoom_KJ_CheekyStamp_PrimaryPackaging_01_8af118d1b2e90b9c1ac9b84b6d1fe160f47e0f10_1706608348.png
NARS,Climax Liquid Eyeliner,Rp 435.000,(280),,https://image-optimizer-id.production.sephora-asia.net/eyJlZGl0cyI6eyJyZXNpemUiOnt9fX0=/images/product_images/zoom_1_NARS_FA21_FallEdit_Climax_PDPCrop_Soldier_LiquidEyeliner_GLBL_2400x2400_845f360c3dcfe9d1a9ff04dc342944a4ae745cc7_1674112799.png
KAJA,Mochi Glow Bouncy Cream-to-Powder Compact Highlighter,Rp 349.000,(183),,https://image-optimizer-id.production.sephora-asia.net/eyJlZGl0cyI6eyJyZXNpemUiOnt9fX0=/images/product_images/zoom_MochiGlow03_1_d4726b357eb3800e3438d4d99c8f86e84e4498bd_1707992713.png
MAKE UP FOR EVER,Aqua Resist Brow Filler,Rp 450.000,(236),4 shades,https://image-optimizer-id.production.sephora-asia.net/eyJlZGl0cyI6eyJyZXNpemUiOnt9fX0=/images/product_images/zoom_1_Product_3548752179072-Make-Up-For-Ever-Aqua-Resist-Brow-Filler-30-Soft-Brown_dd4c454d3a2fcf65e4aafb985dfaf409c2bf508f_1630492767.png
DIOR,Micellar Water Cleanser,Rp 850.000,(19),,https://image-optimizer-id.production.sephora-asia.net/eyJlZGl0cyI6eyJyZXNpemUiOnt9fX0=/images/product_images/zoom_1_Product_3348901600392-Dior-Micellar-Water-Cleanser-200ml_c287747c05f34fea3b5f60b0f837b861b19a83cb_1654571570.png
Anastasia Beverly Hills,Brow Fix Primer,Rp 534.000,(536),,https://image-optimizer-id.production.sephora-asia.net/eyJlZGl0cyI6eyJyZXNpemUiOnt9fX0=/images/product_images/zoom_zoom_10408_AnastasiaBeverlyHills_BrowFixPrimer_WEB_3138ec270c590121bf00aa612d0dc18dd6fa6571_1602589755.png
Yves Saint Laurent,All Hours Hyper Bronze,Rp 1.325.000,(620),3 shades,https://image-optimizer-id.production.sephora-asia.net/eyJlZGl0cyI6eyJyZXNpemUiOnt9fX0=/images/product_images/zoom_YSL_DM_3_8009224cb8c4cda4c1d3e90ddd0047cca92c1a80_1724320745.png
DIOR,Diorshow Iconic Overcurl Waterproof Mascara,Rp 800.000,(400),,https://image-optimizer-id.production.sephora-asia.net/eyJlZGl0cyI6eyJyZXNpemUiOnt9fX0=/images/product_images/zoom_1_Product_3348901561556-DIOR_85743104bbc5c5472efd69f2f575f8f7a14c3524_1623857302.png
Nudestix,Nudies Matte All Over Face Color Blush,Rp 699.000,(1336),10 shades,https://image-optimizer-id.production.sephora-asia.net/eyJlZGl0cyI6eyJyZXNpemUiOnt9fX0=/images/product_images/zoom_1_356a192b7913b04c54574d18c28d46e6395428ab_1719564166.png
MAC Cosmetics,Lip Pencil (Limited Edition),Rp 410.000,(2),3 shades,https://image-optimizer-id.production.sephora-asia.net/eyJlZGl0cyI6eyJyZXNpemUiOnt9fX0=/images/product_images/zoom_1_Product_773602745043-MAC-Cosmetics-Lip-Pencil-Limited-Edit_4cdf062b2b9c994d6efa52387ef9c975ead81442_1742351522.png
Stila,Stay All Day® Dual-Ended Waterproof Liquid Eye Liner,Rp 620.000,(106),3 shades,https://image-optimizer-id.production.sephora-asia.net/eyJlZGl0cyI6eyJyZXNpemUiOnt9fX0=/images/product_images/zoom_2_Product_94800361683-Stila-Stay-All-Day-Dual-Ended-Waterpro_c9f4c09264102f0c1891d7b876f5479f2667446c_1732173884.png
MAC Cosmetics,Eye Shadow,Rp 365.000,(151),2 shades,https://image-optimizer-id.production.sephora-asia.net/eyJlZGl0cyI6eyJyZXNpemUiOnt9fX0=/images/product_images/zoom_32276_MACCOsmetics_EyeShadow_Espressomatte_WEB_2_5c694056ec2715e7dd5b7c1470a7d264077f3a94_1664445463.png
Mario Badescu,Lip Balm,Rp 188.000,(275),,https://image-optimizer-id.production.sephora-asia.net/eyJlZGl0cyI6eyJyZXNpemUiOnt9fX0=/images/product_images/zoom_785364130425_Lip_Balm_Front_1__e134b7f91097701001090f2e47f54c901bc2befc_1617582416.png
Natasha Denona,Macro Blade Liquid Liner,Rp 555.000,(80),,https://image-optimizer-id.production.sephora-asia.net/eyJlZGl0cyI6eyJyZXNpemUiOnt9fX0=/images/product_images/zoom_1_Product_7290113702332-Natasha-Denona-Macro-Blade-Liquid-Liner-Default_7664296655aaecaaa153c66ef71602a8efe3370c_1650527597.png
Huda Beauty,Cheeky Tint Blush Stick,Rp 525.000,(424),4 shades,https://image-optimizer-id.production.sephora-asia.net/eyJlZGl0cyI6eyJyZXNpemUiOnt9fX0=/images/product_images/zoom_1_Product_6291106038231-Huda-Beauty-Cheeky-Tint-Blush-Stick-Coral-Cutie_7488e88f1d6f34e0e6548efcfd2dfab0dd0a4738_1678867676.png
Natasha Denona,Pastel Plexi Glow Highlighter,Rp 899.000,(43),,https://image-optimizer-id.production.sephora-asia.net/eyJlZGl0cyI6eyJyZXNpemUiOnt9fX0=/images/product_images/zoom_1_356a192b7913b04c54574d18c28d46e6395428ab_1678341481.png
Dear Dahlia,Paradise Dream Lash Defining Mascara,Rp 576.000,(2),,https://image-optimizer-id.production.sephora-asia.net/eyJlZGl0cyI6eyJyZXNpemUiOnt9fX0=/images/product_images/zoom_1_Product_8809546847320-Dear-Dahlia-Paradise-Dream-Lash-Defining-Mascara-8ml_955bc86147e9a18e49a043f3c164b5eaf78cb9e3_1681110976.png
Nudestix,Soft Nude Eyes,Rp 550.000,,,https://image-optimizer-id.production.sephora-asia.net/eyJlZGl0cyI6eyJyZXNpemUiOnt9fX0=/images/product_images/zoom_1_356a192b7913b04c54574d18c28d46e6395428ab_1687965020.png
Natasha Denona,Glam Face Palette,Rp 1.250.000,(331),,https://image-optimizer-id.production.sephora-asia.net/eyJlZGl0cyI6eyJyZXNpemUiOnt9fX0=/images/product_images/zoom_1_Product_7290113702417-Natasha-Denona-Glam-Face-Palette-Light_9d6f40445f3387cd8160a4453f10d8ed67cfea43_1650880523.png
MAC Cosmetics,Black Panther Liquidlast 24 Hour Waterproof Liner,Rp 395.000,,,https://image-optimizer-id.production.sephora-asia.net/eyJlZGl0cyI6eyJyZXNpemUiOnt9fX0=/images/product_images/zoom_773602629138_BlackPanther2_LiquidLast24HourWaterproofLiner_WakandanTradition_1_a3dc72714041c12ec74e30c9d6adc10a5152236f_1669039438.png
Natasha Denona,Love Face Palette,Rp 1.290.000,(127),,https://image-optimizer-id.production.sephora-asia.net/eyJlZGl0cyI6eyJyZXNpemUiOnt9fX0=/images/product_images/zoom_1_356a192b7913b04c54574d18c28d46e6395428ab_1678346865.png
Benefit Cosmetics,Gimme Brow+ Volumizing Pencil Mini,Rp 280.000,(60),,https://image-optimizer-id.production.sephora-asia.net/eyJlZGl0cyI6eyJyZXNpemUiOnt9fX0=/images/product_images/zoom_1_Product_602004135636-BENEFIT-Gimme-Brow-Volumizing-Pencil-Mini-3_271b0f9223d157dadecaa568cbd99a345fcd51f7_1662007051.png
Benefit Cosmetics,Precisely My Brow Duo Pencil,Rp 510.000,(66),,https://image-optimizer-id.production.sephora-asia.net/eyJlZGl0cyI6eyJyZXNpemUiOnt9fX0=/images/product_images/zoom_benefit_3__2ddbe1005f03171317c175beb07c44943500d750_1707463971.png
Huda Beauty,Resting Boss Face Waterproof Setting Spray,Rp 675.000,(1522),,https://image-optimizer-id.production.sephora-asia.net/eyJlZGl0cyI6eyJyZXNpemUiOnt9fX0=/images/product_images/zoom_1_Product_33599-Huda-Beauty-Resting-Boss-Face-Setting-Spray-Default_22a82d5ab5a3e305e2c312012aed64c19f25a9cd_1689066403.png
MAC Cosmetics,Lovestruck Luck Lustreglass Sheer-Shine Lipstick,Rp 410.000,,3 shades,https://image-optimizer-id.production.sephora-asia.net/eyJlZGl0cyI6eyJyZXNpemUiOnt9fX0=/images/product_images/zoom_773602701209_LunarNewYear_LustreglassLipstick_LuckHasIt_1_30_5855b89f4c45673b05aed1e8e14f1344fa9c7914_1707713785.png
Huda Beauty,Nude Eyeshadow Palette,Rp 1.450.000,(2253),,https://image-optimizer-id.production.sephora-asia.net/eyJlZGl0cyI6eyJyZXNpemUiOnt9fX0=/images/product_images/zoom_1_Product_202146_2520Huda_2520Beauty_2520Nude_2520Eyeshadow_2520Palette_8c4f365d5d8e9c09472d7d939d0c2d431b708e1d_1686564662.png
MAC Cosmetics,Molten Metal Highlighter Enlumineur,Rp 630.000,(1),,https://image-optimizer-id.production.sephora-asia.net/eyJlZGl0cyI6eyJyZXNpemUiOnt9fX0=/images/product_images/zoom_1_Product_773602701056-MAC-Cosmetics-Molten-Metal-Highlighte_281e470597883fe5a308f363436c3bed0c4dc789_1707722373.png
La Mer,The Powder,Rp 2.250.000,(96),,https://image-optimizer-id.production.sephora-asia.net/eyJlZGl0cyI6eyJyZXNpemUiOnt9fX0=/images/product_images/zoom_1000x1000_9__9f51115c30c3bb0ca5c615d4fdb4fbf691cf57a3_1692325947.png
MAKE UP FOR EVER,Amazing Prep & Set Kit Holiday 23,Rp 600.000,(22),,https://image-optimizer-id.production.sephora-asia.net/eyJlZGl0cyI6eyJyZXNpemUiOnt9fX0=/images/product_images/zoom_1_356a192b7913b04c54574d18c28d46e6395428ab_1697423296.png
Yves Saint Laurent,Mascara Volume Effet Faux Cils Waterproof,Rp 900.000,(118),,https://image-optimizer-id.production.sephora-asia.net/eyJlZGl0cyI6eyJyZXNpemUiOnt9fX0=/images/product_images/zoom_YSL_MVEFC_NOIR_NEW_PACK_R19_WP_MAD_a8e24a471f75bec433aa67653eabc9c4ca2f6d7c_1711539340.png
Stila,Stay All Day® Muted-Neon Liquid Eye Liner,Rp 499.000,(5),6 shades,https://image-optimizer-id.production.sephora-asia.net/eyJlZGl0cyI6eyJyZXNpemUiOnt9fX0=/images/product_images/zoom_5_ac3478d69a3c81fa62e60f5c3696165a4e5e6ac4_1686558313.png
Huda Beauty,Pretty Grunge Eyeshadow Palette,Rp 1.450.000,(706),,https://image-optimizer-id.production.sephora-asia.net/eyJlZGl0cyI6eyJyZXNpemUiOnt9fX0=/images/product_images/zoom_HB01058_01_567186988860cf7dbd7ca15b162d5eee2317ad95_1700039395.png
Yves Saint Laurent,The Slim Velvet Radical Lipstick,Rp 800.000,(1256),9 shades,https://image-optimizer-id.production.sephora-asia.net/eyJlZGl0cyI6eyJyZXNpemUiOnt9fX0=/images/product_images/zoom_YSL_THE_SLIM_VELVET_RADICAL_320_1__63ffe003c287006d97e9f2ed2095777d8ac82616_1711515592.png
Anastasia Beverly Hills,Lash Genius Serum,Rp 1.037.000,(12),2 sizes,https://image-optimizer-id.production.sephora-asia.net/eyJlZGl0cyI6eyJyZXNpemUiOnt9fX0=/images/product_images/zoom_689304191890_LashGeniusSerum_1_26e6afd35e74129e67559a040e01d168c1dce1b6_1703144672.png
Laura Mercier,Brow Pencil,Rp 500.000,(15),2 shades,https://image-optimizer-id.production.sephora-asia.net/eyJlZGl0cyI6eyJyZXNpemUiOnt9fX0=/images/product_images/zoom_soft_eb74f2cb1a9d6a502e420f61c204e2c2cb3ec8a8_1697686575.png
Benefit Cosmetics,Bigtime Brow Minis,Rp 405.000,(5),,https://image-optimizer-id.production.sephora-asia.net/eyJlZGl0cyI6eyJyZXNpemUiOnt9fX0=/images/product_images/zoom_GL24_Etail_Product_BigTimeBrowMinis_PromoSet_Stylized_Shade4_5c3dc033b579f5f7741bd1bc2c469cdb506b2e36_1719810376.png
Benefit Cosmetics,Spiced Up Your Brows,Rp 800.000,(2),5 shades,https://image-optimizer-id.production.sephora-asia.net/eyJlZGl0cyI6eyJyZXNpemUiOnt9fX0=/images/product_images/zoom_Spiced_Up_Your_Brows_756c81289f8afb3b4ea4d8148d001fad19213dad_1727703221.png
MAC Cosmetics,Pout Full of Posies Lip Kit: Pink,Rp 795.000,(3),,https://image-optimizer-id.production.sephora-asia.net/eyJlZGl0cyI6eyJyZXNpemUiOnt9fX0=/images/product_images/zoom_1_Product_773602720316-MAC-Cosmetics-Pout-Full-Of-Posies-Lip_bf9c1b375feb9f485d34c449e336c4f7e2f5d69a_1727690335.png
MAC Cosmetics,Chromacrayon Eye Shadow Stick (Holiday Limited Edition),Rp 580.000,(2),,https://image-optimizer-id.production.sephora-asia.net/eyJlZGl0cyI6eyJyZXNpemUiOnt9fX0=/images/product_images/zoom_IMAGE01_773602740291_MACGiftOfGoldHolidayColour_Chromacrayon_dc4d817a7d84d5ea3d6bc8438a071bd5cf28adfa_1731486469.png
Bobbi Brown,Pacman x Bobbi Brown Highlighting Powder (Limited Edition),Rp 950.000,,,https://image-optimizer-id.production.sephora-asia.net/eyJlZGl0cyI6eyJyZXNpemUiOnt9fX0=/images/product_images/zoom_1_Product_716170328980-Bobbi-Brown-Pacman-x-Bobbi-Brown-High_2dbac3966fb247b6f853cae958aadcb6d1eda744_1731318809.png
GIVENCHY,Mister Eyebrow Powder Pencil,Rp 405.000,(16),,https://image-optimizer-id.production.sephora-asia.net/eyJlZGl0cyI6eyJyZXNpemUiOnt9fX0=/images/product_images/zoom_1_Product_3274872403994-MAC-Mister-Eyebrow-Powder-Pencil-N2_be17a2b8553426ba64b0c2314d216d9c2e7171af_1727064246.png
Clinique,Pop Plush™ Creamy Lip Gloss,Rp 450.000,(493),,https://image-optimizer-id.production.sephora-asia.net/eyJlZGl0cyI6eyJyZXNpemUiOnt9fX0=/images/product_images/zoom_1_Product_192333142868-Clinique-Pop-Plush-Creamy-Lip-Gloss-B_13862eddf2907dbcb5d056de8f63fa2aeed53ac6_1732175873.png
Kylie Cosmetics,Kylie Lip Blush Kit,Rp 650.000,(1),,https://image-optimizer-id.production.sephora-asia.net/eyJlZGl0cyI6eyJyZXNpemUiOnt9fX0=/images/product_images/zoom_4064941083924_Kylie_Makeup_Lip_Blush_Kit_-_Sister_Sister_729_162078c6b8dafa3f8a945d5ea335bf193e87f836_1732522099.png
Huda Beauty,Glow Obsessions Mini Face Palette,Rp 610.000,(244),2 shades,https://image-optimizer-id.production.sephora-asia.net/eyJlZGl0cyI6eyJyZXNpemUiOnt9fX0=/images/product_images/zoom_1_Product_6291106037296-Huda-Beauty-Glow-Obsessions-Mini-Face-Palette-Medium_78c5d4082cb2cba67361ffc243b915eb99047625_1678878308.png
Benefit Cosmetics,Hoola Caramel Bronzer,Rp 630.000,(137),,https://image-optimizer-id.production.sephora-asia.net/eyJlZGl0cyI6eyJyZXNpemUiOnt9fX0=/images/product_images/zoom_1_Product_602004138873-Benefit-Cosmetics-Hoola-Caramel-Bronzer-8g_6b33dc8dde4d41c4831657edcd76a99cf43396a4_1653988193.png
Stila,Heaven's Dew All Over Glimmer Highlighter,Rp 599.000,(34),,https://image-optimizer-id.production.sephora-asia.net/eyJlZGl0cyI6eyJyZXNpemUiOnt9fX0=/images/product_images/zoom_1_Product_200395_2520Stila_2520Heavens_2520Dew_2520All_2520Over_2520Glimmer_2520Highlighte_20de32ac36e4c6c5aacb6c12e3d22b2831ff8746_1632904167.png
Nudestix,Brow Set Gel XL,Rp 590.000,(67),,https://image-optimizer-id.production.sephora-asia.net/eyJlZGl0cyI6eyJyZXNpemUiOnt9fX0=/images/product_images/zoom_1_Product_839174005180-Nudestix-Brow-Boost--Set-Gel-XL-Eyebrows-10ml_380a83c67a58d353a66a0e52df41c895a63bcfe0_1638938267.png
Benefit Cosmetics,Hubba Brow Enhancing Serum,Rp 1.015.000,(216),,https://image-optimizer-id.production.sephora-asia.net/eyJlZGl0cyI6eyJyZXNpemUiOnt9fX0=/images/product_images/zoom_1_Product_602004148803-Benefit-Cosmetics-Hubba-Brow-Growth-Serum-4-5g_05d99d6f024979ecc306b28a4e2c7d6ea0376928_1690353244.png
Dear Dahlia,Timeless Bloom Collection Make Up Eyeshadow Palette,Rp 1.032.000,(12),,https://image-optimizer-id.production.sephora-asia.net/eyJlZGl0cyI6eyJyZXNpemUiOnt9fX0=/images/product_images/zoom_1_Product_8809546846026-Dear-Dahlia-Timeless-Bloom-Collection-Make-Up-Eyeshadow-Palette-De_4a02c98a32f5d3f4d730d925bc475511ac1d5363_1652428198.png
Natasha Denona,Macro Blade Liquid Liner,Rp 555.000,(80),,https://image-optimizer-id.production.sephora-asia.net/eyJlZGl0cyI6eyJyZXNpemUiOnt9fX0=/images/product_images/zoom_1_Product_7290113702332-Natasha-Denona-Macro-Blade-Liquid-Liner-Default_7664296655aaecaaa153c66ef71602a8efe3370c_1650527597.png
Huda Beauty,Cheeky Tint Blush Stick,Rp 525.000,(424),4 shades,https://image-optimizer-id.production.sephora-asia.net/eyJlZGl0cyI6eyJyZXNpemUiOnt9fX0=/images/product_images/zoom_1_Product_6291106038231-Huda-Beauty-Cheeky-Tint-Blush-Stick-Coral-Cutie_7488e88f1d6f34e0e6548efcfd2dfab0dd0a4738_1678867676.png
Natasha Denona,Pastel Plexi Glow Highlighter,Rp 899.000,(43),,https://image-optimizer-id.production.sephora-asia.net/eyJlZGl0cyI6eyJyZXNpemUiOnt9fX0=/images/product_images/zoom_1_356a192b7913b04c54574d18c28d46e6395428ab_1678341481.png
Dear Dahlia,Paradise Dream Lash Defining Mascara,Rp 576.000,(2),,https://image-optimizer-id.production.sephora-asia.net/eyJlZGl0cyI6eyJyZXNpemUiOnt9fX0=/images/product_images/zoom_1_Product_8809546847320-Dear-Dahlia-Paradise-Dream-Lash-Defining-Mascara-8ml_955bc86147e9a18e49a043f3c164b5eaf78cb9e3_1681110976.png
Nudestix,Soft Nude Eyes,Rp 550.000,,,https://image-optimizer-id.production.sephora-asia.net/eyJlZGl0cyI6eyJyZXNpemUiOnt9fX0=/images/product_images/zoom_1_356a192b7913b04c54574d18c28d46e6395428ab_1687965020.png
Benefit Cosmetics,Gimme Brow+ Volumizing Pencil Mini,Rp 280.000,(60),,https://image-optimizer-id.production.sephora-asia.net/eyJlZGl0cyI6eyJyZXNpemUiOnt9fX0=/images/product_images/zoom_1_Product_602004135636-BENEFIT-Gimme-Brow-Volumizing-Pencil-Mini-3_271b0f9223d157dadecaa568cbd99a345fcd51f7_1662007051.png
MAC Cosmetics,Lovestruck Luck Lustreglass Sheer-Shine Lipstick,Rp 410.000,,3 shades,https://image-optimizer-id.production.sephora-asia.net/eyJlZGl0cyI6eyJyZXNpemUiOnt9fX0=/images/product_images/zoom_773602701209_LunarNewYear_LustreglassLipstick_LuckHasIt_1_30_5855b89f4c45673b05aed1e8e14f1344fa9c7914_1707713785.png
La Mer,The Powder,Rp 2.250.000,(96),,https://image-optimizer-id.production.sephora-asia.net/eyJlZGl0cyI6eyJyZXNpemUiOnt9fX0=/images/product_images/zoom_1000x1000_9__9f51115c30c3bb0ca5c615d4fdb4fbf691cf57a3_1692325947.png
MAKE UP FOR EVER,Amazing Prep & Set Kit Holiday 23,Rp 600.000,(22),,https://image-optimizer-id.production.sephora-asia.net/eyJlZGl0cyI6eyJyZXNpemUiOnt9fX0=/images/product_images/zoom_1_356a192b7913b04c54574d18c28d46e6395428ab_1697423296.png
Stila,Stay All Day® Muted-Neon Liquid Eye Liner,Rp 499.000,(5),6 shades,https://image-optimizer-id.production.sephora-asia.net/eyJlZGl0cyI6eyJyZXNpemUiOnt9fX0=/images/product_images/zoom_5_ac3478d69a3c81fa62e60f5c3696165a4e5e6ac4_1686558313.png
Yves Saint Laurent,The Slim Velvet Radical Lipstick,Rp 800.000,(1256),9 shades,https://image-optimizer-id.production.sephora-asia.net/eyJlZGl0cyI6eyJyZXNpemUiOnt9fX0=/images/product_images/zoom_YSL_THE_SLIM_VELVET_RADICAL_320_1__63ffe003c287006d97e9f2ed2095777d8ac82616_1711515592.png
Natasha Denona,Love Face Palette,Rp 1.290.000,(127),,https://image-optimizer-id.production.sephora-asia.net/eyJlZGl0cyI6eyJyZXNpemUiOnt9fX0=/images/product_images/zoom_1_356a192b7913b04c54574d18c28d46e6395428ab_1678346865.png
Natasha Denona,Glam Face Palette,Rp 1.250.000,(331),,https://image-optimizer-id.production.sephora-asia.net/eyJlZGl0cyI6eyJyZXNpemUiOnt9fX0=/images/product_images/zoom_1_Product_7290113702417-Natasha-Denona-Glam-Face-Palette-Light_9d6f40445f3387cd8160a4453f10d8ed67cfea43_1650880523.png
MAC Cosmetics,Black Panther Liquidlast 24 Hour Waterproof Liner,Rp 395.000,,,https://image-optimizer-id.production.sephora-asia.net/eyJlZGl0cyI6eyJyZXNpemUiOnt9fX0=/images/product_images/zoom_773602629138_BlackPanther2_LiquidLast24HourWaterproofLiner_WakandanTradition_1_a3dc72714041c12ec74e30c9d6adc10a5152236f_1669039438.png
Benefit Cosmetics,Precisely My Brow Duo Pencil,Rp 510.000,(66),,https://image-optimizer-id.production.sephora-asia.net/eyJlZGl0cyI6eyJyZXNpemUiOnt9fX0=/images/product_images/zoom_benefit_3__2ddbe1005f03171317c175beb07c44943500d750_1707463971.png
Huda Beauty,Nude Eyeshadow Palette,Rp 1.450.000,(2253),,https://image-optimizer-id.production.sephora-asia.net/eyJlZGl0cyI6eyJyZXNpemUiOnt9fX0=/images/product_images/zoom_1_Product_202146_2520Huda_2520Beauty_2520Nude_2520Eyeshadow_2520Palette_8c4f365d5d8e9c09472d7d939d0c2d431b708e1d_1686564662.png
MAC Cosmetics,Molten Metal Highlighter Enlumineur,Rp 630.000,(1),,https://image-optimizer-id.production.sephora-asia.net/eyJlZGl0cyI6eyJyZXNpemUiOnt9fX0=/images/product_images/zoom_1_Product_773602701056-MAC-Cosmetics-Molten-Metal-Highlighte_281e470597883fe5a308f363436c3bed0c4dc789_1707722373.png
Huda Beauty,Resting Boss Face Waterproof Setting Spray,Rp 675.000,(1522),,https://image-optimizer-id.production.sephora-asia.net/eyJlZGl0cyI6eyJyZXNpemUiOnt9fX0=/images/product_images/zoom_1_Product_33599-Huda-Beauty-Resting-Boss-Face-Setting-Spray-Default_22a82d5ab5a3e305e2c312012aed64c19f25a9cd_1689066403.png
Yves Saint Laurent,Mascara Volume Effet Faux Cils Waterproof,Rp 900.000,(118),,https://image-optimizer-id.production.sephora-asia.net/eyJlZGl0cyI6eyJyZXNpemUiOnt9fX0=/images/product_images/zoom_YSL_MVEFC_NOIR_NEW_PACK_R19_WP_MAD_a8e24a471f75bec433aa67653eabc9c4ca2f6d7c_1711539340.png
Huda Beauty,Pretty Grunge Eyeshadow Palette,Rp 1.450.000,(706),,https://image-optimizer-id.production.sephora-asia.net/eyJlZGl0cyI6eyJyZXNpemUiOnt9fX0=/images/product_images/zoom_HB01058_01_567186988860cf7dbd7ca15b162d5eee2317ad95_1700039395.png
Laura Mercier,Brow Pencil,Rp 500.000,(15),2 shades,https://image-optimizer-id.production.sephora-asia.net/eyJlZGl0cyI6eyJyZXNpemUiOnt9fX0=/images/product_images/zoom_soft_eb74f2cb1a9d6a502e420f61c204e2c2cb3ec8a8_1697686575.png
Anastasia Beverly Hills,Lash Genius Serum,Rp 1.037.000,(12),2 sizes,https://image-optimizer-id.production.sephora-asia.net/eyJlZGl0cyI6eyJyZXNpemUiOnt9fX0=/images/product_images/zoom_689304191890_LashGeniusSerum_1_26e6afd35e74129e67559a040e01d168c1dce1b6_1703144672.png
Benefit Cosmetics,Bigtime Brow Minis,Rp 405.000,(5),,https://image-optimizer-id.production.sephora-asia.net/eyJlZGl0cyI6eyJyZXNpemUiOnt9fX0=/images/product_images/zoom_GL24_Etail_Product_BigTimeBrowMinis_PromoSet_Stylized_Shade4_5c3dc033b579f5f7741bd1bc2c469cdb506b2e36_1719810376.png
Benefit Cosmetics,Spiced Up Your Brows,Rp 800.000,(2),5 shades,https://image-optimizer-id.production.sephora-asia.net/eyJlZGl0cyI6eyJyZXNpemUiOnt9fX0=/images/product_images/zoom_Spiced_Up_Your_Brows_756c81289f8afb3b4ea4d8148d001fad19213dad_1727703221.png
MAC Cosmetics,Chromacrayon Eye Shadow Stick (Holiday Limited Edition),Rp 580.000,(2),,https://image-optimizer-id.production.sephora-asia.net/eyJlZGl0cyI6eyJyZXNpemUiOnt9fX0=/images/product_images/zoom_IMAGE01_773602740291_MACGiftOfGoldHolidayColour_Chromacrayon_dc4d817a7d84d5ea3d6bc8438a071bd5cf28adfa_1731486469.png
MAC Cosmetics,Pout Full of Posies Lip Kit: Pink,Rp 795.000,(3),,https://image-optimizer-id.production.sephora-asia.net/eyJlZGl0cyI6eyJyZXNpemUiOnt9fX0=/images/product_images/zoom_1_Product_773602720316-MAC-Cosmetics-Pout-Full-Of-Posies-Lip_bf9c1b375feb9f485d34c449e336c4f7e2f5d69a_1727690335.png
Bobbi Brown,Pacman x Bobbi Brown Highlighting Powder (Limited Edition),Rp 950.000,,,https://image-optimizer-id.production.sephora-asia.net/eyJlZGl0cyI6eyJyZXNpemUiOnt9fX0=/images/product_images/zoom_1_Product_716170328980-Bobbi-Brown-Pacman-x-Bobbi-Brown-High_2dbac3966fb247b6f853cae958aadcb6d1eda744_1731318809.png
GIVENCHY,Mister Eyebrow Powder Pencil,Rp 405.000,(16),,https://image-optimizer-id.production.sephora-asia.net/eyJlZGl0cyI6eyJyZXNpemUiOnt9fX0=/images/product_images/zoom_1_Product_3274872403994-MAC-Mister-Eyebrow-Powder-Pencil-N2_be17a2b8553426ba64b0c2314d216d9c2e7171af_1727064246.png
Clinique,Pop Plush™ Creamy Lip Gloss,Rp 450.000,(493),,https://image-optimizer-id.production.sephora-asia.net/eyJlZGl0cyI6eyJyZXNpemUiOnt9fX0=/images/product_images/zoom_1_Product_192333142868-Clinique-Pop-Plush-Creamy-Lip-Gloss-B_13862eddf2907dbcb5d056de8f63fa2aeed53ac6_1732175873.png
Bobbi Brown,Gilded Gleam Eye Shadow Duo Set (Holiday Limited Edition),Rp 950.000,(1),,https://image-optimizer-id.production.sephora-asia.net/eyJlZGl0cyI6eyJyZXNpemUiOnt9fX0=/images/product_images/zoom_1_Product_716170327716-Bobbi-Brown-Gilded-Gleam-Eye-Shadow-D_683bcf34324c6a370484823cead9ad523b68415d_1731322125.png
Kylie Cosmetics,Kylie Lip Blush Kit,Rp 650.000,(1),,https://image-optimizer-id.production.sephora-asia.net/eyJlZGl0cyI6eyJyZXNpemUiOnt9fX0=/images/product_images/zoom_4064941083924_Kylie_Makeup_Lip_Blush_Kit_-_Sister_Sister_729_162078c6b8dafa3f8a945d5ea335bf193e87f836_1732522099.png
MAC Cosmetics,Face Palette X 4 Lunar New Year (Limited Edition),Rp 1.130.000,,,https://image-optimizer-id.production.sephora-asia.net/eyJlZGl0cyI6eyJyZXNpemUiOnt9fX0=/images/product_images/zoom_1_Product_773602738175-MAC-Cosmetics-Face-Palette-Limited-Ed_e90e53901a47549b4f17c7b6b8301f04cf27e421_1738577186.png
bareMinerals,Prime Time Hydrate & Glow Primer,Rp 580.000,,,https://image-optimizer-id.production.sephora-asia.net/eyJlZGl0cyI6eyJyZXNpemUiOnt9fX0=/images/product_images/zoom_PTPHG_6fbecc268f281427e880d9b62be60a1ffb4e72e2_1737083855.png
Sephora Collection,Colorful Special Effects Multichrome Liquid Eyeshadow,Rp 388.000,(85),3 shades,https://image-optimizer-id.production.sephora-asia.net/eyJlZGl0cyI6eyJyZXNpemUiOnt9fX0=/images/product_images/zoom_1_Product_3378872251859-Sephora-Collection-Colorful-Special-_055f0181075fde8d0cceea816907c04f06c9d9f3_1746519158.png
MAC Cosmetics,Skinfinish Cream Blush (Limited Edition),Rp 650.000,(1),2 shades,https://image-optimizer-id.production.sephora-asia.net/eyJlZGl0cyI6eyJyZXNpemUiOnt9fX0=/images/product_images/zoom_1_Product_773602743858-MAC-Cosmetics-Skinfinish-Cream-Blush-_7439a1743e4c839d1afac7caca06ddc25ede5411_1742440162.png
KAJA,Heart & Seoul Set,Rp 875.000,,,https://image-optimizer-id.production.sephora-asia.net/eyJlZGl0cyI6eyJyZXNpemUiOnt9fX0=/images/product_images/zoom__0_KAJA_HEART_N_SEOUL__34136337e9532b15449c45a6f9b2c7cc63b35a67_1755053071.png
FRESH,Feel Good Fresh Favorites Set,Rp 715.000,(39),,https://image-optimizer-id.production.sephora-asia.net/eyJlZGl0cyI6eyJyZXNpemUiOnt9fX0=/images/product_images/zoom_THID_Feel_Good_set-2025_with_products_7758c9e469e2731e638ec64d06cb2e674ab4e41f_1745571770.png
Stila,Pocket Play™ Eye Shadow,Rp 499.000,(3),2 shades,https://image-optimizer-id.production.sephora-asia.net/eyJlZGl0cyI6eyJyZXNpemUiOnt9fX0=/images/product_images/zoom_1_Product_94800364943-Stila-Pocket-Play-Eye-Shadow-Desert-Bl_c901b5ae67d02ed18ef06e8b010d67294c67f4fa_1751959878.png
Laura Mercier,Translucent Loose Talc-Free Setting Powder Ultra-Blur Tone-Up Rose,Rp 580.000,(11),,https://image-optimizer-id.production.sephora-asia.net/eyJlZGl0cyI6eyJyZXNpemUiOnt9fX0=/images/product_images/zoom_LM_SP24_TLSPUBTU_Silo_Open_Rose_3000x3000_R150_3e7fae036b903db7f116c8266f86b407196c6434_1748335843.png
MAC Cosmetics,MACStack Mascara (Limited Edition),Rp 520.000,(1),,https://image-optimizer-id.production.sephora-asia.net/eyJlZGl0cyI6eyJyZXNpemUiOnt9fX0=/images/product_images/zoom_1_Product_773602744015-MAC-Cosmetics-MTTF-MACStack-Mascara-L_e9bf5637d2de77bd0d71529ad9f672bd49bcf8f8_1742354191.png
MAC Cosmetics,Tendertalk Lip Balm (Limited Edition),Rp 430.000,,,https://image-optimizer-id.production.sephora-asia.net/eyJlZGl0cyI6eyJyZXNpemUiOnt9fX0=/images/product_images/zoom_1_Product_773602744008-MAC-Cosmetics-Tendertalk-Lip-Balm-Lim_7a4fc3088c512f055d48936dc3ea9fde1524b106_1742532896.png
Sephora Collection,Glow Makeup Setting Spray,Rp 398.000,(110),,https://image-optimizer-id.production.sephora-asia.net/eyJlZGl0cyI6eyJyZXNpemUiOnt9fX0=/images/product_images/zoom_1_Product_3378872251972-Sephora-Collection-Glow-Makeup-Setti_080767e5fa067a736386f82764e9f7194286618b_1751424990.png
Huda Beauty,Creamy Kohl Longwear Eye Pencil,Rp 435.000,(3127),2 types,https://image-optimizer-id.production.sephora-asia.net/eyJlZGl0cyI6eyJyZXNpemUiOnt9fX0=/images/product_images/zoom_HB00982_01_1c2ba4366a0d47abee7da109035184019f627a90_1716264705.png
Stila,One Step Correct  KITTEN Skin Tone Correcting & Brightening Primer,Rp 780.000,(22),,https://image-optimizer-id.production.sephora-asia.net/eyJlZGl0cyI6eyJyZXNpemUiOnt9fX0=/images/product_images/zoom_1_Product_94800358867-Stila-One-Step-Correct--KITTEN-Skin-Tone-Correcting--Brightening-Pri_012af54cb34d1c8611f3e9f7f542c01ab0f8e9e4_1614735523.png
Dear Dahlia,Mini Paradise Dream Velvet Lip Mousse 6-Piece Set,Rp 288.000,(1018),4 shades,https://image-optimizer-id.production.sephora-asia.net/eyJlZGl0cyI6eyJyZXNpemUiOnt9fX0=/images/product_images/zoom_1_Product_8809546842929-Dear-Dahlia-Paradise-Dream-Velvet-Lip-Mousse-Lip-Tint-Mini-6-Piece_7f15eea3e95d28f845443025c240fe9517a60f94_1642407552.png
Sephora Collection,Long Lasting Eyeliner High Precision Brush,Rp 310.000,(1590),,https://image-optimizer-id.production.sephora-asia.net/eyJlZGl0cyI6eyJyZXNpemUiOnt9fX0=/images/product_images/zoom_7683_SephoraCollection_WEB_e58950ae7b881c72d524fa4abee7755c93929cc6_1602589015.png
Natasha Denona,Mini Biba Eyeshadow Palette,Rp 555.000,(296),,https://image-optimizer-id.production.sephora-asia.net/eyJlZGl0cyI6eyJyZXNpemUiOnt9fX0=/images/product_images/zoom_1_Product_7290113701045-Natasha-Denona-Biba-Eyeshadow-Palette-Mini-Default_2832f24aaae54bdc08e48953705c84d80f3f9c32_1652065993.png
MAC Cosmetics,Prep + Prime Skin Lotion Primer,Rp 650.000,(36),,https://image-optimizer-id.production.sephora-asia.net/eyJlZGl0cyI6eyJyZXNpemUiOnt9fX0=/images/product_images/zoom_32213_MACCOsmetics_PrepPrimeSkinLotionPrimer_WEB_e052f4c2955e3317bdfc192d65a0e70a57071c1a_1664445736.png
Natasha Denona,Hy-Gen™ Serum,Rp 999.000,(419),,https://image-optimizer-id.production.sephora-asia.net/eyJlZGl0cyI6eyJyZXNpemUiOnt9fX0=/images/product_images/zoom_1_356a192b7913b04c54574d18c28d46e6395428ab_1685533561.png
GIVENCHY,Prisme Libre Prep & Set Glow Mist,Rp 780.000,(40),,https://image-optimizer-id.production.sephora-asia.net/eyJlZGl0cyI6eyJyZXNpemUiOnt9fX0=/images/product_images/zoom_1_Product_3274872437869-GIVENCHY-Prisme-Libre-Prep-Set-Glow-Mist-70-00ml_32c29914e8eeae34b5ddabff3a4256956d7208e0_1674016974.png
Estée Lauder,Pure Color Envy Sculpting Blush,Rp 765.000,(1),2 shades,https://image-optimizer-id.production.sephora-asia.net/eyJlZGl0cyI6eyJyZXNpemUiOnt9fX0=/images/product_images/zoom_1_Product_887167521346-LAUDER-Pure-Color-Envy-Sculpting-Blush-310-Peach-Passion_90669e05dc6ae6fb38ef518771c53682a227866b_1666077384.png
Caudalie,Vinotherapist™ Vegan Repairing Lip Balm,Rp 195.000,(178),,https://image-optimizer-id.production.sephora-asia.net/eyJlZGl0cyI6eyJyZXNpemUiOnt9fX0=/images/product_images/zoom_1_Product_3522930004080-Caudalie-Vinotherapist-Vegan-Repairing-Lip-Balm-7-5ml_972016e561aa25b23fcd7811f4a68fbe453d852e_1700040237.png
Bobbi Brown,Vitamin Enriched Face Base Duo,Rp 1.700.000,(6),,https://image-optimizer-id.production.sephora-asia.net/eyJlZGl0cyI6eyJyZXNpemUiOnt9fX0=/images/product_images/zoom_1_Product_716170338965-Bobbi-Brown-Vitamin-Enriched-Face-Bas_a07632c34f17473df14aa17540720cdbff018343_1753344575.png
Anastasia Beverly Hills,Sculpt & Stun Mascara Duo (Limited Edition),Rp 587.000,(6),,https://image-optimizer-id.production.sephora-asia.net/eyJlZGl0cyI6eyJyZXNpemUiOnt9fX0=/images/product_images/zoom_1_Product_689304870153-Anastasia-Beverly-Hills-Sculpt-Stun-M_786e6b13b4e7890fa73729b780e24f78f53b13e3_1738045779.png
Laura Mercier,Translucent Loose Setting Powder Ultra Blur Mini,Rp 550.000,(118),,https://image-optimizer-id.production.sephora-asia.net/eyJlZGl0cyI6eyJyZXNpemUiOnt9fX0=/images/product_images/zoom_1_Product_194250047554-Laura-Mercier-Translucent-Loose-Setti_355bb6c3d3cddced69648b1ecc8c8971f6476f44_1732945828.png
MAKE UP FOR EVER,Artist Face Colors Pressed Powder,Rp 330.000,(32),,https://image-optimizer-id.production.sephora-asia.net/eyJlZGl0cyI6eyJyZXNpemUiOnt9fX0=/images/product_images/zoom_Artist_Face_Color_H102_6b45e300d00d099a99add8ab68075eb3731cbcdd_1602589189.png
MAKE UP FOR EVER,Tone Up Perfect Step 1 Face Primer,Rp 745.000,(50),,https://image-optimizer-id.production.sephora-asia.net/eyJlZGl0cyI6eyJyZXNpemUiOnt9fX0=/images/product_images/zoom_1_Product_3548752174350-Make-Up-For-Ever-Tone-Up-Perfector-Step-1-Face-Primer-30ml_7ac1970cd6a382334d79c819b4cb186f5140c369_1609845571.png
Stila,Smudge Stick Waterproof Eyeliner,Rp 480.000,(96),2 shades,https://image-optimizer-id.production.sephora-asia.net/eyJlZGl0cyI6eyJyZXNpemUiOnt9fX0=/images/product_images/zoom_zoom_1_Product_162994_20Stila_20Smudge_20Stick_20Waterproof_20Eye_20Liner_20Espresso_4cf3836b6cb5d45eedafa094bd31f4383e813649_1602589062.png
Nudestix,3pc Mini Nude Metallic Berry Eye,Rp 590.000,(129),,https://image-optimizer-id.production.sephora-asia.net/eyJlZGl0cyI6eyJyZXNpemUiOnt9fX0=/images/product_images/zoom_nudestix_eye_berry_1_c4609e1f91555d3a7bd9d8f74917acc5b955aa72_1603852612.png
Nudestix,Mini Nudies 3 Piece Kit,Rp 590.000,(336),,https://image-optimizer-id.production.sephora-asia.net/eyJlZGl0cyI6eyJyZXNpemUiOnt9fX0=/images/product_images/zoom_2_Product_839174001496-Nudestix-Mini-Nudies-All-Over-Face-Color-3pc-Kit-Limited-Edition-20_525c0da5b85490933fdcf439b8fe3b3ce58174f0_1603762846.png
Nudestix,Magnetic Lip Plush Paints,Rp 564.000,(78),2 shades,https://image-optimizer-id.production.sephora-asia.net/eyJlZGl0cyI6eyJyZXNpemUiOnt9fX0=/images/product_images/zoom_Tahiti_Hottie_0adbd799d49dd2c02f0dd5de34f0f1255fe3f9d4_1659584130.png
Shu Uemura,Unlimited Glow Fluid Foundation,Rp 880.000,(70),11 shades,https://image-optimizer-id.production.sephora-asia.net/eyJlZGl0cyI6eyJyZXNpemUiOnt9fX0=/images/product_images/zoom_4935421743259_20_unlimited_glow_fluid_front_754_1_comp60_46b15227c22408fce8469c07ada51d5e44adec17_1602591834.png
MAKE UP FOR EVER,Matte Velvet Skin Concealer,Rp 500.000,(689),9 shades,https://image-optimizer-id.production.sephora-asia.net/eyJlZGl0cyI6eyJyZXNpemUiOnt9fX0=/images/product_images/zoom_-BACKSTAGEBOX_packshot_mvsconcealer_2_2_open_26a644a7173455e71b56fa34443678cd892ebe8d_1602591729.png
DIOR,Diorshow Pump’n’Volume Waterproof Mascara,Rp 700.000,(88),,https://image-optimizer-id.production.sephora-asia.net/eyJlZGl0cyI6eyJyZXNpemUiOnt9fX0=/images/product_images/zoom_1_356a192b7913b04c54574d18c28d46e6395428ab_1602589598.png
MAKE UP FOR EVER,Star Lit Powder,Rp 360.000,(1),2 shades,https://image-optimizer-id.production.sephora-asia.net/eyJlZGl0cyI6eyJyZXNpemUiOnt9fX0=/images/product_images/zoom_I000090628_StarLit_Powder_28_99ff54da9681338c18c6a073bcebce16aa8d23b0_1602589164.png
Stila,Heaven's Hue Highlighter,Rp 690.000,(362),2 shades,https://image-optimizer-id.production.sephora-asia.net/eyJlZGl0cyI6eyJyZXNpemUiOnt9fX0=/images/product_images/zoom_1_Product_35495_2520Stila_2520Heavens_2520Hue_2520Highlighter_2520Kitten_86bc4f8098d0188bd9fa11651d21ec3692f3d267_1603740085.png
Dear Dahlia,Blooming Edition Paradise Aurora Shine Lip Treatment,Rp 552.000,(6),,https://image-optimizer-id.production.sephora-asia.net/eyJlZGl0cyI6eyJyZXNpemUiOnt9fX0=/images/product_images/zoom_1_Product_8809546843841-Dear-Dahlia-Blooming-Edition-Paradise-Aurora-Shine-Lip-Treatment-H_552e0a5032405d7c114fab1e44c91190be3bce9f_1612343381.png
Shu Uemura,Unlimited Nude Mopo Foundation,Rp 1.120.000,(1),6 shades,https://image-optimizer-id.production.sephora-asia.net/eyJlZGl0cyI6eyJyZXNpemUiOnt9fX0=/images/product_images/zoom_774_case_a0b2391a0b291379c290b851a8422fc8327e8aef_1669349635.png
MAKE UP FOR EVER,Matte Velvet Skin Concealer,Rp 500.000,(689),9 shades,https://image-optimizer-id.production.sephora-asia.net/eyJlZGl0cyI6eyJyZXNpemUiOnt9fX0=/images/product_images/zoom_-BACKSTAGEBOX_packshot_mvsconcealer_2_2_open_26a644a7173455e71b56fa34443678cd892ebe8d_1602591729.png
MAKE UP FOR EVER,Star Lit Powder,Rp 360.000,(1),2 shades,https://image-optimizer-id.production.sephora-asia.net/eyJlZGl0cyI6eyJyZXNpemUiOnt9fX0=/images/product_images/zoom_I000090628_StarLit_Powder_28_99ff54da9681338c18c6a073bcebce16aa8d23b0_1602589164.png
Stila,Heaven's Hue Highlighter,Rp 690.000,(362),2 shades,https://image-optimizer-id.production.sephora-asia.net/eyJlZGl0cyI6eyJyZXNpemUiOnt9fX0=/images/product_images/zoom_1_Product_35495_2520Stila_2520Heavens_2520Hue_2520Highlighter_2520Kitten_86bc4f8098d0188bd9fa11651d21ec3692f3d267_1603740085.png
DIOR,Capture Totale Triple Correcting Foundation Compact,Rp 1.555.000,(16),2 shades,https://image-optimizer-id.production.sephora-asia.net/eyJlZGl0cyI6eyJyZXNpemUiOnt9fX0=/images/product_images/zoom_zoom_1_Product_164639-Dior-Capture-Totale-Foundation-Compact-20_74af33222ee8bc0577893356a7714f448abf7640_1602589599.png
MAC Cosmetics,Fix+ Setting Spray Magic Radiance - Moisturizing Skin Mist,Rp 670.000,(135),,https://image-optimizer-id.production.sephora-asia.net/eyJlZGl0cyI6eyJyZXNpemUiOnt9fX0=/images/product_images/zoom_1_Product_773602506699-MAC-Cosmetics-Fix-Magic-Radiance-All-Day-Hydrating-Spray--Vitamin-C_c52f43416a191bf8b5f6e27c75fe717fbcc7ff23_1629097473.png
Anastasia Beverly Hills,Pro Pencil,Rp 445.000,(457),2 shades,https://image-optimizer-id.production.sephora-asia.net/eyJlZGl0cyI6eyJyZXNpemUiOnt9fX0=/images/product_images/zoom_zoom_10431_AnastasiaBeverlyHills_ProPencil_Base1_WEB_b4e3c5f32e42634fd9ffdbb29c423a4427864f7b_1602589756.png
Dear Dahlia,Blooming Edition Skin Paradise Soft Focus Shine Control Powder,Rp 684.000,(12),,https://image-optimizer-id.production.sephora-asia.net/eyJlZGl0cyI6eyJyZXNpemUiOnt9fX0=/images/product_images/zoom_1_Product_8809546843827-Dear-Dahlia-Blooming-Edition-Skin-Paradise-Soft-Focus-Shine-Contro_e9c8c2a593872e03df331afde89957f094551b03_1612363143.png
Nudestix,Vegan Splashproof Mascara,Rp 590.000,(52),,https://image-optimizer-id.production.sephora-asia.net/eyJlZGl0cyI6eyJyZXNpemUiOnt9fX0=/images/product_images/zoom_1_Product_839174005326-Nudestix-Vegan-Splashproof-Mascara-Black_90a39db5e21db314b3e428812c358e8b34714ef9_1638939004.png
Estée Lauder,Double Wear Matte Stay-In-Place Powder Makeup,Rp 720.000,(2),2 shades,https://image-optimizer-id.production.sephora-asia.net/eyJlZGl0cyI6eyJyZXNpemUiOnt9fX0=/images/product_images/zoom_EL_Sephora_PDP_Apr_DW_Matte_Powder_Rattan_e1910fdcffb2c12e2179a8656eb62b031f01a96e_1619445383.png
MAC Cosmetics,Eye Brows Big Boost Fibre Gel,Rp 475.000,(7),,https://image-optimizer-id.production.sephora-asia.net/eyJlZGl0cyI6eyJyZXNpemUiOnt9fX0=/images/product_images/zoom_1_Product_773602560066-MAC-Eye-Brows-Big-Boost-Fibre-Gel-Spiked_db611fe6d36625d05220da2e1168b3214749737b_1663754926.png
Benefit Cosmetics,They're Real Xtreme Precision,Rp 420.000,(1423),2 shades,https://image-optimizer-id.production.sephora-asia.net/eyJlZGl0cyI6eyJyZXNpemUiOnt9fX0=/images/product_images/zoom_ET_TAR_Extreme_Precision_Liner_Product_Stylized_Black_5df02208cf562215872d18cc4ccad22712ce68f5_1647249178.png
MAC Cosmetics,Studio Fix Powder Plus Foundation,Rp 710.000,(911),10 shades,https://image-optimizer-id.production.sephora-asia.net/eyJlZGl0cyI6eyJyZXNpemUiOnt9fX0=/images/product_images/zoom_32548_MACCOsmetics_StudioFixPowderPlusFoundation_NW20_WEB_3ed7fa0fd9adcffaa34a5f8d2ee060a2c1256ff6_1731490216.png
MAC Cosmetics,Love Me Liquid Lipcolour,Rp 460.000,(5),10 shades,https://image-optimizer-id.production.sephora-asia.net/eyJlZGl0cyI6eyJyZXNpemUiOnt9fX0=/images/product_images/zoom_1_Product_773602625789-MAC-Cosmetics-Love-Me-Liquid-Lipcolour-Ruby-Do_828d59cddab67edf455f19c81a7a3d5a54ecab11_1650363052.png
Bobbi Brown,Crushed Lip Color Lipstick,Rp 580.000,(209),4 shades,https://image-optimizer-id.production.sephora-asia.net/eyJlZGl0cyI6eyJyZXNpemUiOnt9fX0=/images/product_images/zoom_1_Product_201404_2520Bobbi_2520Brown_2520Crushed_2520Lip_2520Color_2520Babe_ada6656079919e94049f261a4808a88d75655352_1617900969.png
Natasha Denona,My Dream Collection I Need A Nude Lip Crayon,Rp 499.000,(257),,https://image-optimizer-id.production.sephora-asia.net/eyJlZGl0cyI6eyJyZXNpemUiOnt9fX0=/images/product_images/zoom_lip_crayon_2_a06e673b1a46330ea08588ab69baccb46aa26e00_1669382561.png
Mario Badescu,Mint Lip Balm,Rp 188.000,(17),,https://image-optimizer-id.production.sephora-asia.net/eyJlZGl0cyI6eyJyZXNpemUiOnt9fX0=/images/product_images/zoom_1_Product_785364130487-Mario-Badescu-Mint-Lip-Balm-10g_543cd3f99687a08fac5e540acdb3cb16d2a9d190_1623902947.png
MAKE UP FOR EVER,Watertone Skin Perfecting Tint Foundation,Rp 710.000,(96),3 shades,https://image-optimizer-id.production.sephora-asia.net/eyJlZGl0cyI6eyJyZXNpemUiOnt9fX0=/images/product_images/zoom_1_Product_3548752175548_Make_Up_For_Ever_Watertone_Foundation_Y305_Soft_Beige_6e60470b6f2d0b0b3dd72c7a0a53d9aa159b0f39_1634544961.png
Dear Dahlia,Blooming Edition Paradise Jelly Single Glitter Eyeshadow Refill,Rp 300.000,(9),3 shades,https://image-optimizer-id.production.sephora-asia.net/eyJlZGl0cyI6eyJyZXNpemUiOnt9fX0=/images/product_images/zoom_1_Product_8809546846583-DEAR-DAHLIA-Blooming-Edition-Paradise-Jelly-Single-Glitter-Eyeshad_f11bd811dfc577c7b38817831f58c196e85af0ad_1666077101.png
Anastasia Beverly Hills,Highlighter Pressed Powder,Rp 771.000,(683),,https://image-optimizer-id.production.sephora-asia.net/eyJlZGl0cyI6eyJyZXNpemUiOnt9fX0=/images/product_images/zoom_1_Product_689304000123-Anastasia-Beverly-Hills-Highlighter-Pressed-Powder-Iced-Out_56d587b28485e2e3865deb5af8426c2c9bf8629c_1634613075.png
Natasha Denona,Bronze Eyeshadow Palette,Rp 1.399.000,(480),,https://image-optimizer-id.production.sephora-asia.net/eyJlZGl0cyI6eyJyZXNpemUiOnt9fX0=/images/product_images/zoom_1_Product_7290113700185-Natasha-Denona-Bronze-Eye-Shadow-Palette-Default_4b7aa28b20584bd82182c7d411110d804bed2563_1650967602.png
ESQA,Gleam Primer Serum Hydrating,Rp 115.000,(7),,https://image-optimizer-id.production.sephora-asia.net/eyJlZGl0cyI6eyJyZXNpemUiOnt9fX0=/images/product_images/zoom_gleam_e8ba168935c0aaf4c836f754134ab7ce2af1cb78_1653967502.png
Dear Dahlia,Blooming Edition Paradise Jelly Single Matte Eyeshadow Refill,Rp 300.000,(10),3 shades,https://image-optimizer-id.production.sephora-asia.net/eyJlZGl0cyI6eyJyZXNpemUiOnt9fX0=/images/product_images/zoom_1_Product_8809546846521-DEAR-DAHLIA-Blooming-Edition-Paradise-Jelly-Single-Eyeshadow-Refil_39504b3aa40b5608d02c02d8eae83f9df9de8d75_1673940819.png
Shu Uemura,3D Lash Care Black Mascara,Rp 630.000,(4),,https://image-optimizer-id.production.sephora-asia.net/eyJlZGl0cyI6eyJyZXNpemUiOnt9fX0=/images/product_images/zoom_1_Product_4935421793438-Shu-Uemura-3D-Lash-Care-Black-Mascara-Bk1_ec1b623a6647d8c4ac88b9bfe226b2aafde3cdd8_1657527337.png
Bobbi Brown,Long-Wear Eye Pencil,Rp 580.000,(128),2 sizes,https://image-optimizer-id.production.sephora-asia.net/eyJlZGl0cyI6eyJyZXNpemUiOnt9fX0=/images/product_images/zoom_E81102_Mahogany_2000x2000-removebg-preview_6eb1bd459c8ae038b44a738f98831f25b49bdd5a_1658479517.png
Huda Beauty,Silk Balm Spicy Thermo-Plumping Lip Balm,Rp 515.000,(79),,https://image-optimizer-id.production.sephora-asia.net/eyJlZGl0cyI6eyJyZXNpemUiOnt9fX0=/images/product_images/zoom_1_Product_6291107572932-Huda-Beauty-Silk-Balm-Spicy-Thermo-Plumping-Lip-Balm-3ml_1773df9ad4949cbed15e760225004361d5c06cf9_1678957682.png
Benefit Cosmetics,Starlaa Rosy Bronze Blush,Rp 315.000,(31),,https://image-optimizer-id.production.sephora-asia.net/eyJlZGl0cyI6eyJyZXNpemUiOnt9fX0=/images/product_images/zoom_1_Product_602004138385-Benefit-Cosmetics-Starlaa-Rosy-Bronze-Blush-6g_5a9aac9d0572e6aff999d702f21d09d18f4c04f6_1655876901.png
Huda Beauty,Glowish Cheeky Blush Powder,Rp 445.000,(48),,https://image-optimizer-id.production.sephora-asia.net/eyJlZGl0cyI6eyJyZXNpemUiOnt9fX0=/images/product_images/zoom_1_Product_6291107573038-Huda-Beauty-Glowish-Blush-Powder-Milky-Rose_b6754c64c0370b54d2df7e99b6e1fa0cf8052491_1686643663.png
Shu Uemura,Rouge Unlimited Amplified Liquid Pigment Lipstick,Rp 620.000,(4),4 shades,https://image-optimizer-id.production.sephora-asia.net/eyJlZGl0cyI6eyJyZXNpemUiOnt9fX0=/images/product_images/zoom_1_Product_4935421798600-Shu-Uemura-Rouge-Unlimited-Amplified-Liquid-Pigment-Lipstick-RD188_2661709004ee8513fb2850243c41df382174777b_1674715373.png
Huda Beauty,Silk Balm Honey Kiss,Rp 445.000,(40),,https://image-optimizer-id.production.sephora-asia.net/eyJlZGl0cyI6eyJyZXNpemUiOnt9fX0=/images/product_images/zoom_1_Product_6291106038088-Huda-Beauty-Silk-Balm-Honey-Kiss-3-3ml_ddc9192b74326a7dc153be8d783c6376e6670f6e_1678955714.png
Benefit Cosmetics,Terra Golden Brick-Red Blush,Rp 315.000,(239),2 sizes,https://image-optimizer-id.production.sephora-asia.net/eyJlZGl0cyI6eyJyZXNpemUiOnt9fX0=/images/product_images/zoom_1_Product_602004140883-Benefit-Cosmetics-Terra-Golden-Brick-Red-Blush-Mini-2-5g_3a9fd5389b3db6e50642399060fff7164cecf650_1653879171.png
Bobbi Brown,Extra Lip Tint,Rp 600.000,(635),3 shades,https://image-optimizer-id.production.sephora-asia.net/eyJlZGl0cyI6eyJyZXNpemUiOnt9fX0=/images/product_images/zoom_1_Product_207570-Bobbi-Brown-Extra-Lip-Tint-Bare-Punch_1cc72f84c1737f72bd1c378688ad17ae68b014f6_1640580436.png
Huda Beauty,#BOMBBROWS Microshade Brow Pencil,Rp 375.000,(743),3 shades,https://image-optimizer-id.production.sephora-asia.net/eyJlZGl0cyI6eyJyZXNpemUiOnt9fX0=/images/product_images/zoom_1_Product_6291106036640-Huda-Beauty-BOMBBROWS-Microshade-Brow-Pencil-Light-Brown_efb2c68b14848f74ce625e7e524aaba36c35190c_1678875878.png
Nudestix,5 Piece Mini Nudies Best Seller Kit,Rp 889.800,(4),,https://image-optimizer-id.production.sephora-asia.net/eyJlZGl0cyI6eyJyZXNpemUiOnt9fX0=/images/product_images/zoom_1_356a192b7913b04c54574d18c28d46e6395428ab_1673949279.png
Nudestix,Tinted Cover Foundation Mini,Rp 180.000,(16),3 shades,https://image-optimizer-id.production.sephora-asia.net/eyJlZGl0cyI6eyJyZXNpemUiOnt9fX0=/images/product_images/zoom_1_Product_839174007436-Nudestix-Travel-Tinted-Cover-Foundation-Nude-3-Update_524bbf06f031933c3d955e837eb70ea711cf56d4_1684738425.png
Huda Beauty,#BOMBBROWS Microshade Brow Pencil,Rp 375.000,(743),3 shades,https://image-optimizer-id.production.sephora-asia.net/eyJlZGl0cyI6eyJyZXNpemUiOnt9fX0=/images/product_images/zoom_1_Product_6291106036640-Huda-Beauty-BOMBBROWS-Microshade-Brow-Pencil-Light-Brown_efb2c68b14848f74ce625e7e524aaba36c35190c_1678875878.png
Stila,Dare To Be Huge™ Extreme Lash Mascara Duo,Rp 575.000,,,https://image-optimizer-id.production.sephora-asia.net/eyJlZGl0cyI6eyJyZXNpemUiOnt9fX0=/images/product_images/zoom_1_356a192b7913b04c54574d18c28d46e6395428ab_1700747651.png
Sephora Collection,Colorful Luminizer,Rp 360.000,(346),4 types,https://image-optimizer-id.production.sephora-asia.net/eyJlZGl0cyI6eyJyZXNpemUiOnt9fX0=/images/product_images/zoom_1_Product_3378872183013-Sephora-Collection-Colorful-Luminizer-01-Glitzy-Gold-350-g_c69449b977e60dae1618539c5d3b8068fa06d950_1677642578.png
Dear Dahlia,Skin Conditioning Cleansing Tissue,Rp 276.000,(4),,https://image-optimizer-id.production.sephora-asia.net/eyJlZGl0cyI6eyJyZXNpemUiOnt9fX0=/images/product_images/zoom_1_Product_8809546847986-Dear-Dahlia-Skin-Conditioning-Cleansing-Tissue-Default_cef47d272ac50a72d9ec74a76e633341737819a4_1702369203.png
Benefit Cosmetics,Gimme Brow+ Volumizing Pencil,Rp 475.000,(672),4 shades,https://image-optimizer-id.production.sephora-asia.net/eyJlZGl0cyI6eyJyZXNpemUiOnt9fX0=/images/product_images/zoom_1_Product_602004135278-BENEFIT-Gimme-Brow-Volumizing-Pencil-3_6646fb2a2d3d87b0bb952229556cdb718505c8f9_1662007333.png
Dear Dahlia,Paradise Dream Lash Volumizing Mascara,Rp 576.000,(12),,https://image-optimizer-id.production.sephora-asia.net/eyJlZGl0cyI6eyJyZXNpemUiOnt9fX0=/images/product_images/zoom_1_Product_8809546847337-Dear-Dahlia-Paradise-Dream-Lash-Volumizing-Mascara-10ml_eae8ff7d24c8c1485af4054e09eb634da73557aa_1681111088.png
Anastasia Beverly Hills,Glow Seeker Highlighter (Limited Edition),Rp 750.000,(20),,https://image-optimizer-id.production.sephora-asia.net/eyJlZGl0cyI6eyJyZXNpemUiOnt9fX0=/images/product_images/zoom_1_Product_689304241823-ANASTASIA-Glow-Seeker-Highlighter-Limited-Edition-Pearl-efd0bc_2ed31afc84b46c9a1891ba765d8fb14d688a7184_1705571444.png
MAC Cosmetics,Lovestruck Luck M·A·Cstack Micro Mascara,Rp 465.000,(1),,https://image-optimizer-id.production.sephora-asia.net/eyJlZGl0cyI6eyJyZXNpemUiOnt9fX0=/images/product_images/zoom_1_Product_773602701117-MAC-Cosmetics-Lovestruck-Luck-MACstac_98bf22e36bc5f689fe7482f10b30768d7b007c12_1707719301.png
Stila,All About The Blur Instant Blurring Stick,Rp 599.000,(4),,https://image-optimizer-id.production.sephora-asia.net/eyJlZGl0cyI6eyJyZXNpemUiOnt9fX0=/images/product_images/zoom_1_Product_94800361997-Stila-All-About-The-Blur-Instant-Blurring-Stick-6g_47d1ae64842359d4e9a11bce1a6578ec5dba9b93_1684984061.png
MAKE UP FOR EVER,Mist & Fix 24H Hydrating Setting Mist Holiday 23,Rp 560.000,(12),,https://image-optimizer-id.production.sephora-asia.net/eyJlZGl0cyI6eyJyZXNpemUiOnt9fX0=/images/product_images/zoom_1_356a192b7913b04c54574d18c28d46e6395428ab_1697423084.png
Clinique,Take The Day Off Facial Cleansing Mousse,Rp 550.000,(517),,https://image-optimizer-id.production.sephora-asia.net/eyJlZGl0cyI6eyJyZXNpemUiOnt9fX0=/images/product_images/zoom_1_Product_192333184073-CLINIQUE-Take-The-Day-Off-Facial-Clea_122a6c4d5ab948208324928b85b19ff60387d6f1_1709174861.png
Yves Saint Laurent,Dessin Du Regard Waterproof Eye Pencil,Rp 700.000,(7),,https://image-optimizer-id.production.sephora-asia.net/eyJlZGl0cyI6eyJyZXNpemUiOnt9fX0=/images/product_images/zoom_YSL_Dessin_Du_Regard_Waterproof_Eye_Pencil_a579910fd594579b6433dad7092e4b816cdcaa32_1711540274.png
Yves Saint Laurent,Lash Clash Mascara Waterproof Black,Rp 900.000,(617),,https://image-optimizer-id.production.sephora-asia.net/eyJlZGl0cyI6eyJyZXNpemUiOnt9fX0=/images/product_images/zoom_WW-51142YSL_LASH_CLASHW_alt1_d993eb2916ecfd1a56ae8781440253bdcfe326ca_1724381389.png
NARS,Afterglow Irresistible Eyeshadow Palette,Rp 990.000,(36),,https://image-optimizer-id.production.sephora-asia.net/eyJlZGl0cyI6eyJyZXNpemUiOnt9fX0=/images/product_images/zoom_NARS_SP24_SweetSensationsCollection_PDPCrop_Soldier_Afterglo_464e64f357cd1deae87ec377e65912dbca97bf19_1719287628.png
MAC Cosmetics,Pout Full of Posies Lip Kit: Red,Rp 795.000,(2),,https://image-optimizer-id.production.sephora-asia.net/eyJlZGl0cyI6eyJyZXNpemUiOnt9fX0=/images/product_images/zoom_1_Product_773602720323-MAC-Cosmetics-Pout-Full-Of-Posies-Lip_d3d3bb1d7f15d8e660542238fe407e61860cc7d5_1727689001.png
Clinique,Limited Edition Clinique Pop™ Lip + Cheek Oil In Black Honey,Rp 450.000,(56),,https://image-optimizer-id.production.sephora-asia.net/eyJlZGl0cyI6eyJyZXNpemUiOnt9fX0=/images/product_images/zoom_1_Product_192333228166-Clinique-Pop-Lip-Cheek-Oil-Black-Hone_9133e104a2673eb97f2feba29a62e7c973cbc5fd_1723429029.png
NARS,Climax Eyeliner & Mascara Duo Mini (Holiday Limited Edition),Rp 485.000,(2),,https://image-optimizer-id.production.sephora-asia.net/eyJlZGl0cyI6eyJyZXNpemUiOnt9fX0=/images/product_images/zoom_1_Product_194251148694-NARS-Climax-Eyeliner-Mascara-Duo-Mini_e1b83e08de1692307ca2da2525d2f6140df623c5_1730625272.png
Bobbi Brown,Lip & Cheek Oil,Rp 520.000,,3 shades,https://image-optimizer-id.production.sephora-asia.net/eyJlZGl0cyI6eyJyZXNpemUiOnt9fX0=/images/product_images/zoom_IMAGE01_H7AE03_Exposed_0fb4824bf9ac6814d1f7b8986e5d7f865652b4f0_1731321611.png
Bobbi Brown,Luminous Smoke Eye Shadow Duo Set (Holiday Limited Edition),Rp 950.000,(4),,https://image-optimizer-id.production.sephora-asia.net/eyJlZGl0cyI6eyJyZXNpemUiOnt9fX0=/images/product_images/zoom_1_Product_716170327709-Bobbi-Brown-Luminous-Smoke-Eye-Shadow_7624fcfa7796666be8077c1010a8a0ed3425903a_1731375756.png
Bobbi Brown,Glide-And-Glow Lip & Cheek Set (Holiday Limited Edition),Rp 675.000,(3),,https://image-optimizer-id.production.sephora-asia.net/eyJlZGl0cyI6eyJyZXNpemUiOnt9fX0=/images/product_images/zoom_1_Product_716170327853-Bobbi-Brown-Glide-And-Glow-Lip-Cheek-_6dd35aed8ac11bd7089706ba0a02ef9ccd9dfd65_1731382315.png
Bobbi Brown,Luxe Lipstick (Holiday Limited Edition),Rp 600.000,(1),2 shades,https://image-optimizer-id.production.sephora-asia.net/eyJlZGl0cyI6eyJyZXNpemUiOnt9fX0=/images/product_images/zoom_1_Product_716170327662-Bobbi-Brown-Luxe-Lipstick-Holiday-Lim_9b110c5c4365b03b4f81a6e96e0cdeaf88cb910e_1731310500.png
KAJA,Sweetest Pair,Rp 499.000,,,https://image-optimizer-id.production.sephora-asia.net/eyJlZGl0cyI6eyJyZXNpemUiOnt9fX0=/images/product_images/zoom_953870f1-010c-4306-bd88-c6f088675792_b1efaffd47bf62d2a92b76aa9b33b8b1ef6fe210_1742549337.png
MAC Cosmetics,M·A·Cximal Silky Matte Lipstick Lunar New Year (Limited Edition),Rp 450.000,(2),2 shades,https://image-optimizer-id.production.sephora-asia.net/eyJlZGl0cyI6eyJyZXNpemUiOnt9fX0=/images/product_images/zoom_IMAGE01_773602738168_LunarNewYear_MACximalSilkyMatteLipstick_fb680f43c3e1cd310181cd0f60ad612db37e2bb3_1738576744.png
Shu Uemura,Shavonne Wong X Shu Uemura Unlimited MOPO Loose Powder (Limited Edition),Rp 835.000,,,https://image-optimizer-id.production.sephora-asia.net/eyJlZGl0cyI6eyJyZXNpemUiOnt9fX0=/images/product_images/zoom_QzU8009mI_e2cb972a5d92ccacf184082a3b1646c04e952a13_1748425176.png
Bobbi Brown,Pacman x Bobbi Brown Power Play Eye Palette (Limited Edition),Rp 1.800.000,(1),,https://image-optimizer-id.production.sephora-asia.net/eyJlZGl0cyI6eyJyZXNpemUiOnt9fX0=/images/product_images/zoom_1_Product_716170327068-Bobbi-Brown-Pacman-x-Bobbi-Brown-Powe_b85f72baba61ae3243a10a07fb02f9cbe0b43068_1731314639.png
Bobbi Brown,Smokey Gleam Eye Shadow Palette (Holiday Limited Edition),Rp 950.000,(1),,https://image-optimizer-id.production.sephora-asia.net/eyJlZGl0cyI6eyJyZXNpemUiOnt9fX0=/images/product_images/zoom_1_Product_716170327693-Bobbi-Brown-Smokey-Gleam-Eye-Shadow-P_d51fd55baaeb5c9b04e3cad81e74632d57093ae8_1731309690.png
MAC Cosmetics,Pro Set + Blur Loose Powder Lunar New Year (Limited Edition),Rp 695.000,(1),,https://image-optimizer-id.production.sephora-asia.net/eyJlZGl0cyI6eyJyZXNpemUiOnt9fX0=/images/product_images/zoom_2_Product_773602738199-MAC-Cosmetics-Pro-Set-Blur-Loose-Powd_c1a74743276eb7fc44548ae30505a7e9bf8954a0_1738575815.png
Armani Beauty,Luminous Silk Hydrating Primer,Rp 1.150.000,(922),,https://image-optimizer-id.production.sephora-asia.net/eyJlZGl0cyI6eyJyZXNpemUiOnt9fX0=/images/product_images/zoom_01_GA_2024_LS_Hydrating_Primer_30ml_Closed_3614272257276_RVB_91b60c9d79dd499d90df72e0622ec2d89df6ca6e_1746431022.png
Bobbi Brown,Pacman x Bobbi Brown Luxe Matte Lipstick (Limited Edition),Rp 600.000,(4),4 shades,https://image-optimizer-id.production.sephora-asia.net/eyJlZGl0cyI6eyJyZXNpemUiOnt9fX0=/images/product_images/zoom_1_Product_716170329055-Bobbi-Brown-Pacman-x-Bobbi-Brown-Luxe_f622cb2dc17a0988b32b1f57733fbf63ab670de0_1731315772.png
NARS,[Amour Collection] Powder Blush,Rp 565.000,(11),2 shades,https://image-optimizer-id.production.sephora-asia.net/eyJlZGl0cyI6eyJyZXNpemUiOnt9fX0=/images/product_images/zoom_1_Product_194251146652-NARS-Blush-Holiday-Limited-Edition-Ch_b3572ae6b8e081252b261e5652d726479096ddcc_1738212056.png
MAC Cosmetics,Gold Tier Mini Lip + Lash Duo (Holiday Limited Edition),Rp 495.000,(9),,https://image-optimizer-id.production.sephora-asia.net/eyJlZGl0cyI6eyJyZXNpemUiOnt9fX0=/images/product_images/zoom_1_Product_773602718771-MAC-Cosmetics-Gold-Tier-Mini-Lip-Lash_7f38f49ad10bd6eee53d1ef754a62dec20dab72c_1731484621.png
Natasha Denona,Bloom Eyeshadow Palette,Rp 1.399.000,(340),,https://image-optimizer-id.production.sephora-asia.net/eyJlZGl0cyI6eyJyZXNpemUiOnt9fX0=/images/product_images/zoom_1_Product_7290113707542-Natasha-Denona-Bloom-Eyeshadow-Palet_d510ea2093b26ca8d8ab4662bd27f4ca2bde0a1e_1747275403.png
Anastasia Beverly Hills,Liquid Liner Duo (Holiday Limited Edition),Rp 534.000,(8),,https://image-optimizer-id.production.sephora-asia.net/eyJlZGl0cyI6eyJyZXNpemUiOnt9fX0=/images/product_images/zoom_1_Product_689304199315-Anastasia-Beverly-Hills-Liquid-Liner-_f0d77908c7228b70aecafdfa434b1ffe0e46c01c_1733715644.png
MAC Cosmetics,Lustreglass Sheer-Shine Lipstick (Limited Edition),Rp 495.000,,,https://image-optimizer-id.production.sephora-asia.net/eyJlZGl0cyI6eyJyZXNpemUiOnt9fX0=/images/product_images/zoom_773602743971_MacToTheFuture_LustreglassSheerShineLipstick_Ro_6db73ec41577b6af1e20392b5875770fe10b1133_1742532499.png
Laura Mercier,Artistry Icons Set (Limited Edition),Rp 620.000,,,https://image-optimizer-id.production.sephora-asia.net/eyJlZGl0cyI6eyJyZXNpemUiOnt9fX0=/images/product_images/zoom_zoom_1_Product_194250108705-Laura-Mercier-Artistry-Icons-Set_0f901227b1a2448530e01152b141d3865b1d1fe5_1758786097.png
Shu Uemura,Unlimited Fluid FDT + Mattifying Mist,Rp 1.377.000,,2 shades,https://image-optimizer-id.production.sephora-asia.net/eyJlZGl0cyI6eyJyZXNpemUiOnt9fX0=/images/product_images/zoom_Sephora_PDP_-_June_-_Bundle1_49e65296762b1d6f174e1f6b441f531c3c43cc6a_1750921446.png
